--[[ Noks Obf v4.2 | 2026-06-11 ]]
--[[ Protected by Noks Obfuscator ]]
local _qmEAZl = select("#", 5, 3)
local _Qj0W2xM5 = string.rep("_To7DA", 3)
if "" == nil then
    local _Lq7i7Tz = string.rep("_CaZ2d", 2)
    local _cCErU = string.rep("_Vg0xX4", 4)
end
-- [[ Noks | Anti-Debug ]]
local _ZV3e5R3yAP3OnGU = (function()
    if debug then
        if rawget(debug,"sethook") then rawset(debug,"sethook",function()end) end
        if rawget(debug,"getinfo") then rawset(debug,"getinfo",function()return nil end) end
        if rawget(debug,"traceback") then rawset(debug,"traceback",function()return""end) end
        if rawget(debug,"getupvalue") then rawset(debug,"getupvalue",function()return nil end) end
        if rawget(debug,"setupvalue") then rawset(debug,"setupvalue",function()end) end
        if rawget(debug,"getlocal") then rawset(debug,"getlocal",function()return nil end) end
    end
    for _,_fn in ipairs({"hookfunction","hookfunc","replaceclosure","newcclosure"}) do
        if rawget(_G,_fn) then rawset(_G,_fn,function()error("_pc1dYg5n4GjYa2fMeKy7lEfg8")end) end
    end
    if rawget(_G,"isexecutorclosure") then rawset(_G,"isexecutorclosure",function()return false end) end
    if rawget(_G,"iscclosure") then rawset(_G,"iscclosure",function()return false end) end
    if rawget(_G,"printidentity") then rawset(_G,"printidentity",function()end) end
    if os and os.clock then
        local _VK0zD3wFB1=os.clock()
        local _s=0 for _=1,500 do _s=_s+_ end
        if (os.clock()-_VK0zD3wFB1)>0.8 then error("_jWYbs8mJ3mLzBya0nFD0WlT") end
    end
    return true
end)()

do
--[[ Noks Layer 1 ]]
local _vrb1AT4 = string.char(91)
local _KA6dzolS2jD4Eo7E6A={211,187,187,189,140,196,166,186,72,119,61,105,22,119,31,97,3,91,39,120,24,58,34,77,24,23,29,228,247,237,239,200,203,206,133,165,167,167,171,232,175,159,155,131,176,158,100,60,58,116,84,80,73,78,123,106,102,44,3,17,
68,9,27,243,227,250,241,226,232,213,198,219,211,174,161,188,179,149,203,138,145,111,41,93,75,84,96,122,106,97,102,9,23,3,31,25,79,42,62,52,243,177,237,170,243,147,229,159,174,171,252,132,190,174,195,130,145,158,143,47,
125,124,124,69,86,21,83,35,47,36,97,82,73,31,23,7,85,165,185,188,177,150,221,218,218,220,173,229,133,184,147,175,223,152,49,95,74,98,96,79,68,5,101,9,1,54,52,52,56,91,34,31,10,209,227,248,233,202,196,206,
135,155,174,185,190,183,172,181,158,155,209,212,33,122,117,125,67,74,10,96,55,122,48,50,115,14,3,2,84,39,161,231,181,240,243,129,223,202,223,171,180,185,247,152,223,219,195,53,56,52,60,45,47,1,0,7,8,17,112,102,
107,114,83,87,79,83,178,182,190,242,141,136,200,223,148,231,185,138,246,134,169,217,199,167,195,113,114,105,118,77,64,5,76,44,41,62,120,34,64,77,20,27,29,93,224,243,238,235,208,200,155,203,162,165,167,133,202,139,131,158,
151,104,121,57,74,109,52,18,83,84,90,107,127,114,118,105,11,4,227,229,228,172,207,221,203,158,212,246,137,143,225,153,144,239,140,135,205,172,59,101,54,71,69,69,73,10,2,44,57,2,48,43,24,27,21,31,86,170,241,238,
241,192,211,213,175,170,224,229,240,137,134,142,144,153,217,81,102,43,97,99,19,81,84,77,99,24,112,22,68,1,2,80,236,249,236,248,231,217,134,201,142,136,146,226,230,236,243,210,214,204,44,60,59,32,16,21,24,1,0,4,
126,98,99,103,98,114,66,71,78,83,186,161,176,145,148,153,209,232,229,173,162,241,138,158,181,209,169,142,36,34,74,38,108,87,74,85,46,35,102,47,9,4,27,69,7,175,170,235,252,242,186,221,214,195,206,205,173,248,168,129,
134,132,152,47,102,102,99,114,71,94,6,109,66,19,111,54,57,63,118,92,81,85,138,232,231,254,192,201,137,242,231,139,254,159,129,145,133,130,199,147,188,138,109,37,123,65,73,77,7,6,32,61,30,7,20,28,7,17,19,163,
167,245,226,245,252,192,209,211,174,236,240,253,141,138,138,140,110,38,85,122,47,109,86,15,85,88,73,112,11,116,42,64,13,23,93,232,245,232,228,208,213,130,213,138,242,231,254,226,226,247,193,196,201,208,49,53,45,49,22,22,
5,15,115,118,102,127,99,85,71,94,66,64,87,161,165,174,176,152,134,149,140,241,244,229,239,211,210,198,223,195,63,39,62,35,34,0,9,13,20,13,112,100,36,116,65,1,6,94,221,242,209,173,252,211,128,158,238,138,191,164,
166,177,178,135,219,154,149,96,119,50,104,11,6,79,64,39,103,57,42,39,34,30,30,84,12,29,243,249,252,179,194,202,212,221,163,178,226,145,151,206,203,138,157,108,37,56,61,49,22,93,90,90,92,45,101,5,36,24,32,94,
45,231,232,204,206,233,197,251,141,235,222,205,152,224,175,239,185,183,151,141,101,110,63,78,18,9,103,64,80,41,32,0,56,57,20,20,7,115,17,238,245,251,242,130,249,228,207,130,175,189,253,130,161,150,189,163,172,48,78,111,
99,91,21,100,94,81,5,7,33,50,52,73,40,7,229,250,237,243,224,253,223,145,218,203,157,141,172,160,152,214,180,159,144,68,70,113,98,115,6,111,88,85,59,44,50,33,60,47,51,18,30,27,230,188,204,254,202,211,131,233,
206,164,163,179,181,133,205,174,175,131,202,80,33,79,125,67,92,10,107,19,5,125,17,89,55,34,0,53,225,251,163,243,208,212,255,225,238,132,149,182,178,171,165,136,153,67,108,97,96,116,13,1,75,68,91,90,58,59,57,52,
118,75,87,23,16,224,230,240,128,251,220,145,203,184,233,171,190,167,249,177,222,128,218,151,125,55,114,111,66,78,78,51,108,51,123,98,73,88,92,70,89,187,190,171,186,163,169,159,134,138,143,239,246,237,209,200,217,220,52,41,
56,61,33,57,18,28,30,7,11,15,127,102,106,110,79,73,77,182,168,176,188,141,156,158,129,128,132,254,226,227,231,236,146,218,215,159,144,35,71,104,123,7,119,88,106,116,20,112,34,18,24,7,28,17,84,236,251,246,233,183,
213,145,156,165,170,172,253,147,128,157,152,131,104,42,122,115,116,118,74,29,84,84,81,55,57,40,72,59,28,84,161,224,231,233,184,142,131,135,184,218,164,172,178,187,251,128,177,145,206,118,107,88,43,109,18,71,70,48,116,3,
35,111,9,37,31,50,31,13,77,242,209,230,237,243,237,135,150,164,160,185,164,137,152,173,154,159,103,107,59,63,125,69,90,91,72,41,43,55,117,72,69,5,2,225,231,230,174,205,211,150,212,206,151,221,191,166,248,131,204,146,
217,148,111,37,96,110,67,79,88,93,26,60,124,125,127,102,106,71,88,73,76,185,185,160,170,141,148,152,142,238,247,251,255,254,214,219,218,223,198,60,32,105,49,60,68,90,25,98,53,30,106,1,22,77,91,51,190,244,255,253,
250,249,203,158,215,208,221,178,253,175,244,193,128,148,154,34,116,111,122,86,85,69,15,71,86,46,60,49,118,63,30,27,26,28,245,173,197,234,139,134,207,192,167,238,227,230,250,226,230,156,155,155,157,125,53,70,105,111,85,107,
89,116,46,114,56,82,33,9,46,55,185,177,235,158,145,221,240,240,215,220,163,186,191,186,223,128,139,147,112,98,39,78,82,101,67,84,81,5,101,55,32,55,62,21,31,21,16,170,175,170,243,204,196,202,195,228,151,184,237,175,
165,205,151,154,139,221,94,58,108,62,75,72,27,86,51,38,34,61,23,64,23,71,76,84,188,160,164,181,172,131,134,150,143,242,247,166,246,195,131,132,207,91,124,87,51,75,93,6,0,104,4,78,38,36,51,48,5,72,24,23,
226,245,163,214,141,136,201,222,208,233,191,180,161,172,175,156,214,142,159,96,123,126,49,64,72,69,35,37,60,100,15,32,64,77,20,27,29,167,186,191,182,223,227,231,210,203,160,175,246,200,130,157,130,147,113,96,98,127,61,48,
14,94,89,89,95,46,119,4,43,94,28,1,160,226,231,254,176,250,133,219,145,220,215,238,187,166,187,183,129,132,211,132,52,63,48,17,21,25,0,1,116,121,97,96,101,91,19,91,86,30,17,179,200,239,196,128,248,200,235,245,
149,241,146,145,155,132,159,146,36,109,122,119,104,54,69,30,27,90,45,60,124,18,1,28,25,243,235,169,249,240,247,198,203,156,213,213,161,176,182,175,247,188,140,213,32,97,102,104,8,13,0,1,112,7,25,62,55,51,62,82,
66,66,87,53,234,236,232,197,214,250,220,175,162,172,240,229,211,198,228,251,165,149,122,125,115,82,123,9,26,78,34,60,41,46,18,0,29,4,21,188,165,161,165,167,146,156,139,131,136,143,236,250,240,179,139,157,147,101,83,102,
97,87,75,79,19,2,24,126,99,89,94,8,43,6,29,8,227,236,252,249,243,192,218,144,164,167,166,189,183,250,165,128,178,153,146,125,41,126,125,76,87,92,17,15,42,42,33,11,22,87,8,19,235,248,234,191,222,245,214,254,
205,209,176,249,191,188,141,150,140,210,81,110,101,121,66,78,69,72,14,81,90,60,39,61,112,106,124,60,46,209,192,231,255,192,202,207,202,143,161,170,163,160,178,192,181,167,168,178,97,120,124,88,79,68,75,82,39,34,119,58,
17,18,14,67,54,36,220,216,241,249,240,212,221,251,220,179,248,174,172,151,131,198,171,80,87,73,96,107,82,66,81,86,84,89,53,104,45,47,20,0,86,116,139,195,217,222,237,198,198,202,240,167,160,191,166,229,159,158,153,150,
143,50,43,124,108,77,75,120,120,1,111,121,122,102,68,94,69,65,84,78,164,160,176,177,228,229,234,252,173,190,137,176,143,136,153,210,176,103,96,127,102,43,3,87,71,86,80,19,17,24,118,80,83,95,83,177,178,190,163,150,
157,153,153,152,178,196,148,134,137,149,132,151,150,138,106,78,114,120,75,26,104,64,40,39,62,99,122,62,31,30,24,43,58,208,190,170,178,144,147,142,147,243,238,231,138,183,184,164,149,149,101,121,121,88,112,121,15,117,85,82,
45,52,104,113,5,21,4,237,214,207,206,184,166,156,152,157,132,143,136,254,230,243,242,232,254,190,172,83,79,110,65,72,92,68,124,91,62,112,18,58,53,1,0,69,84,24,240,248,246,205,228,229,131,242,241,253,224,224,201,217,
196,221,176,170,94,70,115,98,106,113,94,65,90,126,118,111,76,33,59,60,50,234,241,217,249,252,250,197,220,211,201,205,238,230,247,213,234,162,175,80,66,97,96,124,103,70,85,12,83,43,34,33,51,118,27,32,39,61,22,239,
235,223,207,200,199,222,252,134,166,161,190,167,217,192,148,132,149,147,65,80,89,55,17,13,9,108,118,125,121,77,87,92,88,88,89,207,221,194,208,243,195,223,227,201,222,173,171,172,221,212,198,212,52,41,3,4,84,117,122,122,
87,87,87,12,59,50,56,52,94,30,29,236,247,237,177,228,246,249,224,208,190,142,167,161,162,231,222,195,199,203,211,30,101,22,76,75,75,92,45,101,22,35,5,81,32,15,29,55,206,219,167,207,212,237,152,210,129,240,232,248,
215,235,137,134,142,99,106,42,104,103,120,72,91,90,88,85,31,36,112,117,106,109,11,24,245,240,251,227,130,249,228,222,243,222,189,253,181,158,161,189,163,172,220,97,106,125,61,126,107,89,108,42,48,120,40,27,29,38,56,39,
89,43,241,230,253,242,212,132,216,211,165,229,150,132,152,209,168,217,167,100,106,100,34,67,75,114,2,73,28,33,59,61,125,62,63,19,73,192,177,223,237,243,204,154,251,227,245,250,161,250,136,189,146,144,151,137,33,100,103,122,
2,121,111,71,113,49,36,31,101,27,91,30,31,10,78,201,248,185,252,207,193,154,225,135,175,248,184,140,183,221,163,196,153,103,98,38,81,113,31,101,88,79,36,43,46,126,3,8,14,78,220,194,226,189,229,199,252,134,248,143,
210,186,167,235,148,140,203,178,155,99,106,126,119,29,23,33,74,93,44,70,90,11,34,38,55,65,43,25,238,209,219,228,207,241,132,252,171,166,185,174,176,156,137,130,181,156,105,116,113,35,94,78,88,84,91,33,50,98,57,22,
9,8,27,237,231,226,184,231,177,167,184,234,247,205,128,190,172,236,132,175,129,178,84,83,54,124,4,119,118,74,3,122,122,4,54,56,54,67,34,42,60,180,247,166,192,237,215,234,199,178,250,170,153,174,164,186,165,207,174,156,
123,98,92,113,80,101,83,86,47,35,99,72,2,29,2,19,0,224,226,255,189,176,189,222,217,217,223,174,247,132,171,222,156,150,32,98,103,126,48,75,5,91,17,92,87,110,59,38,59,55,16,4,83,4,180,181,167,145,149,159,
128,129,245,240,225,232,226,245,223,195,198,214,207,51,38,55,46,19,18,16,113,116,120,96,104,87,69,92,64,68,85,191,163,167,182,175,130,129,151,135,243,235,229,215,200,217,221,196,41,56,60,39,104,3,14,86,89,26,97,39,
12,120,0,23,76,77,221,185,251,248,211,204,199,202,159,214,162,175,160,254,172,247,211,146,149,155,35,106,121,84,81,90,66,97,49,40,47,61,48,68,13,29,24,25,238,231,191,196,235,138,152,217,174,160,225,228,200,204,201,178,
180,111,56,120,125,70,44,99,4,89,80,77,113,17,49,93,59,38,13,192,237,255,191,247,239,208,227,229,226,128,152,178,190,175,153,155,138,191,104,109,100,121,9,13,79,88,95,37,62,39,61,56,67,70,83,27,20,28,245,244,
188,255,208,149,198,188,229,175,162,144,198,181,194,132,214,98,97,51,126,107,126,93,74,79,104,63,110,111,77,84,88,90,174,183,186,183,190,175,156,131,130,134,139,252,229,233,237,204,213,201,200,45,52,57,61,95,15,10,74,93,
103,20,59,8,116,4,4,95,73,33,189,247,237,239,200,203,206,144,161,174,171,188,250,145,194,207,150,153,159,48,102,125,104,85,71,87,29,53,36,43,50,7,72,9,1,28,228,234,251,187,200,216,153,148,221,210,164,252,241,244,
200,239,140,144,102,47,0,4,79,72,72,78,95,23,19,22,54,96,23,1,34,79,62,246,207,244,250,209,155,227,192,176,179,170,161,176,178,194,158,145,143,212,57,115,108,115,66,81,83,81,44,110,99,110,15,8,8,14,31,168,
211,228,169,227,225,145,211,214,207,225,154,246,168,194,143,132,223,106,119,106,102,97,91,4,75,12,11,16,96,100,104,113,80,71,77,82,179,183,186,179,146,151,155,210,154,232,168,191,244,135,153,170,214,166,137,42,39,71,35,81,
82,88,86,45,32,101,44,12,9,30,88,2,81,173,244,251,253,189,211,211,206,203,176,168,251,171,130,133,135,138,42,107,99,126,119,121,89,25,106,77,20,114,51,52,58,75,78,82,83,228,230,230,234,158,239,201,196,231,172,191,
167,188,186,184,218,222,156,139,108,101,111,118,76,73,3,105,100,36,35,51,53,5,77,46,1,68,6,239,182,252,241,208,151,228,147,181,231,162,142,196,129,156,145,157,123,126,57,110,33,29,30,7,11,15,110,102,106,104,79,86,
90,176,168,185,188,160,137,145,158,157,132,137,255,254,231,235,234,206,198,202,199,47,54,44,21,8,17,21,28,116,121,124,44,124,121,10,29,86,37,10,200,180,196,235,136,150,225,253,183,188,190,185,139,142,195,146,157,107,124,58,
96,51,62,86,89,95,31,49,34,40,21,22,6,76,245,228,235,225,244,187,201,193,220,213,219,202,251,136,175,246,195,157,146,100,45,32,37,8,12,35,114,119,87,114,5,51,1,108,44,4,61,21,27,240,182,207,207,209,198,200,
136,161,244,146,165,168,154,191,149,192,146,55,116,38,93,125,98,124,13,110,23,39,40,15,1,32,9,81,217,204,236,170,221,251,248,133,244,204,245,186,188,175,206,178,135,145,116,104,108,48,78,82,100,94,99,81,125,39,107,48,
106,25,22,57,56,177,170,219,242,212,203,205,251,173,170,191,163,183,220,135,128,144,150,151,223,114,109,114,67,80,80,82,47,101,40,40,74,7,12,71,82,23,237,161,195,251,250,201,214,217,223,171,151,169,184,132,129,212,128,99,
114,98,32,96,70,69,75,92,90,19,105,97,116,109,80,81,80,82,176,181,185,190,195,192,144,254,222,166,178,231,250,247,190,158,144,242,246,45,56,57,32,28,24,20,3,127,123,119,115,111,90,86,79,54,36,220,176,199,193,207,
244,240,244,157,252,248,244,227,223,219,215,211,62,58,54,50,25,123,67,83,85,84,28,31,33,42,109,32,43,74,36,186,195,250,215,151,236,198,228,129,138,133,190,167,172,189,159,150,156,211,111,96,109,54,10,64,95,64,32,51,
34,32,61,64,69,80,24,23,31,240,249,185,194,213,152,193,195,226,160,165,173,195,184,199,153,211,97,98,48,125,104,125,88,71,74,21,58,97,106,114,83,87,91,83,178,183,179,163,162,152,156,156,133,136,252,253,228,232,233,156,
223,218,154,109,38,85,107,120,4,116,91,111,121,17,109,39,44,31,24,27,30,83,226,254,251,236,138,208,146,159,166,169,175,239,150,141,152,133,134,150,45,101,116,123,113,87,24,89,81,44,37,58,43,75,56,31,70,164,237,226,
244,189,129,132,152,191,230,201,161,230,155,144,210,188,195,186,115,94,63,107,73,99,30,30,122,40,32,52,104,113,59,7,24,25,10,235,248,245,183,138,135,199,175,167,169,160,240,139,157,208,138,136,217,104,125,100,58,65,14,65,
27,86,45,103,34,16,5,1,30,3,173,242,186,169,185,160,155,158,128,131,146,250,228,247,231,211,154,213,32,96,103,44,79,81,114,14,110,65,18,127,15,107,41,42,1,30,21,24,173,228,244,193,214,128,218,153,229,172,163,181,
245,152,139,134,131,136,144,51,99,122,125,79,66,18,35,43,38,47,0,17,65,50,5,92,170,235,252,242,179,182,154,151,228,203,176,232,157,174,212,178,212,68,117,80,57,90,120,97,28,28,102,91,61,54,57,47,98,4,25,17,
229,170,203,227,211,192,238,216,216,204,192,162,189,181,187,131,211,168,179,185,74,76,117,70,73,82,9,25,63,124,47,108,29,23,100,120,26,21,236,242,251,187,249,193,214,223,180,173,167,179,193,130,140,153,185,99,107,98,102,126,
104,64,95,88,73,23,36,59,40,73,110,97,20,231,165,249,238,214,152,154,128,132,150,191,167,182,185,251,173,145,140,137,114,106,57,66,85,107,89,124,37,112,34,118,53,103,45,13,50,51,74,190,209,203,204,232,193,216,209,181,
173,129,164,133,142,224,231,151,107,120,106,122,113,59,64,87,76,2,112,106,106,125,21,13,12,16,162,244,239,250,231,213,197,143,236,195,245,160,133,191,234,136,205,158,204,71,103,72,90,19,8,111,125,98,15,46,46,63,35,4,
61,29,28,118,137,240,245,238,196,133,219,219,182,179,184,160,195,184,159,161,131,166,107,38,124,32,123,17,115,91,124,5,116,116,27,49,54,34,11,226,235,255,231,223,248,219,144,209,214,216,219,176,183,185,235,239,150,145,97,103,
102,46,69,82,69,76,71,33,35,62,116,42,57,28,26,15,24,196,214,202,182,210,202,131,181,202,174,173,239,140,160,170,185,160,145,154,124,111,45,69,91,3,88,101,50,42,23,127,23,15,14,1,121,129,133,224,247,249,193,221,
157,223,200,175,181,174,183,141,136,194,214,35,88,67,73,109,124,69,86,89,66,121,9,47,108,63,58,6,22,35,172,225,238,246,153,227,206,220,176,186,163,169,252,241,205,148,155,157,212,24,31,19,110,65,71,87,83,107,33,62,
33,7,28,5,31,26,161,164,177,202,209,219,251,226,211,216,175,188,239,135,153,210,137,91,116,100,81,62,75,94,93,121,108,115,123,101,32,13,109,22,71,29,75,233,189,207,201,215,203,195,222,218,172,174,165,253,240,206,151,152,
158,215,8,30,18,111,64,70,71,44,108,46,57,62,6,29,4,30,27,81,167,178,201,210,216,235,227,210,217,174,189,232,184,158,221,142,171,117,101,80,63,74,75,79,67,80,12,85,98,5,15,104,47,82,58,206,226,191,182,212,
204,218,206,222,219,164,171,177,162,242,247,211,146,149,155,42,13,21,41,123,96,106,8,17,32,43,60,47,94,54,8,67,24,37,227,251,198,162,205,209,208,202,205,173,162,133,239,140,131,149,255,0,98,125,117,123,67,19,81,78,
81,32,44,53,15,10,72,14,244,236,229,233,212,245,250,134,194,218,147,197,218,190,189,255,147,148,193,61,91,114,103,103,17,123,73,94,1,11,52,63,1,122,27,27,18,21,95,230,253,232,213,214,198,157,164,171,173,199,216,148,
143,131,157,128,110,74,64,71,51,111,88,17,54,74,77,36,50,2,4,5,77,221,203,226,185,192,247,205,195,242,131,207,214,131,238,164,221,147,150,143,106,118,121,108,65,67,4,109,71,68,57,42,61,35,24,17,25,29,14,225,
142,147,148,140,136,137,233,176,167,189,167,188,128,203,128,145,157,158,115,96,107,60,8,70,86,69,97,51,32,63,66,42,3,0,23,244,171,164,179,255,254,209,216,204,212,162,180,171,253,151,140,136,222,78,111,100,107,59,45,34,
67,92,84,45,60,116,62,41,14,22,13,20,238,235,169,243,201,234,195,192,166,239,226,197,218,222,128,159,151,153,144,32,74,96,106,73,19,115,10,46,23,11,45,44,34,46,82,55,5,237,231,253,246,251,159,219,220,202,233,237,
188,171,140,133,158,135,108,105,35,38,51,68,67,83,85,84,28,14,33,100,38,28,69,28,17,240,166,213,179,213,135,194,193,147,161,188,177,189,170,175,217,142,206,203,45,39,42,43,14,23,27,15,111,118,123,126,46,65,76,20,
27,88,210,229,206,186,194,213,157,139,227,255,181,190,173,138,137,140,193,103,96,109,98,60,110,4,17,80,87,89,97,36,63,42,23,20,21,95,247,230,233,227,193,134,207,223,218,219,172,165,253,134,169,219,214,159,144,102,47,51,
54,10,45,34,38,27,49,59,56,98,32,89,29,36,56,30,221,211,223,176,244,207,200,214,161,171,174,221,130,137,128,131,145,41,82,104,98,113,43,123,2,86,111,3,52,20,26,38,73,63,232,237,235,231,254,241,218,222,140,234,
205,128,162,135,189,232,138,207,156,206,69,101,74,100,21,6,105,99,21,11,34,41,1,49,7,17,29,20,27,241,228,145,150,170,248,197,183,172,254,133,228,137,184,172,146,186,188,75,60,85,117,114,92,69,6,96,55,9,44,49,
3,94,4,72,226,184,203,243,212,238,159,156,243,233,238,145,184,163,156,140,139,147,114,36,87,117,86,77,31,100,5,89,27,15,49,25,31,27,93,35,9,30,237,235,236,193,214,205,194,162,188,244,252,219,220,227,156,151,130,143,
125,125,55,68,102,84,80,10,9,112,36,29,32,6,38,40,52,140,131,235,252,242,144,166,223,216,216,222,175,248,186,149,138,139,137,104,106,103,45,124,77,108,71,94,90,18,102,89,94,82,51,27,27,29,236,164,215,234,198,209,
197,228,225,130,186,184,226,134,133,221,206,179,137,158,99,113,114,71,10,70,88,54,109,97,43,23,8,9,26,27,25,229,167,186,183,247,240,215,217,208,224,155,173,224,154,152,201,139,109,116,42,81,62,96,11,70,93,23,82,32,
53,49,46,19,76,2,69,176,169,184,188,149,138,147,153,158,246,251,255,174,254,251,148,155,216,163,116,95,58,66,85,14,24,99,127,53,62,60,59,9,12,65,16,31,26,226,188,238,181,128,208,215,217,225,183,172,170,151,148,132,
206,134,102,105,99,118,57,79,95,90,91,93,52,125,6,41,72,69,12,16,230,175,162,167,138,173,162,166,236,192,171,164,184,145,140,164,133,143,205,81,107,40,48,116,79,89,71,33,43,46,114,53,54,0,3,17,88,35,230,242,
237,241,232,245,254,206,180,246,154,160,209,201,173,134,159,100,105,116,41,108,110,68,80,51,52,72,26,45,57,22,10,35,47,199,247,253,191,195,198,158,158,247,215,208,190,167,228,130,149,184,138,175,101,48,98,39,68,22,109,77,
114,12,125,126,17,11,61,55,28,21,17,194,249,246,241,208,134,245,200,164,179,167,134,180,172,156,134,196,168,99,35,59,77,111,64,88,73,78,35,52,62,49,0,30,86,48,240,198,252,193,243,174,197,137,210,136,251,176,151,158,
239,204,163,168,175,69,110,103,99,112,90,77,94,71,57,71,88,92,43,56,6,3,8,16,162,217,236,248,215,203,226,144,128,184,186,224,132,135,223,251,252,156,147,118,28,19,114,77,84,90,83,99,33,62,14,7,28,5,31,26,
169,224,250,193,252,214,198,158,147,180,203,222,183,176,128,134,135,32,91,97,67,36,109,31,117,115,118,74,59,28,38,54,106,95,51,9,30,244,238,242,199,138,198,201,199,237,225,171,164,187,186,154,155,153,148,214,58,55,119,112,
64,70,80,96,27,60,113,43,24,73,11,30,7,170,209,190,224,186,247,221,151,210,207,162,174,174,147,204,147,212,53,41,56,61,32,57,27,28,2,26,11,15,101,42,114,127,7,23,92,223,240,211,175,254,209,130,156,236,136,185,
186,160,191,180,136,221,148,147,158,113,48,106,9,4,77,66,37,101,59,40,37,19,24,0,82,2,27,237,255,242,181,252,204,214,223,161,176,224,130,149,204,201,136,159,98,35,38,59,63,16,38,58,104,82,112,96,16,106,56,38,
43,14,244,203,249,225,165,136,252,199,193,223,169,163,182,234,189,190,152,139,153,32,91,97,82,21,109,31,117,0,5,57,59,28,38,7,91,93,36,18,5,241,165,195,212,234,201,236,166,243,161,245,133,215,172,140,179,178,58,33,
86,68,75,100,81,64,72,19,45,35,56,107,108,96,50,235,201,190,198,164,255,233,236,192,194,245,160,184,236,242,163,139,149,146,115,56,86,106,108,86,123,73,4,47,115,40,98,17,57,49,48,73,82,197,198,201,211,192,200,204,
253,173,170,165,188,242,184,130,160,199,191,58,72,86,91,111,85,123,73,81,117,107,6,43,22,10,3,0,230,186,255,253,230,242,166,185,189,231,213,143,225,145,235,185,167,185,141,119,72,122,98,23,9,100,90,71,91,37,62,49,
27,51,29,26,11,64,194,234,246,241,208,149,132,200,177,168,166,157,148,170,196,192,216,200,208,33,60,19,20,40,122,83,113,118,14,124,7,33,36,24,26,61,248,224,164,186,219,249,223,193,220,207,252,162,168,171,135,198,181,150,
76,51,67,57,75,106,111,67,65,118,61,61,97,119,27,14,24,14,67,176,140,131,150,209,194,223,218,182,166,236,143,189,151,217,185,195,161,191,66,101,111,80,82,74,15,53,74,34,37,43,110,97,0,31,23,25,225,177,243,236,
243,209,194,211,209,172,230,182,180,177,130,136,155,44,33,6,25,29,69,66,82,84,85,29,13,6,47,106,45,1,1,58,211,232,189,199,149,209,200,133,137,141,191,176,162,176,179,149,216,148,155,117,63,51,121,86,73,72,52,45,
39,34,120,125,73,1,30,22,24,226,178,201,238,163,217,202,155,217,172,181,235,191,200,158,204,153,107,41,100,97,116,112,92,65,30,65,9,116,123,106,111,86,75,77,177,180,164,189,160,148,212,132,145,209,214,238,141,162,129,253,
172,131,208,206,94,58,111,84,86,65,66,87,107,42,37,48,39,66,24,91,86,31,16,247,183,233,250,215,210,206,174,228,188,173,131,137,140,195,146,154,100,109,115,98,50,65,71,30,27,90,45,60,117,72,77,65,76,222,213,252,
185,222,242,208,235,226,217,140,168,226,174,191,234,205,174,149,115,109,106,96,68,24,79,76,93,53,47,68,91,95,5,63,6,67,52,24,249,221,204,207,146,207,140,184,161,252,227,133,142,131,141,153,152,159,124,96,42,68,107,122,
72,109,39,114,32,101,6,84,47,15,48,194,187,160,215,197,251,237,220,207,239,215,189,187,183,142,129,155,142,33,90,89,120,22,105,77,84,119,102,36,121,52,102,34,59,65,86,63,239,232,246,239,156,250,221,227,178,151,173,248,
186,238,140,222,181,149,186,84,37,54,89,115,116,123,82,57,6,38,33,13,20,74,49,34,242,191,192,244,237,222,224,219,142,219,241,189,189,232,207,177,155,159,108,117,122,111,96,66,69,76,74,10,10,90,93,81,46,5,1,12,
15,239,165,214,206,215,146,229,201,200,130,155,160,229,176,221,137,144,205,246,9,112,119,121,43,47,32,19,111,102,8,33,27,71,86,79,71,87,224,249,250,253,239,128,157,205,210,177,233,184,177,150,202,134,139,101,115,39,125,122,
112,68,68,29,50,53,61,58,58,60,13,69,37,47,192,203,238,224,238,144,227,152,245,255,184,232,174,239,190,204,152,146,177,104,107,127,54,11,6,70,80,32,38,39,111,12,14,61,60,37,20,26,224,220,225,223,217,139,215,213,
142,175,164,186,203,206,203,131,156,107,109,124,52,71,72,114,93,97,85,18,28,45,43,81,49,60,66,238,236,199,230,202,205,132,153,148,212,162,178,180,181,253,190,184,151,138,115,119,121,42,106,20,104,29,62,30,120,25,105,53,
6,61,28,23,24,186,191,144,151,143,139,155,249,170,171,167,239,149,157,141,148,254,0,97,126,118,120,113,18,105,127,79,122,44,48,48,15,81,32,184,235,238,231,248,169,196,198,247,220,213,209,250,255,208,215,207,218,219,183,102,
102,103,84,76,8,78,81,70,105,47,54,117,114,78,20,31,22,18,162,191,169,191,207,206,197,165,183,232,173,163,197,157,133,152,155,217,124,119,117,110,109,2,66,72,86,45,32,124,49,17,9,8,89,143,128,225,254,246,248,194,
146,233,204,249,139,147,139,232,176,158,202,103,93,106,91,45,97,91,76,70,92,36,41,124,56,63,41,91,95,29,10,237,228,232,201,203,198,132,232,229,165,162,178,180,134,206,173,130,199,133,110,55,125,112,81,24,99,108,50,104,
37,15,69,0,29,16,28,248,253,186,237,162,158,159,134,138,136,239,225,235,204,213,216,220,124,44,41,105,126,6,117,90,105,21,101,59,120,102,6,98,16,12,14,233,234,239,179,194,205,200,223,153,176,227,238,183,184,190,207,129,
146,143,138,102,118,60,84,69,74,81,36,107,42,34,63,5,11,26,90,41,255,166,179,242,245,251,157,144,149,233,206,193,130,151,162,177,169,82,49,89,119,36,113,114,77,100,25,109,86,39,49,62,12,1,68,27,224,233,250,232,
130,249,220,233,234,242,155,248,128,174,237,151,173,154,171,46,66,112,113,77,64,77,16,54,52,63,43,114,56,29,40,43,51,43,167,199,225,170,199,253,219,234,239,134,166,178,141,148,215,173,157,107,100,125,32,57,125,66,91,85,
110,7,23,113,111,81,73,91,78,174,180,186,167,178,248,221,232,235,243,156,231,135,161,234,135,172,155,170,47,81,123,127,76,85,90,79,49,34,37,44,42,106,92,94,64,114,117,236,250,250,252,205,133,229,221,155,163,242,183,144,
181,219,160,187,152,99,35,98,37,88,67,84,78,84,47,34,116,48,7,17,66,70,229,242,229,236,231,193,195,222,156,145,156,189,186,186,188,141,197,165,138,63,125,119,63,69,72,89,15,108,100,58,112,61,54,124,24,5,24,20,
243,229,178,229,154,151,134,142,242,240,231,246,228,196,221,192,196,133,36,49,113,118,61,126,66,97,29,29,50,97,110,62,90,24,27,246,225,226,247,186,251,197,208,199,145,203,232,246,191,176,134,198,137,154,119,114,121,97,4,92,
77,82,88,93,99,50,58,55,62,19,2,82,33,246,175,187,250,205,195,130,135,237,225,198,217,139,138,180,148,205,128,142,64,38,85,86,77,73,8,73,109,17,34,19,13,10,0,21,73,239,236,253,230,252,189,237,213,227,219,250,
174,168,141,211,168,163,111,107,59,122,62,82,64,65,93,80,93,115,38,36,47,59,66,40,24,38,230,191,242,211,246,152,227,248,170,166,254,167,251,154,129,158,153,136,195,93,99,85,111,114,64,10,40,124,47,125,22,7,40,41,
64,91,60,221,194,222,255,255,223,195,211,247,170,160,180,192,187,139,181,149,61,112,126,67,37,101,102,93,89,9,72,125,3,41,62,13,20,12,225,246,237,226,194,220,148,156,187,188,231,227,242,152,187,179,150,253,242,147,108,123,
125,76,4,119,64,14,28,43,7,33,35,91,36,33,64,0,190,196,170,246,244,247,221,196,180,236,225,198,235,236,133,130,146,103,102,46,116,99,116,76,71,94,84,81,99,48,53,4,1,41,17,237,173,160,135,152,175,245,255,240,
251,222,161,158,224,147,232,178,207,136,56,126,63,127,15,115,64,94,88,36,38,43,111,48,10,3,0,18,91,32,242,201,208,241,200,206,204,136,189,139,181,204,176,131,157,155,148,103,106,46,113,122,115,71,93,28,31,33,26,53,
57,13,58,39,245,243,185,217,196,184,253,198,192,222,217,188,177,229,186,129,136,138,152,33,90,71,96,86,87,91,76,7,14,120,12,97,45,13,68,61,86,42,233,247,240,255,205,192,148,216,163,170,185,171,216,238,226,176,182,134,
195,122,127,119,112,22,126,1,82,39,46,33,112,52,15,25,7,16,235,238,178,245,246,192,195,209,152,227,182,146,129,153,177,210,186,135,52,97,83,108,116,9,125,70,64,94,46,60,49,101,58,1,25,10,24,161,218,249,199,199,
158,211,221,145,247,132,135,188,184,223,134,218,174,149,98,124,123,113,68,24,92,95,46,53,47,110,60,11,36,54,17,194,252,230,165,210,207,135,207,136,234,239,147,179,173,139,132,134,154,62,97,106,99,96,77,38,57,81,86,88,
91,95,80,49,14,21,27,18,162,224,255,241,192,211,194,192,221,232,168,181,167,172,159,158,140,184,145,109,62,51,20,43,47,117,110,1,10,47,33,41,95,36,71,50,79,249,169,239,174,255,155,228,223,211,173,176,190,247,202,199,
180,137,85,68,93,124,114,105,100,73,119,65,7,0,51,55,49,20,3,83,86,163,216,238,204,204,240,196,227,254,190,184,226,130,143,231,160,147,151,145,116,99,51,54,3,120,101,45,48,57,61,50,97,32,94,50,71,3,43,166,
223,160,204,199,218,212,201,166,239,226,234,237,225,179,181,133,49,103,122,122,117,24,121,14,85,88,41,63,97,13,6,10,4,246,225,160,165,176,250,223,234,233,241,233,249,129,175,236,185,187,149,172,197,81,98,113,79,82,77,4,
25,101,22,46,8,48,97,23,1,36,74,49,219,248,244,172,213,157,238,165,169,167,186,181,205,192,205,174,153,69,87,112,92,106,104,2,125,104,9,57,118,11,90,54,13,1,238,243,236,165,184,159,163,203,220,210,176,180,218,187,
180,188,130,148,220,95,115,120,68,120,111,111,26,71,98,121,58,98,48,110,5,78,40,50,29,176,253,223,144,229,155,227,139,244,167,189,231,181,210,140,220,164,159,97,119,114,105,76,87,93,76,48,33,44,103,34,10,7,3,20,
229,254,166,244,227,244,204,199,222,212,209,252,241,214,233,237,129,155,33,107,102,121,49,121,94,96,66,103,44,121,59,111,60,110,50,26,61,196,181,166,216,242,245,236,195,163,164,166,171,182,246,159,135,150,153,219,151,125,124,121,
97,72,85,21,104,101,59,40,22,19,24,0,82,19,229,235,153,158,146,220,219,219,221,172,228,134,183,145,214,147,159,108,124,88,62,96,64,71,77,14,71,87,126,23,48,61,18,5,26,9,228,247,131,151,171,207,204,142,220,168,
191,239,140,189,171,195,142,138,146,122,71,41,111,70,73,75,30,54,46,47,32,114,15,2,11,22,54,224,252,188,177,188,210,208,205,200,179,171,233,187,140,130,224,231,10,107,100,108,114,123,12,111,118,81,69,112,38,20,106,4,
43,59,79,241,247,238,179,252,205,219,156,201,197,162,170,134,232,174,150,153,155,199,71,108,116,122,100,79,88,93,55,4,35,38,63,12,68,88,18,13,18,242,225,240,242,207,141,147,158,174,169,169,190,143,199,180,155,206,115,113,
48,114,119,110,17,106,21,75,97,63,52,126,11,22,11,22,241,244,163,244,164,154,128,129,133,143,225,224,229,224,241,216,193,214,207,51,54,38,46,18,22,7,30,116,125,96,97,100,104,65,73,71,85,76,176,167,182,175,147,151,
151,142,242,241,231,247,212,196,213,199,216,201,60,37,57,40,44,4,75,19,30,38,41,123,0,23,60,72,48,240,163,189,205,169,218,217,195,220,215,218,252,181,178,191,144,206,141,214,35,98,101,68,4,90,73,68,65,59,35,113,
33,56,63,30,19,84,29,237,249,248,254,215,143,244,180,237,232,169,190,176,192,197,216,220,243,7,27,122,117,125,67,91,27,96,21,5,127,3,37,13,94,7,234,206,186,210,251,174,235,143,233,208,206,241,173,169,177,153,181,204,
114,99,100,110,42,99,64,67,85,115,80,60,33,34,25,54,26,27,31,48,229,196,240,193,215,219,132,152,163,188,163,178,161,131,129,156,222,211,222,127,120,120,126,79,7,99,52,121,51,49,65,3,6,31,81,42,166,248,178,255,
244,190,218,199,218,214,177,171,244,155,211,218,192,48,52,62,33,32,37,19,2,11,1,22,126,98,103,119,110,82,73,80,177,180,189,160,144,149,153,208,152,230,174,161,242,137,174,180,208,168,143,212,50,69,33,83,80,90,84,47,
34,103,46,57,7,24,70,4,95,90,234,253,243,187,237,209,204,201,178,170,232,169,128,135,133,136,223,101,101,96,113,119,95,7,108,67,18,31,49,54,56,73,76,65,84,139,140,128,225,205,197,203,194,146,233,186,158,224,141,162,
169,197,141,139,108,125,108,71,18,24,118,71,50,117,48,60,60,44,57,95,1,16,23,242,174,222,245,206,192,255,212,179,182,189,142,138,143,134,138,218,47,109,122,125,116,111,89,91,86,20,105,100,53,50,2,4,5,94,221,242,
183,245,239,135,205,192,193,151,228,252,162,248,181,142,213,144,141,96,108,123,109,10,93,29,28,30,118,123,126,127,110,91,92,69,72,76,253,188,185,249,206,133,246,202,153,229,149,186,200,214,182,210,128,131,126,121,122,127,50,67,
93,88,79,105,51,115,126,7,8,14,78,241,226,255,250,225,249,140,196,213,218,208,180,251,186,178,143,134,155,138,42,89,126,39,3,66,69,75,26,96,101,121,94,81,85,24,19,89,19,238,241,186,193,224,207,211,143,176,138,252,
170,157,169,221,131,133,156,220,126,103,57,115,78,66,26,97,20,4,126,60,34,2,89,24,28,207,187,211,250,175,232,145,218,203,157,175,185,174,254,189,151,187,204,89,126,125,62,81,95,64,73,65,98,126,113,58,43,125,62,32,
56,74,225,199,254,173,212,200,236,152,135,166,251,149,250,144,136,144,153,141,149,46,43,42,62,86,78,94,81,99,47,34,43,1,41,0,28,92,160,173,227,240,237,232,192,216,154,219,172,162,209,213,234,238,135,111,103,105,96,48,
75,91,91,103,102,8,78,56,23,35,15,90,18,47,66,171,216,241,218,226,156,254,212,219,142,140,171,184,142,192,177,158,155,140,99,116,111,122,81,7,74,46,32,104,19,42,31,47,89,35,17,22,201,211,236,247,201,140,244,211,
222,177,166,191,148,129,154,214,182,108,103,105,87,124,107,93,70,117,82,87,63,51,115,119,5,18,18,227,240,225,227,254,141,128,141,221,218,169,175,190,246,133,170,206,140,134,223,101,104,110,0,123,4,90,97,44,39,109,56,37,
11,7,0,5,82,5,164,165,183,174,146,143,144,241,244,241,224,216,210,197,220,192,197,38,63,35,39,54,30,3,2,23,14,115,104,112,88,86,68,93,176,180,165,188,160,151,134,159,131,128,150,247,227,251,226,232,207,201,205,52,
40,57,44,23,88,0,13,85,41,106,17,38,13,121,48,7,92,74,34,169,235,232,210,205,198,218,239,166,161,172,163,206,156,199,210,147,101,107,51,101,126,107,65,74,82,96,48,41,63,13,0,71,14,237,232,233,239,230,190,244,
219,154,151,222,209,176,241,244,201,205,208,247,8,12,0,108,76,66,10,6,109,116,34,54,99,36,22,71,17,54,61,177,247,232,249,143,245,198,222,171,178,163,161,188,202,180,149,137,177,207,66,112,119,91,97,94,84,106,111,6,
33,63,16,7,9,26,23,245,165,199,230,250,250,222,219,209,216,146,186,182,169,177,132,155,138,44,86,101,125,123,83,66,64,93,30,98,29,53,63,50,9,1,12,25,228,165,230,236,130,150,160,167,202,174,173,239,140,165,154,166,
167,201,143,106,84,96,76,25,64,110,0,29,50,4,62,50,0,93,7,75,16,189,214,246,217,216,128,155,252,238,145,136,187,166,166,143,153,154,35,115,99,106,125,8,68,89,80,93,125,61,57,113,116,65,23,31,10,247,244,228,
191,198,201,207,165,185,193,197,253,249,248,140,131,154,147,152,98,98,58,45,102,6,72,80,59,103,20,45,43,29,40,70,63,1,236,167,255,174,215,230,193,154,202,173,230,185,188,145,130,142,129,14,1,5,124,123,123,76,93,21,
102,109,13,110,10,107,55,34,60,30,209,195,233,188,242,153,145,239,246,209,180,225,166,148,234,151,184,187,207,113,119,127,49,96,97,89,78,41,45,70,89,93,5,2,18,20,21,93,205,251,207,169,242,151,202,202,155,137,164,182,
139,156,209,166,145,106,121,126,103,42,51,92,83,77,22,112,121,105,115,80,73,89,172,180,161,134,153,157,132,128,145,242,220,186,242,165,185,172,135,146,149,223,97,104,126,78,64,91,12,82,60,105,61,35,58,51,11,17,2,19,
16,229,183,163,191,252,197,196,181,128,254,135,169,132,223,135,198,191,190,121,24,31,19,114,92,84,90,83,99,24,62,24,17,44,90,59,252,232,187,251,162,224,233,197,139,193,180,218,222,210,128,179,171,196,80,49,93,72,102,68,
123,105,83,6,28,127,120,0,63,61,7,24,9,76,173,246,249,215,140,133,243,172,144,254,157,224,164,159,182,188,153,172,96,103,57,67,51,124,85,105,119,20,121,61,20,61,39,2,39,233,254,160,203,185,168,132,130,153,138,147,
243,241,240,191,180,164,197,81,48,92,73,86,71,120,106,80,5,108,126,121,1,62,60,0,23,14,179,170,230,248,214,141,246,192,228,241,154,255,163,163,179,161,156,161,148,139,58,64,48,127,73,125,10,17,116,56,56,58,40,5,
56,29,2,165,214,188,165,176,174,154,137,144,240,237,245,215,232,236,224,178,82,74,50,94,39,67,111,104,82,101,127,50,103,14,109,74,50,28,30,245,234,251,190,140,200,207,217,154,234,148,162,134,224,139,193,133,141,164,78,107,
79,114,85,11,113,18,111,25,39,27,101,55,90,30,6,47,53,255,194,247,232,142,236,150,143,234,244,231,239,206,214,195,194,173,87,71,55,67,34,121,116,115,89,110,4,55,106,11,80,79,63,27,225,242,229,252,144,137,197,202,
196,159,147,189,129,239,140,209,132,140,165,79,106,76,113,86,8,114,2,110,24,38,26,100,7,93,1,1,32,50,254,195,246,233,143,252,149,140,233,247,228,255,207,215,194,195,249,1,5,109,30,17,21,93,90,90,92,45,101,5,
51,1,39,82,8,233,203,194,252,167,229,212,128,196,148,209,184,187,128,241,140,151,130,166,46,107,107,103,122,26,70,78,71,32,98,56,33,63,8,93,24,24,9,233,184,242,235,197,195,134,146,174,166,191,167,202,128,153,151,145,
212,32,124,116,109,117,15,94,79,89,39,76,82,86,15,8,8,14,232,168,211,246,206,173,224,130,236,137,222,161,154,239,140,212,188,202,187,52,100,54,123,86,93,73,58,61,64,43,62,39,121,2,94,6,14,94,235,232,187,246,
211,198,194,178,183,224,147,178,172,156,169,199,190,128,156,36,124,45,84,101,64,18,31,39,40,65,105,109,97,0,31,23,232,225,177,202,201,215,221,229,138,206,250,159,141,139,150,208,137,52,118,36,99,126,118,74,95,84,80,87,
115,13,27,50,105,48,22,29,19,194,179,232,201,243,158,212,138,146,166,191,189,177,141,129,164,159,159,137,99,120,105,107,115,72,85,46,48,96,60,36,76,99,100,120,124,227,232,178,248,245,234,147,216,213,236,160,181,185,133,138,
200,152,105,96,103,45,78,115,112,27,127,5,99,14,48,36,23,106,49,78,38,177,192,191,239,156,195,200,193,194,208,234,172,160,179,187,132,211,146,149,155,9,17,21,41,77,78,12,30,21,48,34,2,86,26,86,58,32,46,250,
164,245,175,237,141,224,128,159,169,171,156,217,146,131,161,184,117,62,67,106,38,106,15,71,95,94,81,116,7,49,3,37,80,10,235,201,192,254,165,235,210,158,194,139,148,159,170,184,136,239,132,192,180,86,80,125,42,67,17,91,
3,26,102,47,32,54,118,2,9,83,40,43,6,251,203,172,208,156,241,235,149,176,254,175,214,148,196,183,206,155,98,97,74,55,111,88,81,86,28,45,45,55,4,92,58,57,20,237,213,186,254,170,239,253,251,198,128,217,228,166,
246,133,192,129,151,153,11,12,0,23,75,64,10,113,98,62,36,28,99,39,99,56,34,44,9,183,247,173,239,143,253,151,211,163,190,146,238,166,143,142,129,211,154,109,104,76,37,67,112,76,86,110,113,53,113,22,52,50,31,89,
225,179,249,161,203,183,201,222,208,152,213,166,245,134,141,152,138,169,206,114,62,66,88,119,82,28,77,7,69,98,9,106,53,61,9,44,89,9,233,224,244,190,207,199,210,247,254,152,155,182,188,187,220,128,204,176,170,69,96,46,
127,21,87,20,103,98,35,36,59,105,110,98,10,29,236,134,154,157,145,245,215,149,215,210,181,246,133,184,184,211,167,204,90,55,104,124,95,29,126,6,110,9,9,102,54,121,41,9,19,20,94,234,239,238,250,226,203,199,135,237,
232,190,181,160,173,159,159,213,156,147,101,28,16,23,43,74,84,92,34,43,107,16,28,13,90,21,16,33,250,219,192,161,215,196,131,200,131,240,204,210,214,143,136,136,142,104,40,83,122,81,111,125,2,92,12,104,51,98,44,27,
84,14,10,83,250,182,167,255,226,207,157,221,247,167,161,225,155,238,176,132,140,168,205,46,110,41,34,124,74,72,1,124,63,38,28,29,26,89,60,13,73,254,191,201,226,251,148,210,223,230,180,141,158,216,174,158,217,130,41,100,
100,127,76,52,113,74,83,12,91,38,14,44,21,54,95,54,246,177,250,160,253,196,209,245,154,234,193,171,228,179,190,135,132,189,174,199,73,113,41,82,8,69,77,72,28,98,18,41,48,92,11,22,47,13,52,198,175,209,233,150,
213,182,202,205,193,225,204,197,171,130,137,213,102,103,124,115,105,20,58,62,87,80,32,57,48,64,59,2,4,179,202,188,236,169,199,205,155,251,134,192,248,189,188,189,226,188,140,178,112,85,111,58,73,29,78,28,119,36,11,10,
99,120,31,60,35,53,20,7,198,246,253,194,200,205,217,203,204,192,146,128,164,167,138,156,187,205,71,36,81,44,107,12,66,11,34,106,30,52,18,12,11,1,20,187,213,228,250,164,228,154,210,143,233,216,225,145,236,154,211,134,
150,103,37,86,92,96,107,78,64,127,1,3,120,21,96,47,103,14,79,30,174,194,235,242,204,152,255,200,161,178,165,188,224,248,133,138,132,223,164,122,81,94,76,19,77,12,104,32,113,63,8,84,14,27,66,11,182,162,175,204,
198,217,253,208,214,241,247,140,238,155,214,145,209,132,53,100,36,90,125,26,125,74,80,67,84,34,102,118,50,5,2,81,34,199,226,184,243,225,200,198,158,252,240,166,185,169,133,223,220,141,201,213,32,74,72,95,108,65,71,115,
117,14,125,8,84,19,83,21,68,21,162,211,251,244,243,210,136,230,201,143,181,139,185,212,142,210,137,50,65,105,78,87,38,2,117,103,104,126,62,45,26,50,13,10,8,94,221,215,200,195,199,201,230,152,251,255,138,231,160,224,
166,198,151,215,169,105,108,121,117,76,67,89,76,126,24,63,1,35,57,11,70,28,64,27,160,211,251,220,229,135,148,251,145,150,136,176,155,179,131,134,144,99,98,117,103,107,39,56,60,102,91,16,26,11,50,4,23,35,7,193,
255,165,217,205,219,197,210,216,221,240,142,191,177,239,174,195,155,198,80,97,46,86,19,93,28,65,47,46,108,15,50,9,33,32,25,31,12,219,238,216,230,140,224,201,208,174,250,157,170,135,156,131,130,198,39,99,116,98,49,66,
88,115,124,110,113,47,110,10,2,83,29,197,178,224,253,188,237,155,132,145,234,223,236,158,135,182,184,147,190,131,189,123,41,95,79,25,126,73,83,64,38,63,99,123,55,11,5,94,37,56,229,166,246,220,205,203,155,142,243,165,
186,170,183,218,193,136,199,208,46,77,112,75,82,115,91,93,78,10,63,30,24,74,43,3,28,234,251,176,206,225,215,222,227,209,140,214,235,176,234,153,129,166,184,49,42,77,95,64,103,70,85,114,90,38,33,32,118,5,56,34,
59,42,19,229,246,213,216,230,208,130,149,173,160,174,186,187,143,157,129,203,165,138,93,103,74,120,21,80,4,39,117,14,46,32,33,88,67,52,38,218,204,253,238,206,199,218,212,208,209,166,171,175,234,237,225,179,100,70,97,85,
121,117,96,89,71,5,109,25,125,1,50,44,10,26,16,229,185,215,247,201,151,230,152,208,254,152,169,231,159,234,149,196,153,144,153,52,71,121,99,76,112,85,18,15,62,56,98,49,60,64,52,4,228,226,174,193,254,252,192,215,
206,242,234,166,184,150,205,182,135,71,64,90,61,123,35,126,78,7,65,126,9,60,41,112,25,85,80,93,222,224,202,229,250,206,249,228,197,195,248,152,133,249,143,159,201,174,153,99,112,118,111,19,11,71,72,53,110,21,36,23,
33,59,92,26,66,46,241,160,238,217,150,204,200,145,184,247,224,254,189,131,169,134,170,111,88,69,100,98,40,103,98,22,127,47,57,54,47,92,58,29,48,242,215,237,184,250,159,204,158,245,213,141,148,229,246,153,179,165,187,146,
121,70,102,114,77,84,10,113,38,4,35,23,59,4,38,7,1,75,43,214,187,205,245,200,198,209,208,167,181,185,243,188,147,165,159,162,144,58,120,44,127,45,119,87,120,121,112,107,31,13,50,36,5,22,215,239,226,236,248,198,
201,195,199,178,181,216,138,151,176,149,148,139,156,55,79,57,92,17,93,125,27,122,102,26,57,39,49,62,29,16,68,34,235,254,168,209,151,199,146,237,164,242,130,255,169,223,130,155,146,216,82,95,120,109,108,80,84,15,119,113,
5,120,37,53,83,34,65,194,250,227,253,169,206,200,210,193,214,207,243,248,180,187,149,206,164,185,100,54,102,76,74,68,28,126,3,85,59,43,7,106,113,11,71,83,94,221,200,246,235,210,214,201,154,141,251,143,226,174,191,217,
184,219,173,146,47,64,127,125,86,73,73,13,109,41,46,23,76,55,42,23,69,228,206,255,249,169,211,133,219,204,196,144,228,247,166,209,206,203,95,74,101,120,97,101,75,24,120,6,122,124,40,0,110,23,76,52,20,19,236,245,
182,255,208,230,220,225,162,255,165,233,178,232,168,144,183,190,207,44,82,72,79,97,72,68,3,43,36,35,34,69,54,35,28,1,8,255,240,163,211,173,240,133,193,233,247,142,242,180,140,129,143,155,107,108,126,98,40,117,90,124,
70,107,89,101,63,99,56,82,33,30,193,192,185,162,228,246,249,239,222,205,158,166,187,181,177,176,150,132,136,245,9,17,21,13,9,8,106,40,41,37,71,88,92,53,43,3,78,16,228,252,251,173,212,155,215,218,171,172,230,154,
136,150,128,143,157,99,55,81,102,88,106,126,84,1,83,7,36,105,26,2,37,44,76,175,192,218,221,215,207,198,194,240,217,194,197,218,222,178,185,212,167,136,78,116,89,122,23,77,17,74,0,0,40,15,22,103,69,42,32,39,
61,22,248,244,222,207,220,136,201,169,160,167,199,235,239,227,177,183,135,51,101,120,120,119,41,127,0,83,38,47,49,115,49,10,0,3,246,199,183,216,247,245,223,192,193,133,149,190,177,175,244,191,142,188,187,81,54,96,56,119,
71,30,88,119,113,35,62,127,46,106,89,84,39,57,241,188,243,246,206,201,159,245,250,169,172,165,186,201,187,128,154,153,143,82,41,78,121,67,65,86,79,115,107,39,59,21,78,53,40,21,182,230,204,253,251,156,254,131,213,202,
186,135,234,241,152,212,192,244,11,15,3,81,102,86,19,69,88,88,32,102,31,96,51,6,30,17,83,209,234,243,240,214,229,151,248,166,164,191,160,161,229,194,158,145,143,212,78,83,126,44,76,102,84,82,114,8,125,35,21,29,
57,92,95,241,190,185,180,199,217,192,141,211,214,174,169,236,149,218,137,140,148,107,41,91,96,122,70,88,116,9,110,89,50,33,54,47,83,88,20,27,245,174,213,245,230,225,251,156,218,253,153,177,224,174,168,199,157,136,209,120,
36,51,20,43,47,35,96,6,54,115,37,15,7,0,70,63,64,226,247,254,241,179,226,217,214,209,176,251,132,171,173,151,186,136,50,96,52,119,37,94,79,112,113,8,19,23,5,10,24,11,10,23,60,236,235,228,253,132,247,233,
193,140,163,166,190,185,239,150,202,153,156,149,106,40,79,109,66,73,88,48,37,58,41,62,55,16,80,46,1,55,13,195,241,172,246,154,208,138,249,161,134,143,209,202,173,191,160,178,96,97,125,65,107,79,92,69,74,52,75,94,
62,49,7,109,97,137,141,165,161,176,237,204,204,221,193,209,238,176,183,168,254,202,155,158,153,119,39,111,73,64,77,0,16,113,57,53,113,34,48,10,23,90,90,13,231,226,248,244,131,211,211,224,166,167,180,240,128,141,138,148,
220,0,7,27,122,117,125,82,91,27,96,34,16,109,47,86,15,93,199,210,190,228,169,228,193,154,208,130,234,131,190,182,175,183,205,155,144,97,105,120,36,126,115,107,25,82,116,47,124,37,57,29,88,48,25,76,58,173,208,249,
193,200,220,196,238,154,159,143,229,133,171,139,192,129,149,72,36,84,117,40,102,22,113,33,60,0,56,0,9,29,5,93,182,166,191,187,156,147,166,223,216,216,222,184,248,131,168,170,128,140,55,119,125,116,84,65,92,31,125,11,
127,111,63,56,56,62,24,88,35,211,221,189,214,146,209,153,222,186,247,163,253,157,158,217,137,203,133,198,160,126,93,90,112,23,80,8,20,36,125,59,39,80,2,31,95,41,195,193,251,230,173,194,192,193,249,167,178,232,146,204,
215,227,228,11,89,124,73,74,99,123,24,96,78,13,55,13,58,11,78,50,16,14,232,231,229,251,159,249,222,224,194,150,172,249,187,239,188,193,178,154,189,68,36,55,88,114,117,97,91,35,42,62,38,16,6,25,101,122,126,211,
243,205,253,164,217,198,235,141,142,141,166,177,209,144,196,184,106,116,98,109,127,114,17,111,64,118,76,17,50,111,53,89,2,75,56,224,199,206,191,141,226,248,255,251,210,173,188,160,176,158,144,135,243,244,8,108,124,62,125,82,
100,94,18,32,125,39,107,15,93,54,22,57,56,160,187,220,206,241,237,223,223,174,178,162,157,130,149,203,155,155,109,98,26,29,17,21,110,67,126,101,5,6,109,13,27,80,13,38,225,208,165,223,252,193,194,196,245,133,155,180,
182,173,178,147,196,212,144,103,113,34,64,112,126,30,100,119,60,124,35,44,105,4,66,58,49,79,231,174,232,178,219,151,146,159,156,177,140,151,160,184,219,163,141,206,106,72,119,78,51,98,89,83,80,54,4,102,9,6,4,31,
0,246,186,162,254,241,222,133,238,230,224,136,153,229,174,238,145,158,202,150,48,72,67,18,66,16,94,27,107,1,3,57,36,111,47,6,15,63,25,244,166,212,179,218,150,130,202,205,193,197,143,162,174,181,181,165,206,93,107,32,
125,71,64,96,21,111,44,46,37,20,39,85,58,21,230,253,226,227,167,183,192,215,193,146,225,145,142,238,148,208,147,204,115,124,57,101,35,106,97,31,87,13,75,101,13,30,20,54,2,65,9,11,250,194,251,214,149,231,128,201,
247,224,237,142,163,173,182,182,166,205,173,106,33,124,70,65,112,18,16,43,33,34,21,33,84,59,20,22,254,225,224,164,180,240,214,192,147,224,144,129,233,171,215,156,220,114,125,56,100,34,90,98,28,84,14,72,99,42,101,114,
85,106,113,117,236,235,235,237,205,133,246,247,245,135,163,171,225,181,235,160,169,142,146,203,107,37,101,17,15,0,68,115,104,48,124,120,76,66,95,95,41,27,216,162,216,169,248,133,254,235,247,173,240,172,138,209,139,217,161,47,
0,7,27,31,116,76,106,82,3,70,39,10,108,47,44,7,18,178,243,167,221,205,207,196,218,243,139,157,170,176,163,180,173,198,214,146,101,115,49,66,114,124,28,102,113,50,122,61,42,103,2,92,60,63,73,246,172,234,176,255,
254,253,252,168,160,250,174,211,169,176,151,155,51,99,38,51,72,120,105,81,0,69,51,22,105,18,41,10,6,77,244,168,218,225,251,201,223,237,142,225,222,179,160,183,174,210,219,151,152,118,45,86,77,123,19,97,29,70,119,56,
55,98,62,95,63,60,74,26,184,231,178,194,233,235,193,207,244,180,190,183,166,128,157,222,188,219,83,74,80,89,117,69,6,90,12,14,31,35,55,86,14,67,100,138,142,130,208,240,206,201,136,205,203,238,225,154,145,178,142,214,
140,208,82,105,99,96,87,100,22,121,86,43,56,63,38,106,114,31,16,14,85,222,214,195,171,233,149,222,143,176,191,250,166,224,167,164,194,146,192,142,58,74,81,83,73,71,12,76,54,63,15,56,21,86,36,67,10,186,165,176,
203,251,244,212,141,192,206,147,230,149,150,141,137,217,137,45,87,100,102,74,92,104,13,98,93,46,37,58,43,111,79,24,31,9,170,217,200,198,150,236,152,219,244,187,180,225,189,235,162,185,199,159,197,96,58,99,44,11,44,50,
54,74,24,40,22,1,80,21,3,38,185,194,217,250,246,174,196,152,249,209,174,169,169,226,132,130,159,72,97,105,96,100,124,106,66,93,90,75,21,13,55,13,111,45,69,28,78,197,208,188,201,156,217,199,132,214,253,157,248,223,
208,231,151,152,158,244,8,30,18,50,14,7,101,33,41,45,108,60,4,11,8,29,127,112,135,205,250,213,199,192,253,203,201,242,141,143,214,158,217,187,222,83,96,126,120,119,117,75,15,105,78,112,35,6,60,105,11,95,27,177,
194,234,205,212,148,135,232,226,229,132,175,191,179,159,176,146,149,151,154,103,13,21,41,77,78,12,30,49,7,61,0,50,92,6,74,17,75,56,241,214,223,174,141,253,239,144,138,169,161,132,160,135,140,147,153,111,106,50,98,114,
74,93,61,50,54,74,7,48,47,61,10,38,241,243,184,199,194,144,208,159,229,152,238,170,171,163,230,175,143,214,178,97,105,109,51,15,7,9,118,19,104,100,35,51,34,50,65,21,27,20,16,230,176,195,210,210,254,238,240,182,
163,140,168,183,210,139,166,223,37,33,49,74,57,21,61,49,53,31,40,7,4,3,47,25,27,179,204,217,184,232,167,252,129,227,216,200,214,160,177,179,142,217,175,152,98,113,102,127,16,8,68,75,69,30,99,16,57,18,29,32,
71,17,73,213,229,173,235,228,147,193,220,233,153,140,169,227,138,168,129,159,199,181,39,121,110,102,114,23,16,18,115,105,48,111,79,57,30,32,2,214,236,185,251,175,252,129,242,218,253,132,228,247,152,178,181,189,155,122,114,89,
103,104,66,6,29,26,61,69,89,93,7,48,47,44,27,55,241,243,184,212,241,144,208,159,148,233,136,160,191,184,158,205,171,140,178,112,68,126,43,73,29,93,15,4,36,11,10,82,73,46,60,35,57,237,253,241,219,243,221,218,
203,157,158,169,149,135,128,172,154,152,50,77,88,57,105,25,123,30,103,81,70,52,104,6,41,47,21,43,25,180,238,178,248,146,225,201,238,247,249,226,149,135,136,136,148,141,141,174,104,108,127,20,43,47,79,81,39,77,66,42,
61,12,69,122,126,113,225,254,246,248,241,129,233,232,223,179,160,252,180,210,181,191,216,72,61,74,94,114,47,16,65,89,23,124,47,53,63,45,22,20,2,60,235,230,229,232,193,204,150,243,219,214,163,180,182,173,245,148,131,148,
157,118,111,116,113,11,120,7,95,37,58,101,90,93,96,4,23,85,23,18,230,182,234,255,208,134,207,215,166,169,235,132,129,155,152,130,155,112,76,125,121,49,52,18,105,114,120,11,3,50,57,14,29,95,216,254,189,238,203,228,
197,240,140,219,208,162,242,179,180,186,232,254,158,145,103,46,1,42,45,119,100,118,12,29,36,55,56,35,90,42,12,79,28,217,231,247,194,158,220,227,183,180,128,149,154,163,222,155,166,198,141,62,116,34,112,35,108,64,75,119,
26,13,26,87,18,63,95,4,181,239,185,251,185,245,252,211,199,220,136,184,230,137,139,212,171,201,70,74,110,59,28,122,123,76,64,83,124,37,99,4,14,105,63,66,61,49,229,175,176,196,193,219,216,179,170,176,240,181,176,153,
154,128,153,131,78,127,123,102,21,70,86,88,74,78,36,35,2,4,5,77,23,243,228,237,230,255,245,193,147,197,222,217,177,189,175,136,165,132,145,68,86,89,37,56,44,35,72,93,68,26,63,63,123,4,127,29,22,92,240,229,
225,239,210,141,246,229,247,143,158,167,180,187,145,219,171,141,206,157,61,56,120,79,4,90,88,44,42,63,40,39,53,58,70,2,26,162,175,246,249,255,149,189,209,218,224,155,173,147,145,180,142,219,106,62,109,63,84,116,106,107,
2,25,126,3,4,29,50,1,6,21,24,229,165,253,229,199,200,160,167,187,161,164,189,243,136,247,128,152,216,149,110,36,112,109,64,76,91,77,106,25,44,63,27,82,29,93,43,54,22,227,243,240,169,241,132,131,250,164,177,153,
178,131,159,143,156,129,47,34,38,51,115,67,16,86,77,85,44,49,28,14,49,77,25,18,171,166,239,224,199,173,162,202,221,211,198,181,186,188,214,234,170,159,140,72,48,108,44,122,103,71,93,36,47,126,30,98,121,60,28,21,
1,25,227,212,253,249,196,193,128,253,173,168,164,171,128,147,195,137,134,102,111,100,125,119,114,25,69,85,20,97,44,60,126,61,18,36,15,210,224,189,231,171,207,157,246,214,249,248,224,251,156,142,177,179,148,159,96,106,111,123,
3,83,67,74,93,104,46,37,61,52,9,52,38,41,85,241,250,179,190,199,200,206,159,166,169,175,230,238,183,138,129,189,205,123,35,77,88,112,82,81,82,11,19,119,117,15,15,6,18,10,246,218,233,253,251,238,196,223,210,131,
254,189,184,180,187,129,146,211,153,118,105,104,123,77,71,66,24,68,37,100,113,39,60,48,29,0,31,59,209,214,179,239,207,142,139,165,170,172,229,218,222,196,192,209,200,196,192,47,43,39,35,31,10,6,2,126,103,28,41,42,
44,35,39,84,180,176,172,168,164,147,143,139,135,131,255,234,209,179,140,132,138,108,36,87,125,87,115,67,21,71,0,90,33,16,98,16,51,1,74,36,56,202,245,168,196,144,249,153,255,244,164,161,230,158,180,151,200,181,136,155,
114,99,126,72,74,73,88,47,51,96,55,90,108,61,4,5,25,239,179,176,216,245,247,193,151,199,195,227,149,181,150,133,132,159,35,41,74,104,127,97,79,92,15,66,72,75,54,123,26,42,23,23,47,232,235,255,177,213,215,220,
200,157,191,195,136,189,185,174,138,129,202,217,177,108,113,110,0,88,84,12,19,44,63,44,61,21,72,66,33,31,0,234,174,194,223,246,206,138,146,166,182,167,176,174,131,143,158,148,114,34,59,42,38,54,28,4,7,18,19,94,
81,8,15,3,15,17,228,206,236,244,243,207,196,202,143,243,165,186,190,249,144,186,141,187,147,100,97,38,79,72,66,65,89,17,46,35,40,38,92,22,70,121,125,86,82,180,165,161,157,153,132,128,252,248,244,240,223,219,202,163,
179,191,69,47,71,86,89,16,9,5,1,125,121,100,96,92,88,84,80,191,140,230,225,241,198,199,143,236,213,244,232,176,178,141,145,130,152,203,75,72,57,70,31,121,91,105,100,45,115,57,102,52,52,50,64,50,17,227,175,216,
249,197,241,200,220,234,238,172,187,188,132,159,134,156,153,36,57,52,116,115,67,84,85,29,30,49,116,37,31,70,12,1,241,167,212,163,229,183,197,222,148,209,204,161,188,171,174,201,158,205,201,46,63,61,34,18,23,30,3,2,
6,124,45,125,120,56,30,85,38,9,218,166,197,234,137,151,247,147,176,179,185,166,189,143,194,147,156,153,142,57,99,48,61,68,75,94,30,48,35,62,42,17,9,75,27,18,234,224,245,186,251,243,223,214,216,201,233,137,174,247,
194,131,132,155,42,47,34,38,25,34,1,29,20,127,31,30,0,9,125,80,76,90,40,203,213,223,222,239,244,161,195,171,171,173,188,244,135,135,180,179,169,206,104,35,79,127,22,80,126,9,43,54,118,16,6,39,84,20,30,41,
252,247,244,175,215,255,134,226,132,131,162,191,147,134,129,159,168,118,103,121,96,118,70,85,25,29,95,72,60,53,46,55,13,8,83,86,163,235,228,195,197,196,140,239,192,244,182,172,245,191,178,128,214,165,210,116,55,114,113,3,
78,91,33,45,58,63,120,47,81,91,93,68,73,187,190,167,171,171,142,134,138,136,239,254,252,204,213,216,212,220,52,56,56,108,60,57,74,93,22,101,74,25,116,4,43,72,86,33,189,247,252,254,249,203,206,131,210,221,216,188,
250,160,243,254,150,153,159,223,113,98,104,85,86,70,12,68,36,43,33,52,123,9,1,28,21,27,10,187,200,239,182,131,194,210,164,237,224,229,200,239,227,178,155,176,76,94,33,127,47,75,82,3,77,122,117,48,45,90,37,12,
8,195,240,253,249,254,251,130,134,212,195,212,172,167,190,180,177,203,209,220,108,107,107,109,77,5,118,89,12,61,55,110,52,57,40,79,44,91,13,95,234,246,188,201,212,201,212,179,182,225,182,233,213,198,223,195,192,214,62,34,
35,55,46,4,9,16,113,117,126,113,88,92,69,92,65,178,166,191,162,167,135,158,131,135,151,140,230,244,228,210,200,217,205,48,41,56,60,23,91,3,14,86,89,107,16,39,12,120,0,0,83,77,221,185,234,233,211,204,199,202,
236,165,162,175,160,254,157,198,211,146,149,116,52,106,121,84,81,75,83,97,49,40,47,14,3,68,13,29,233,232,238,231,191,196,196,157,152,217,174,160,240,245,200,201,143,139,108,101,126,103,125,73,3,6,57,62,100,36,26,40,
13,7,67,17,69,230,180,207,252,227,226,155,128,225,179,185,170,167,180,132,149,144,170,153,115,40,119,114,85,5,118,74,12,54,27,41,85,15,83,8,66,49,238,209,208,169,178,243,193,203,216,181,166,178,187,134,180,143,157,9,
14,98,105,51,72,88,126,68,105,91,103,61,97,58,80,35,24,63,198,183,164,221,215,213,206,219,208,160,169,180,134,189,175,209,129,145,152,111,15,19,23,85,73,88,84,48,55,42,44,54,70,47,5,6,10,25,255,225,218,252,
204,211,200,223,236,128,163,186,143,131,164,137,165,97,105,103,41,33,29,59,60,48,81,46,53,59,50,66,57,62,61,228,176,216,228,146,202,223,250,199,139,185,155,232,144,179,146,130,155,144,97,99,53,113,70,80,3,7,34,61,
34,51,32,49,2,31,93,80,93,254,249,249,255,206,134,228,203,254,188,182,239,130,135,158,208,171,37,123,49,124,119,61,91,70,91,87,48,53,115,36,91,84,71,185,189,164,189,161,160,133,156,129,132,149,140,226,231,246,239,211,
199,215,200,50,43,58,17,19,4,29,0,1,52,100,113,49,54,78,45,2,33,93,221,227,176,174,254,154,216,180,182,161,162,183,203,138,133,144,135,209,120,59,54,127,112,70,23,73,90,55,50,46,14,68,28,13,18,233,236,163,
242,250,247,205,211,194,146,225,167,254,251,186,141,131,213,40,45,36,83,106,95,111,25,99,81,37,9,19,44,55,9,93,39,23,30,250,226,238,231,209,193,133,203,204,192,146,133,151,141,217,161,157,204,156,96,93,104,44,87,114,
18,14,37,37,41,92,77,15,24,31,22,254,231,253,248,178,134,147,219,212,220,162,180,252,191,144,213,151,124,37,111,98,99,6,117,2,68,22,83,33,115,62,43,62,10,10,15,168,255,176,174,141,148,152,155,157,247,251,250,254,
231,234,222,223,198,202,201,56,33,37,12,21,24,9,109,114,120,97,96,87,93,66,67,70,190,242,186,183,255,240,148,231,200,155,231,151,169,202,212,180,208,113,114,120,103,124,113,5,76,91,86,73,23,34,113,124,5,10,29,93,
243,224,253,248,208,200,138,218,211,212,167,170,253,180,180,158,151,153,136,40,91,109,52,1,64,71,73,107,110,99,110,13,51,41,8,68,36,16,166,246,235,214,211,151,205,247,239,151,172,173,135,146,165,128,161,119,106,120,125,42,
125,81,88,75,89,74,92,80,49,14,6,8,18,162,217,249,221,229,159,234,235,224,135,175,229,186,129,184,210,165,196,180,111,118,125,127,76,69,79,0,45,34,60,103,123,49,25,30,23,12,21,239,251,177,180,129,201,213,221,163,
170,234,145,151,218,144,146,211,145,99,98,52,71,48,71,21,80,83,97,44,42,63,11,20,25,70,248,176,187,163,162,153,152,156,141,143,144,224,229,224,241,208,213,203,131,43,38,110,112,3,120,95,116,16,23,56,123,101,5,97,
2,1,11,20,239,241,180,253,202,199,216,151,181,238,235,170,189,140,204,130,145,140,120,99,123,57,105,64,84,86,91,108,37,37,49,0,6,31,71,219,252,165,176,241,246,201,152,157,144,145,158,130,152,185,213,181,144,201,97,116,
65,124,23,92,102,25,62,49,68,14,38,10,42,74,55,62,45,178,229,174,241,250,195,153,255,234,155,165,170,177,212,184,181,156,148,207,60,120,127,105,10,23,21,12,112,116,103,80,72,89,64,64,93,169,210,226,198,238,165,243,
242,233,142,161,226,181,134,135,213,187,46,84,103,127,121,96,64,66,95,8,108,10,59,59,104,112,12,18,12,87,174,183,165,145,146,158,153,156,245,229,253,253,229,240,206,173,133,169,137,58,86,95,76,19,68,9,46,29,44,126,
0,75,43,12,18,30,30,252,253,227,244,250,231,197,218,209,176,183,189,146,129,134,143,137,56,56,7,24,112,70,93,87,60,51,55,63,56,56,62,15,71,35,212,198,239,187,242,206,159,207,194,255,185,253,166,156,231,129,137,141,
189,203,81,124,115,103,101,82,65,22,107,25,33,48,44,15,28,53,3,19,181,213,254,245,251,229,209,206,179,176,139,164,136,137,141,197,217,96,127,96,113,98,115,64,93,31,18,31,47,55,63,1,8,72,34,245,184,242,240,177,
192,197,220,146,233,150,185,243,190,181,255,157,136,157,105,118,123,53,90,29,26,1,0,119,124,98,99,103,95,67,66,71,74,83,165,169,170,140,157,145,145,240,245,253,225,213,215,198,223,195,193,39,62,35,34,102,54,20,92,83,
96,27,45,6,66,58,29,70,179,219,183,253,230,228,194,193,212,153,216,184,181,170,244,150,205,217,152,111,97,41,127,71,82,95,92,92,103,63,46,49,59,62,94,23,23,18,227,229,237,181,254,209,128,158,167,168,174,231,250,206,
194,229,250,254,146,118,52,71,72,98,82,14,110,42,115,43,45,40,21,89,26,56,167,255,231,246,249,140,239,224,250,219,247,134,178,235,131,150,163,141,49,114,64,52,103,66,88,91,65,88,53,120,125,120,57,14,17,115,116,228,
235,254,148,171,249,237,231,177,243,175,251,130,226,163,193,153,148,203,90,120,96,39,111,74,78,87,36,63,98,108,48,19,25,10,7,235,228,245,240,184,206,212,198,131,157,227,235,244,246,189,146,164,143,82,96,61,103,43,79,29,
118,86,121,120,96,123,10,41,19,19,14,29,234,227,238,205,198,212,139,206,221,172,236,242,155,150,207,209,154,139,221,41,112,111,112,65,82,67,80,45,111,98,111,8,7,15,17,24,88,210,229,168,226,224,129,208,213,204,226,153,
247,169,195,142,133,207,109,120,109,121,102,107,5,74,2,0,17,101,102,118,105,82,27,82,95,231,232,171,208,208,243,143,239,192,226,252,140,232,170,169,128,159,148,153,44,101,115,126,81,15,93,105,100,45,34,52,116,27,8,5,
0,11,19,178,226,251,252,206,210,149,220,172,169,168,129,144,192,179,132,221,41,104,127,113,48,6,27,31,22,12,107,93,62,49,7,78,97,138,219,226,201,214,245,154,196,132,224,216,250,164,147,236,182,147,205,186,155,103,69,105,
84,80,71,66,24,109,47,56,63,54,45,7,29,24,82,87,179,251,244,252,194,203,156,159,176,245,183,173,197,143,130,131,213,85,34,100,54,115,112,19,94,75,94,42,53,47,72,31,95,84,173,180,184,188,189,166,152,130,132,131,
150,143,226,231,247,238,211,205,208,49,52,49,32,24,18,5,28,0,3,102,127,98,99,118,94,66,70,87,78,178,168,225,137,132,204,195,225,154,189,150,242,185,158,197,195,171,199,124,103,101,114,113,68,22,95,40,37,58,117,23,
76,73,8,31,226,170,252,247,226,239,221,221,151,207,222,182,180,185,206,135,135,147,98,100,125,37,78,82,3,14,87,88,47,102,123,126,119,57,1,22,31,244,237,231,243,137,140,163,164,157,178,132,190,131,177,221,135,203,144,202,
185,118,89,88,17,10,119,82,0,43,32,32,95,8,5,26,82,41,255,193,227,198,252,134,220,128,219,241,130,187,156,165,212,199,163,109,71,100,103,127,45,34,70,85,23,75,120,125,120,40,8,1,23,119,136,140,229,241,193,199,
198,142,237,147,130,136,177,153,227,164,196,160,151,54,64,64,86,16,24,118,112,50,7,34,56,96,1,34,21,62,32,216,170,210,241,242,196,243,208,207,178,177,138,182,139,138,142,161,101,68,103,110,96,100,4,24,82,77,82,35,
33,48,50,15,77,83,94,238,233,233,239,207,135,244,219,142,204,177,240,178,183,174,209,170,213,139,33,108,116,62,75,86,75,71,49,52,99,52,101,93,64,65,69,72,80,160,165,172,177,144,149,131,146,251,241,230,238,210,209,199,
222,195,57,113,57,52,124,115,17,106,77,102,98,9,46,117,83,59,87,12,247,245,226,225,244,134,207,216,213,202,229,167,252,249,184,143,146,218,140,103,114,127,109,77,7,95,78,38,36,41,126,55,55,3,18,20,13,85,222,226,
179,190,199,200,223,150,235,238,226,197,237,225,133,150,212,167,89,88,82,123,83,10,98,10,102,41,112,14,6,40,86,75,27,236,237,226,176,203,253,228,246,215,247,133,134,230,130,181,212,179,162,180,50,41,79,73,87,73,78,92,
81,45,112,14,33,23,45,35,17,76,22,186,240,170,217,193,230,239,241,234,134,163,145,186,128,128,209,144,151,106,24,31,19,114,77,84,90,83,99,24,4,20,86,46,89,62,199,189,238,222,162,201,227,232,129,212,131,157,153,171,
158,139,145,206,102,77,114,65,71,113,19,107,88,91,93,8,59,36,41,42,48,31,18,19,231,200,250,227,200,201,223,195,237,225,171,164,187,137,154,155,153,148,214,58,55,119,112,64,70,80,96,27,60,113,26,24,73,11,30,7,
170,209,190,224,186,247,221,151,210,207,162,177,174,147,204,147,219,51,41,56,60,38,57,27,30,11,26,3,120,127,102,106,111,79,73,77,177,168,185,188,148,137,152,157,129,187,227,238,182,185,250,176,135,172,216,160,119,51,45,125,
25,91,73,51,44,39,42,127,5,2,15,0,94,12,166,179,242,245,251,148,202,217,180,177,186,179,193,145,136,143,157,99,36,109,125,120,72,78,71,31,100,75,125,120,57,14,0,65,85,168,172,131,132,171,207,204,142,237,249,191,
253,149,226,149,157,192,155,179,55,84,84,71,22,75,9,89,42,35,36,110,52,57,25,79,44,91,15,226,180,241,242,128,212,216,212,179,182,225,146,173,146,216,168,199,73,73,59,112,88,44,96,121,98,11,46,126,30,56,21,53,
5,31,251,239,228,233,211,201,194,194,210,195,210,191,186,140,174,129,150,146,142,41,44,32,62,70,73,10,71,84,103,20,59,29,39,61,23,66,16,68,231,164,223,255,224,225,152,144,140,169,139,160,138,138,203,155,155,146,98,48,
96,106,38,115,65,86,77,105,108,122,59,12,2,74,11,237,227,171,234,253,243,166,185,209,214,216,219,220,134,154,168,151,206,154,54,87,63,65,18,74,71,24,120,37,53,106,26,55,40,24,19,0,85,163,203,245,190,227,200,195,
210,162,179,162,160,189,210,204,210,218,214,212,78,97,87,109,112,81,12,86,122,33,123,25,1,38,47,94,93,198,227,209,250,241,192,145,212,215,217,225,244,149,144,192,198,133,141,35,47,109,122,74,75,88,89,91,86,101,120,117,
53,50,2,23,22,94,221,242,166,228,222,135,205,192,182,232,147,252,162,248,132,159,213,144,141,115,127,104,109,10,93,12,6,111,112,123,99,83,88,17,89,84,237,226,177,202,237,198,145,233,206,149,243,155,230,172,151,149,130,110,
99,38,111,120,117,91,5,71,28,25,88,60,50,122,44,7,3,14,13,237,167,255,193,198,196,201,158,215,166,163,178,180,173,198,173,130,211,222,103,121,127,54,11,14,2,108,118,97,70,53,11,13,68,123,127,38,228,215,208,202,
173,203,130,238,222,247,177,153,214,140,153,214,177,97,109,79,100,97,109,65,92,30,18,88,38,57,56,43,10,8,18,168,173,168,224,255,198,200,193,145,234,190,243,169,171,250,184,156,133,219,160,47,113,60,73,74,8,69,49,36,
32,63,34,125,17,88,75,90,75,79,163,187,170,174,155,148,141,240,241,228,253,208,209,197,220,192,196,38,63,35,38,54,30,3,14,23,14,115,105,112,81,85,88,64,176,180,191,161,162,148,134,152,133,154,139,254,226,251,234,239,
219,212,205,49,53,36,44,16,18,5,28,0,114,55,103,114,50,53,79,44,3,32,92,203,236,183,145,249,149,206,181,183,160,163,182,200,137,134,147,132,35,121,58,55,126,113,80,24,78,37,48,61,47,15,69,29,12,224,234,239,
160,241,249,197,204,210,195,147,224,160,241,252,133,138,157,212,41,44,37,107,87,72,73,90,91,89,37,103,122,93,82,28,27,27,29,236,164,198,240,242,236,254,201,146,254,167,185,230,131,223,183,155,195,198,119,117,117,121,26,99,
92,73,18,32,59,40,11,5,15,70,90,225,254,225,240,227,242,223,218,144,149,224,185,182,190,128,137,201,161,118,59,113,115,50,65,68,93,19,104,96,38,116,49,50,64,28,9,28,232,247,250,182,217,145,156,130,242,247,254,227,
226,231,223,220,197,200,200,44,36,40,43,13,20,10,11,110,119,123,126,79,86,91,92,14,94,172,244,251,184,195,197,238,154,226,181,238,235,131,223,149,158,156,106,105,108,33,112,64,77,66,28,78,21,113,48,55,57,65,23,31,
10,247,244,228,191,215,198,201,195,214,230,175,191,186,187,189,133,221,166,137,40,54,127,112,70,15,2,22,106,77,66,16,62,59,37,39,16,40,181,252,226,173,249,149,238,210,138,236,135,167,189,138,130,133,155,57,75,99,124,123,
106,30,31,83,75,82,44,4,29,28,74,86,87,79,175,183,162,175,251,197,255,249,227,220,157,233,184,174,233,150,194,162,150,54,40,84,106,87,67,68,64,54,9,33,50,61,12,3,5,72,58,18,254,249,232,173,140,192,201,208,
174,149,140,162,204,216,192,192,216,57,36,27,28,70,112,97,127,109,90,18,111,54,40,87,3,95,216,236,188,162,210,230,192,202,217,193,215,171,161,165,231,236,194,168,150,172,74,80,111,112,28,69,91,4,33,125,21,57,97,119,
45,29,26,21,12,209,255,242,249,215,248,254,175,176,188,163,189,216,170,130,157,154,139,61,60,112,104,113,94,101,124,125,107,117,105,85,72,89,92,64,169,184,189,161,188,138,241,223,229,243,233,183,135,227,178,148,211,152,52,92,
96,56,15,102,70,65,94,71,25,38,59,48,46,1,39,24,11,66,192,247,240,207,214,155,130,167,183,166,160,131,146,168,198,195,198,202,35,34,39,43,51,17,13,9,105,78,65,19,38,44,27,89,21,178,219,187,221,167,247,195,
132,252,214,198,249,150,179,148,141,142,132,41,39,76,99,103,79,88,65,92,91,95,33,39,119,24,48,24,23,9,242,164,201,237,209,201,192,200,213,231,232,226,224,255,225,138,157,147,210,245,30,71,118,101,98,120,14,40,112,28,
44,86,16,47,88,26,7,177,206,247,243,217,234,192,204,211,174,236,241,187,148,139,138,153,107,105,100,38,59,54,71,64,80,86,87,112,11,44,97,27,25,89,27,238,247,169,210,142,208,138,199,220,231,162,191,178,190,169,131,220,
131,203,48,40,40,44,22,9,24,14,122,106,123,126,106,75,88,93,95,65,77,188,165,169,168,140,132,137,136,237,244,249,237,206,215,218,218,222,54,58,57,110,62,12,84,91,24,99,52,14,122,2,21,78,88,35,191,245,254,252,
202,201,204,129,208,223,173,162,252,174,245,192,144,151,153,33,119,127,106,87,84,68,14,55,38,41,35,54,121,15,31,26,27,29,229,189,198,233,136,133,223,208,166,239,226,231,207,129,158,129,144,124,101,127,122,48,53,59,60,85,
82,34,36,54,126,61,11,57,54,212,227,219,183,254,223,152,212,128,224,212,229,232,190,188,140,147,192,185,103,114,89,122,81,81,66,76,86,96,100,54,33,54,14,5,28,22,19,169,191,186,242,205,197,203,211,227,152,191,242,159,
149,204,150,155,138,45,78,57,111,61,72,88,26,87,50,39,50,45,16,79,16,88,178,164,189,160,161,180,156,129,134,149,140,226,226,246,239,211,208,215,206,51,50,39,62,21,24,0,1,4,122,48,120,117,61,50,82,41,14,37,
161,217,239,180,146,250,150,179,176,186,165,190,179,199,142,153,148,139,213,100,63,58,123,76,83,27,77,38,51,62,18,10,72,24,17,22,229,232,191,246,246,192,209,215,206,150,157,163,242,255,134,137,143,41,44,33,37,26,44,118,
64,98,124,110,42,2,110,55,41,86,19,79,39,235,179,178,226,214,193,203,216,177,167,168,162,166,228,220,210,169,151,173,90,64,127,79,27,74,75,116,32,124,20,56,81,71,46,29,26,233,229,198,255,247,251,142,134,143,159,156,
170,143,169,179,140,188,57,104,126,57,117,33,114,70,6,24,124,81,52,18,53,59,94,73,76,176,180,184,188,129,250,196,254,248,226,174,158,234,187,173,219,151,195,163,151,55,54,91,76,75,74,77,45,22,33,44,53,9,29,29,
79,16,27,227,224,242,187,192,206,235,245,151,160,152,229,140,146,221,137,197,94,98,58,60,87,119,77,90,82,85,75,105,27,51,12,11,26,78,175,227,251,226,252,244,237,236,154,132,254,250,255,229,238,234,216,202,201,53,45,2,
20,126,98,96,95,118,34,126,31,103,25,90,2,31,64,48,18,237,162,210,207,208,208,219,184,237,225,171,151,136,137,154,155,153,101,39,58,55,119,95,87,89,80,96,27,45,96,26,24,73,11,237,244,170,209,190,209,139,198,221,
151,210,160,181,177,174,147,204,130,202,49,41,56,47,21,10,27,30,10,107,122,127,107,123,104,66,88,78,74,172,164,168,169,141,148,153,139,238,247,250,253,254,214,219,219,223,198,61,38,56,43,46,12,2,0,17,118,125,52,119,
66,2,5,78,220,243,208,172,204,227,135,129,233,133,207,180,167,176,179,134,203,153,150,99,116,34,120,10,7,78,65,87,23,62,53,32,45,46,31,85,13,28,227,233,255,176,193,201,196,205,162,179,227,144,167,193,204,149,154,156,
213,57,60,53,47,8,47,95,80,38,111,64,85,60,13,46,41,35,187,229,165,193,249,168,199,240,143,213,176,236,155,186,134,164,159,139,119,104,101,39,59,78,89,94,87,76,36,62,59,113,116,65,26,21,29,227,234,170,192,215,
154,208,210,228,174,163,162,244,135,193,135,213,144,147,33,127,106,127,75,84,72,23,56,127,121,99,85,88,93,92,69,72,180,189,164,168,172,158,135,139,134,238,247,235,238,207,212,217,195,51,56,32,33,37,24,1,0,5,10,64,
123,118,62,49,66,57,15,36,160,216,255,139,149,245,145,195,192,187,164,191,178,247,190,154,151,136,214,116,62,59,122,77,67,11,50,33,60,57,34,58,73,25,16,23,21,235,188,245,245,240,193,214,207,151,156,179,226,192,129,134,
136,217,45,32,33,119,96,119,77,70,95,85,80,106,126,81,86,15,8,31,225,232,168,211,253,246,224,250,213,229,129,163,165,226,190,234,171,159,207,194,100,102,113,69,30,111,73,68,22,44,63,39,60,9,11,90,94,28,11,253,
244,239,246,204,201,148,233,228,164,163,130,132,133,205,174,129,55,117,111,54,124,113,65,23,100,19,53,120,53,14,68,1,28,224,236,251,254,185,238,157,152,158,135,138,250,255,230,235,236,207,201,204,52,40,57,61,23,9,24,29,
4,106,123,127,98,122,107,95,64,10,82,95,231,247,188,255,208,243,158,158,177,226,252,140,219,153,154,128,159,148,104,61,116,115,126,70,16,74,105,100,45,51,5,69,27,8,5,243,248,224,178,226,202,205,223,210,149,220,187,182,
191,129,144,192,162,117,44,41,104,76,66,3,6,27,31,65,70,12,58,8,22,35,28,44,184,233,238,169,197,145,241,197,246,232,140,161,181,147,133,139,206,198,203,32,36,40,44,0,123,84,110,8,18,45,29,90,11,29,90,22,
179,211,231,167,185,221,223,211,235,200,161,182,173,224,208,213,217,206,50,54,0,7,77,96,98,93,7,83,15,1,97,23,109,13,25,78,54,236,252,179,208,205,210,195,200,203,239,227,169,166,185,143,132,157,151,146,40,60,57,113,
78,70,72,82,98,25,62,115,24,26,75,9,28,5,172,207,184,238,188,201,219,153,212,177,164,179,172,145,206,145,217,51,43,58,62,34,59,29,0,7,20,15,99,121,97,111,77,84,74,79,174,183,186,183,143,150,154,158,159,249,
253,232,248,233,236,192,217,200,205,49,120,51,62,70,73,10,96,55,28,104,16,39,67,93,45,73,11,8,227,252,247,250,143,213,210,223,176,238,188,246,195,130,133,139,211,122,105,100,97,106,67,17,65,88,95,45,51,116,61,13,
8,9,30,247,175,212,251,141,136,201,222,208,145,229,248,249,235,244,235,147,148,154,43,12,17,64,73,98,109,127,119,33,121,5,53,108,27,52,67,17,12,168,215,254,250,224,211,207,203,172,169,227,231,130,157,130,147,128,96,98,
127,61,48,61,94,89,89,95,46,102,4,43,94,28,22,160,226,231,254,176,203,133,219,145,220,215,157,187,166,187,183,144,132,211,132,59,53,39,17,20,25,0,1,5,124,97,96,101,104,66,67,71,76,82,177,165,183,168,149,139,
154,240,241,228,253,224,214,197,220,193,193,213,63,35,32,54,47,18,2,23,14,114,119,112,81,84,91,17,89,165,237,226,177,202,237,245,145,233,206,149,226,138,230,172,151,149,149,110,99,38,111,120,68,91,5,71,28,106,43,60,
50,122,44,22,3,14,13,237,167,232,193,198,196,201,239,166,166,163,178,180,158,198,173,130,211,222,118,121,127,54,11,17,16,38,49,38,47,21,12,6,3,89,92,128,135,254,249,249,206,223,151,228,210,144,145,139,132,180,208,129,
118,49,109,57,73,78,30,19,85,87,87,42,105,16,62,43,48,29,14,246,237,235,248,137,141,207,216,223,165,190,167,189,184,242,198,211,155,148,156,117,116,60,127,80,21,70,60,101,47,34,35,70,53,66,4,86,226,225,179,254,
235,254,221,202,207,232,191,255,235,205,212,217,216,46,55,58,61,62,39,27,27,31,6,10,9,120,105,108,85,72,72,76,177,169,184,189,145,219,131,142,214,217,235,144,167,140,248,175,128,211,205,93,57,106,105,83,76,71,74,108,
37,34,47,32,79,29,70,83,18,21,244,180,234,249,212,209,203,211,225,177,168,188,142,131,196,141,157,105,104,110,103,63,68,68,29,24,89,46,49,112,117,72,76,99,119,221,235,217,199,197,195,251,151,222,192,248,180,224,128,180,
212,219,187,143,104,98,97,106,76,67,89,93,126,118,107,16,62,4,37,39,16,40,68,237,226,173,249,149,253,210,138,236,133,166,161,128,140,191,134,158,146,49,33,32,56,67,92,102,112,106,37,21,98,51,21,82,14,90,219,239,
191,161,213,199,203,245,218,220,129,224,229,233,237,209,213,218,161,111,85,67,72,71,119,19,66,68,124,40,100,12,48,104,95,50,21,18,227,247,246,205,202,199,206,208,180,180,246,187,161,157,137,250,253,167,96,66,92,78,121,113,
14,87,73,118,34,126,7,11,83,69,46,233,234,229,245,250,236,144,242,218,213,210,179,229,244,184,144,137,150,173,68,69,35,56,20,4,27,0,24,15,125,120,117,6,48,33,63,45,26,210,190,246,232,151,195,159,247,172,252,226,
147,187,133,130,131,166,145,148,116,98,69,92,77,82,79,80,46,122,8,15,8,7,30,67,90,231,232,230,189,176,189,237,219,233,247,149,179,139,231,142,144,223,100,48,80,100,36,58,106,66,93,90,75,29,58,63,60,42,61,35,
20,15,190,196,228,204,203,218,159,158,171,172,186,249,252,211,231,173,177,179,140,54,115,47,78,22,104,13,45,40,127,7,61,28,83,35,30,1,16,232,235,190,178,248,198,217,216,203,170,168,178,200,205,200,128,159,102,104,97,49,
74,94,19,73,75,26,88,60,37,123,0,79,17,92,233,234,168,229,209,196,192,223,194,157,177,249,228,250,235,238,198,219,202,207,48,52,45,16,16,4,29,112,115,101,124,97,96,70,95,67,70,86,190,163,164,183,172,145,148,132,
242,232,249,252,208,201,216,220,196,42,59,62,35,58,43,30,5,74,18,31,39,55,124,63,16,51,94,222,241,162,188,204,155,217,218,192,223,212,168,253,180,179,190,134,208,138,41,36,109,115,69,5,91,72,69,51,56,32,114,34,
10,13,31,18,85,28,251,246,255,193,208,128,226,181,236,233,168,140,130,195,198,219,218,57,38,25,114,117,123,29,50,54,109,105,121,26,51,42,60,61,162,180,176,174,215,197,251,143,155,251,222,182,160,244,252,130,129,149,146,118,
37,95,100,81,83,75,66,65,103,169,207,199,119,46,3,29,22,27,160,197,253,249,237,192,207,202,133,180,165,187,162,133,132,151,211,132,143,113,119,115,111,0,65,81,88,44,108,67,50,13,5,11,2,82,216,224,237,210,160,200,
228,131,242,138,154,228,176,144,170,174,220,195,93,100,69,54,71,77,122,94,85,86,122,26,25,104,4,90,52,29,25,205,224,252,234,229,212,197,219,179,165,164,183,251,255,138,133,154,155,136,120,122,119,53,8,5,86,81,33,39,
38,110,60,19,86,20,14,168,234,255,230,184,195,157,195,153,212,175,229,179,174,131,143,152,140,43,124,61,54,63,16,31,28,12,8,65,120,117,61,50,65,41,14,37,161,217,254,180,146,250,150,220,199,186,165,190,179,246,142,153,
148,139,213,119,63,58,123,76,66,10,77,38,51,62,61,10,72,24,17,22,20,232,191,246,246,243,194,215,206,150,157,178,242,255,134,137,143,198,44,33,37,26,30,71,70,83,116,14,89,6,97,16,104,56,87,18,50,200,204,190,
181,229,204,200,243,220,172,174,186,183,182,165,218,222,156,139,108,101,111,118,76,73,3,105,100,36,35,51,53,5,77,46,1,68,6,239,182,252,241,208,151,228,147,181,231,162,142,196,129,156,145,157,123,126,57,110,47,23,30,14,
9,18,122,103,119,103,87,75,90,177,181,164,189,160,150,133,156,129,134,149,255,226,238,246,239,210,198,134,214,35,99,115,0,123,92,119,19,26,61,102,96,8,100,29,6,4,19,16,244,185,248,247,194,213,148,182,237,232,169,190,
129,201,159,148,129,127,124,124,54,110,127,81,91,94,17,32,40,50,3,5,28,68,222,241,160,173,244,251,206,135,154,159,150,197,217,222,143,186,155,140,193,40,98,125,98,66,81,64,66,95,29,99,110,62,57,57,14,31,87,36,
11,190,227,225,128,194,199,222,225,154,229,187,241,143,132,206,155,134,155,102,97,100,51,100,21,1,16,113,117,120,113,88,82,69,84,73,170,187,190,170,186,171,159,130,155,136,141,248,238,229,204,220,219,209,57,53,116,36,49,66,
69,14,109,66,16,108,12,35,112,110,41,69,15,244,246,225,243,198,139,202,197,163,180,226,184,251,246,142,129,151,215,137,154,96,109,110,78,4,77,92,35,41,44,99,1,9,4,13,19,2,163,208,231,190,187,213,218,220,149,232,
237,245,153,132,131,136,152,110,114,55,104,115,75,88,74,31,61,50,19,53,52,48,2,5,26,22,188,227,252,240,193,210,195,193,220,239,177,230,217,222,210,175,128,182,140,81,114,47,117,25,66,24,120,32,7,14,127,124,34,56,
63,54,25,237,242,248,253,248,157,207,179,180,200,172,175,254,152,198,158,134,102,105,43,105,124,101,12,111,24,72,80,96,60,55,125,8,21,27,23,240,245,162,209,197,214,226,154,197,133,148,145,185,171,187,153,192,168,204,59,66,
127,106,114,74,75,87,38,53,56,103,122,65,76,20,27,88,30,228,252,245,249,228,246,234,150,178,170,227,255,134,137,143,229,250,1,105,124,103,125,60,87,90,75,29,49,58,118,1,66,15,4,95,243,230,226,253,224,128,243,248,
242,241,153,184,179,180,167,213,174,128,203,96,47,42,123,76,7,89,74,41,39,58,53,17,11,61,89,5,21,84,161,243,244,250,130,195,213,219,201,206,194,144,163,161,158,196,144,204,92,36,90,40,112,94,1,113,83,59,124,21,
48,23,14,13,22,172,170,201,195,196,147,141,147,155,151,149,168,246,187,176,134,198,217,176,77,37,43,79,86,8,4,86,65,39,46,37,60,54,51,90,95,90,18,237,244,250,243,131,248,223,253,191,181,236,182,187,155,205,174,217,
143,46,123,120,58,119,82,86,82,77,48,111,48,87,93,68,91,64,169,190,189,236,188,185,202,221,150,229,202,153,244,132,171,200,214,161,61,119,124,126,121,75,78,3,82,93,88,60,122,32,115,126,22,25,31,95,241,226,232,213,
214,198,140,196,164,171,161,180,251,137,129,156,149,155,138,59,72,111,54,3,66,82,36,109,96,101,72,73,91,68,123,124,239,224,246,156,231,183,185,189,228,212,161,153,235,132,176,223,166,55,95,56,100,92,94,97,27,8,119,94,
43,16,63,62,60,8,26,19,248,172,160,234,212,203,202,217,216,169,164,230,251,246,182,128,144,150,151,223,92,108,33,91,89,8,91,46,55,105,18,125,16,74,7,28,86,19,255,242,254,233,236,156,195,138,249,232,240,238,205,221,
217,193,198,62,38,55,37,58,26,31,10,27,10,15,101,116,109,81,81,21,84,161,225,230,173,253,210,241,141,237,194,224,254,142,234,168,171,134,145,146,103,42,122,117,64,87,1,91,107,102,47,32,54,118,25,10,7,2,9,254,
180,236,253,194,200,220,147,162,170,167,174,131,146,194,177,134,46,43,106,125,115,50,24,29,20,71,74,77,13,56,25,17,84,86,228,243,228,237,230,206,196,193,155,158,155,188,187,187,189,140,213,166,137,60,126,116,62,68,73,88,
14,109,107,61,111,58,57,76,25,4,25,21,242,230,177,230,153,150,133,143,242,242,230,255,210,214,199,222,194,206,32,35,38,52,43,24,25,0,10,109,116,106,103,78,87,90,95,175,182,186,186,238,190,140,212,219,152,227,165,142,
250,130,149,206,203,163,63,117,126,124,74,73,76,1,80,32,45,34,124,46,117,81,16,23,25,161,247,255,234,215,212,196,159,183,166,169,163,182,198,143,159,154,155,157,101,61,70,105,8,22,95,80,38,111,98,118,79,35,14,9,
18,253,224,228,169,236,223,196,208,149,183,200,149,187,178,142,132,139,156,104,58,109,122,74,75,88,89,91,86,101,43,124,121,2,21,56,10,47,229,176,243,167,196,150,237,205,133,140,253,254,145,139,189,191,148,148,152,87,120,123,
124,78,67,95,2,57,103,46,33,0,98,17,89,126,131,210,250,247,216,170,214,226,141,244,244,156,234,182,174,172,160,53,62,73,104,116,87,65,72,82,94,91,82,42,126,114,56,23,25,24,11,234,232,229,136,141,136,192,223,215,
168,161,241,138,173,211,137,139,218,152,109,101,59,64,15,81,11,41,42,104,37,32,4,0,31,2,93,2,184,171,186,162,173,142,143,139,147,245,241,240,209,213,217,192,193,55,57,112,56,53,125,65,18,105,78,101,112,8,47,116,
82,58,65,243,240,250,229,254,194,135,206,217,212,184,230,164,255,250,187,157,147,219,141,102,115,105,82,74,8,88,32,39,37,40,127,54,5,0,17,23,14,86,204,227,178,191,198,214,216,233,236,225,224,154,239,224,185,148,141,126,
51,58,112,111,65,80,67,82,80,45,112,117,64,8,7,15,224,233,169,210,229,155,209,211,146,208,213,189,243,136,247,169,195,145,146,32,109,120,124,72,87,90,5,74,126,121,98,99,102,110,67,66,70,74,83,165,169,165,140,151,
154,145,247,243,229,252,224,215,198,223,192,198,118,38,51,115,116,63,107,76,103,99,27,60,118,80,56,84,30,246,244,227,224,245,184,200,199,210,197,147,201,253,248,185,142,128,217,143,100,113,124,127,76,6,94,79,80,90,46,97,
48,56,53,19,21,12,84,223,240,176,189,196,203,205,132,234,239,230,138,183,129,138,154,159,131,198,100,102,109,121,12,46,48,126,32,41,37,60,3,5,1,83,20,242,229,236,231,254,244,222,156,194,149,224,138,173,147,145,180,142,
200,106,62,109,63,84,69,106,107,2,25,9,3,4,26,51,24,48,23,28,227,233,236,250,159,220,138,203,173,163,193,178,250,221,230,175,159,154,189,55,113,77,42,107,19,96,15,43,11,1,5,86,93,42,11,23,52,228,245,247,
243,254,222,205,145,149,167,176,180,189,150,143,133,128,43,46,43,99,124,75,77,92,20,103,72,108,46,36,125,7,10,8,94,221,170,252,191,202,201,139,198,195,169,165,162,167,240,167,199,204,213,197,50,58,34,46,14,17,24,19,
114,119,122,99,106,95,64,65,68,64,161,160,164,175,177,144,134,142,146,244,240,230,230,212,203,218,222,48,36,52,36,56,41,28,0,25,8,13,114,122,107,110,81,74,74,79,187,171,186,191,149,213,133,144,208,215,237,142,161,130,
254,173,130,209,207,95,59,104,107,81,78,69,72,106,43,36,49,38,65,27,88,85,28,19,246,182,232,251,214,211,201,209,227,179,170,130,136,141,194,147,155,103,110,112,97,49,66,70,31,26,91,44,51,114,119,74,75,16,138,141,
220,233,232,224,148,133,215,192,215,173,166,191,181,176,202,222,219,147,108,100,106,76,4,119,88,13,62,52,109,55,58,43,78,45,90,12,94,235,249,187,246,211,198,213,178,183,224,183,232,214,197,220,193,193,213,63,35,39,54,47,
2,14,23,12,113,107,107,82,72,89,92,65,169,176,186,189,164,154,150,158,135,139,136,255,230,235,235,207,212,206,44,50,62,32,24,18,5,28,0,1,55,103,114,50,53,126,44,3,32,92,220,236,183,145,249,149,223,181,183,160,
163,182,251,137,134,147,132,210,121,58,55,126,113,71,24,78,37,48,61,62,15,69,29,12,19,234,239,160,241,249,244,204,210,195,147,224,183,241,252,133,138,140,212,41,44,37,73,116,64,75,91,94,66,7,59,33,34,62,115,126,
113,63,225,232,228,255,192,198,194,144,215,179,164,173,166,191,132,129,219,141,210,223,75,108,82,80,117,79,11,41,125,46,124,36,4,43,42,67,88,206,220,195,223,254,254,216,204,212,130,165,171,224,155,197,140,131,102,12,119,39,
24,28,116,68,81,118,12,52,0,111,22,86,62,72,20,204,206,194,184,152,231,206,202,241,175,174,172,184,181,180,136,220,208,154,117,106,122,105,72,74,71,22,107,102,38,33,49,6,7,79,44,3,70,235,233,184,250,207,199,153,
226,237,179,233,183,140,198,131,158,147,110,121,124,59,108,26,9,24,0,15,108,109,105,113,86,85,69,79,178,179,166,191,147,159,135,158,131,143,224,232,224,244,237,209,196,213,204,49,54,54,47,18,21,6,31,115,127,103,126,99,
102,17,89,84,28,19,177,202,237,198,130,250,206,149,243,155,247,189,151,149,130,129,148,38,111,120,117,106,52,71,28,25,88,47,33,122,44,7,18,31,13,237,167,255,238,241,196,201,158,215,215,210,178,180,173,245,190,130,211,222,
103,104,110,54,11,14,7,84,57,65,24,53,44,44,80,89,19,12,19,226,226,243,241,204,142,131,159,175,168,168,174,136,200,179,132,201,131,112,49,115,118,111,1,105,22,72,98,47,53,127,10,23,10,6,246,251,164,235,163,168,
129,128,133,140,145,227,230,226,242,211,214,195,211,50,55,58,35,21,24,28,28,7,123,97,103,99,117,108,67,71,86,79,176,182,230,182,131,195,196,224,155,188,151,243,139,157,198,192,168,196,142,102,100,115,112,69,25,88,87,34,
53,99,22,77,72,9,30,16,169,255,244,225,236,220,220,150,206,223,160,187,190,241,128,136,133,99,101,124,36,79,81,0,13,84,91,93,103,122,127,118,26,7,17,26,10,239,243,161,198,197,196,223,213,233,195,196,146,180,181,130,
144,151,153,149,46,113,110,113,64,83,85,47,42,96,54,121,69,54,25,63,5,219,233,164,254,162,249,130,241,217,254,135,246,242,165,183,184,170,104,105,101,79,126,109,23,84,18,83,84,90,89,42,114,85,105,39,23,226,197,191,
232,245,146,227,155,235,132,163,131,153,157,239,213,178,147,159,172,111,113,120,69,86,0,4,39,48,39,46,37,15,5,0,90,95,90,227,252,244,250,243,131,231,200,253,191,181,253,135,138,155,205,174,42,124,46,123,120,58,70,67,
86,82,77,39,112,39,86,93,68,69,178,169,177,189,189,158,158,130,131,134,250,227,226,229,235,243,197,201,202,44,60,59,49,16,23,27,80,107,102,46,33,114,9,31,52,80,40,15,84,165,197,161,211,208,203,212,175,162,231,174,
138,135,152,198,132,223,43,106,125,115,59,66,81,76,73,50,42,121,41,0,7,5,8,172,229,229,224,241,198,223,135,236,195,146,240,177,182,184,201,204,208,209,122,15,0,74,71,94,94,19,26,33,62,33,48,35,50,31,26,80,
85,160,249,246,254,192,201,137,225,182,251,177,179,242,129,132,157,211,168,32,102,52,113,114,0,92,73,92,40,55,58,118,25,81,82,66,186,176,167,190,163,174,128,129,132,137,144,243,231,245,229,213,201,203,206,51,42,59,60,19,
11,26,30,5,27,127,98,120,96,111,93,68,73,72,173,180,168,172,142,151,154,159,190,238,235,171,188,200,179,132,175,219,163,101,62,40,64,28,86,78,76,43,40,45,113,0,15,10,29,91,254,165,176,241,246,248,145,199,220,201,
180,164,180,254,150,135,136,147,102,41,104,96,125,75,77,68,28,103,57,120,117,60,51,5,95,82,87,174,194,239,249,194,210,199,219,249,249,255,252,153,177,131,204,205,213,176,96,110,39,44,22,10,105,80,54,41,47,38,10,15,
81,64,88,114,132,210,244,245,241,208,215,217,213,255,160,174,177,128,147,130,128,106,32,118,57,52,118,89,127,69,104,90,100,62,98,57,83,32,25,62,199,182,165,229,247,248,248,213,204,189,158,184,175,188,224,136,214,159,144,102,
29,102,54,41,45,116,43,38,9,123,52,0,94,39,71,47,72,231,223,221,209,171,152,246,223,219,144,171,162,132,129,154,196,216,99,124,99,114,97,112,65,92,30,19,30,46,56,56,62,15,71,35,244,185,243,241,176,195,198,223,
145,234,149,184,242,191,180,254,154,135,154,150,113,116,52,91,18,17,0,8,118,101,117,97,121,92,88,94,71,75,79,191,166,169,175,143,159,136,236,245,248,248,205,212,217,216,221,204,51,34,35,38,45,99,26,23,95,80,99,7,
40,59,71,55,24,170,180,212,176,226,225,216,199,220,209,148,172,187,182,169,247,149,209,220,101,106,108,44,83,64,93,88,67,40,106,58,51,52,54,10,93,20,20,17,224,249,232,136,251,220,148,225,160,167,169,248,206,195,194,137,
252,243,91,118,111,111,34,28,94,73,46,39,60,52,14,11,65,68,81,234,229,237,243,250,139,240,199,138,192,194,244,190,179,146,196,183,209,119,37,96,99,2,79,90,79,91,68,56,103,40,97,109,115,69,73,77,172,181,171,173,
141,150,155,129,250,242,230,255,226,226,199,222,195,194,215,41,45,52,45,16,19,21,12,112,117,101,124,82,87,70,95,67,178,167,190,162,162,230,153,148,220,211,224,155,173,134,194,186,157,213,51,91,55,125,102,85,66,65,84,25,
88,56,53,42,116,22,92,89,24,239,225,169,236,199,210,223,220,220,231,191,174,177,187,137,222,151,151,146,99,116,109,53,126,81,0,30,39,40,46,103,75,78,71,43,22,17,237,229,248,236,161,145,153,244,212,175,248,235,242,175,
135,146,211,54,43,89,96,102,121,72,89,90,95,1,97,121,83,84,34,4,22,18,224,231,233,229,158,193,222,193,208,188,165,191,186,240,166,216,213,166,137,79,117,75,121,20,78,18,88,114,1,41,14,23,89,66,53,39,40,62,
254,237,205,245,200,213,209,208,167,181,185,226,153,199,142,129,151,2,113,57,30,18,114,90,87,120,10,37,2,109,20,84,60,91,22,206,204,192,186,158,233,200,212,231,212,164,181,176,171,245,201,144,143,144,97,114,114,112,77,15,
2,15,40,39,47,49,56,120,50,5,72,2,0,178,240,245,236,130,249,151,201,227,174,165,239,141,152,141,153,134,122,37,106,35,32,49,10,5,22,6,114,106,108,111,79,86,91,181,168,185,188,168,184,152,157,137,153,143,136,254,
231,234,230,206,198,202,205,47,54,59,20,8,17,27,77,29,105,41,62,117,6,26,41,85,37,10,169,166,198,162,208,211,217,169,170,175,226,179,141,136,159,217,131,208,46,119,120,126,62,80,82,79,74,49,41,124,20,5,10,0,
21,171,234,226,255,246,248,218,154,233,206,151,243,178,181,187,202,207,213,44,127,2,5,68,64,81,89,12,29,44,59,60,53,46,55,28,25,83,86,163,235,243,195,197,196,140,158,177,244,182,172,245,140,129,128,214,165,210,101,55,
114,113,3,81,76,33,45,58,63,73,30,94,93,93,68,186,187,190,167,170,151,159,134,139,135,239,235,238,204,220,220,192,48,52,61,33,40,17,6,31,3,6,22,126,98,98,119,110,82,74,80,185,179,164,172,144,145,133,156,129,
247,230,255,227,230,246,214,202,219,202,205,37,101,53,0,64,71,29,30,49,18,110,14,18,65,95,47,75,248,251,225,254,245,248,154,219,212,161,182,224,171,200,197,140,131,102,38,120,107,102,99,89,65,19,67,90,93,56,61,114,
3,11,23,30,224,241,161,210,214,143,138,203,220,210,226,231,250,251,159,149,146,153,137,108,112,36,37,20,9,100,68,44,123,122,98,31,6,19,82,66,71,75,188,198,247,233,206,192,208,211,166,248,249,242,177,147,140,136,155,127,
54,45,54,53,55,58,61,123,93,44,57,59,60,2,14,84,24,247,232,233,250,251,200,197,135,201,158,236,143,160,150,172,177,146,207,149,57,98,56,88,64,103,110,31,109,2,24,31,21,62,0,28,32,10,29,238,230,233,160,219,
138,139,142,242,230,175,160,135,237,150,198,249,253,83,123,118,89,43,85,97,14,119,119,31,107,55,47,45,33,91,185,198,239,235,192,196,197,212,209,202,148,249,179,172,179,130,145,147,145,108,46,35,63,79,72,72,78,95,104,19,
36,105,35,33,81,19,22,15,161,201,182,232,130,207,196,159,170,183,170,166,161,155,196,139,194,193,33,41,38,53,37,17,26,13,9,110,127,125,115,82,85,91,67,178,176,160,161,164,173,129,128,132,140,145,240,231,236,163,203,198,
159,144,35,88,127,84,7,119,88,27,5,101,112,34,33,43,52,28,17,84,29,234,231,233,183,213,142,139,202,170,172,236,162,177,157,152,131,155,217,137,115,116,118,123,12,69,84,81,32,38,63,72,59,28,69,80,17,231,233,184,
189,176,177,201,188,179,234,167,175,175,226,203,129,158,110,103,124,101,127,122,1,4,17,89,86,45,51,58,122,1,22,74,0,2,163,225,228,210,132,247,128,198,229,160,163,241,188,169,143,155,132,137,214,121,32,44,51,26,16,16,
113,118,120,96,99,87,69,91,73,89,72,190,167,186,171,175,134,155,138,142,245,235,229,215,200,217,221,192,41,48,52,61,36,26,31,79,31,26,90,60,119,4,43,56,68,35,244,175,185,209,156,214,221,223,216,219,173,224,177,190,
187,172,219,129,210,223,102,118,120,0,86,77,88,52,55,39,109,37,52,8,2,23,88,25,224,253,244,250,235,139,231,200,233,228,173,162,133,204,193,196,221,66,111,104,115,99,118,91,14,6,11,15,115,116,17,9,10,85,72,177,
169,196,236,233,155,153,158,130,134,150,157,188,162,181,187,157,150,155,61,52,36,78,84,67,79,68,73,123,98,40,39,56,8,27,26,24,21,87,189,184,240,207,199,201,209,225,154,189,240,153,155,202,136,157,132,43,80,63,97,59,
118,90,24,85,48,37,48,47,18,77,18,94,176,170,187,191,167,186,154,158,133,202,146,240,176,183,252,191,144,162,222,94,113,34,60,127,27,89,90,64,46,37,40,125,52,51,17,6,80,10,169,164,252,243,197,133,219,219,182,179,
184,160,242,147,138,141,159,146,213,115,123,118,127,65,65,17,98,53,108,105,59,12,2,67,70,91,171,129,134,208,246,192,220,214,217,223,171,232,191,168,143,134,157,151,109,104,34,116,10,7,116,91,125,71,29,55,98,48,100,7,
68,63,31,192,193,171,176,231,245,250,227,162,191,143,166,160,163,209,138,212,157,146,117,31,100,52,43,47,101,85,32,7,125,42,55,80,33,89,41,185,229,221,223,211,169,139,244,221,217,133,183,181,174,134,137,157,145,43,47,109,
122,125,75,88,89,91,86,20,120,117,53,50,2,23,22,94,221,242,183,228,222,135,205,192,193,232,147,252,162,248,132,159,213,144,141,96,127,104,109,10,93,28,6,111,127,120,99,92,88,64,70,66,84,188,160,164,181,172,147,134,
150,136,245,234,234,239,219,203,218,222,48,117,37,48,112,119,13,110,65,98,30,13,34,113,111,63,91,8,11,241,238,229,232,138,203,196,209,198,225,187,248,245,188,179,150,214,136,155,118,115,105,113,3,83,74,34,40,45,98,51,
59,7,14,16,1,81,34,230,191,186,251,204,211,146,151,234,235,176,234,237,190,141,156,129,108,126,44,110,49,72,71,88,89,74,43,56,53,119,74,71,7,239,231,233,224,176,250,221,144,202,200,153,168,189,164,250,129,206,129,219,
150,109,39,117,80,69,65,94,67,109,50,117,102,121,104,94,70,90,75,78,166,187,170,174,149,139,141,240,245,181,229,240,129,134,205,174,129,81,45,77,98,49,47,110,10,72,75,49,46,50,7,74,11,4,224,247,161,251,184,181,
207,192,214,150,200,219,167,162,169,177,195,140,157,98,104,109,34,66,74,71,78,80,65,98,17,38,127,122,10,29,19,82,87,170,180,180,198,209,198,207,181,172,166,163,249,207,202,130,157,149,155,99,51,72,111,34,88,69,28,38,
43,58,125,62,73,31,77,24,232,170,231,226,247,243,221,192,159,192,135,230,244,237,208,213,196,204,49,53,116,36,49,66,69,14,109,66,16,108,12,35,112,110,41,69,15,244,246,225,243,198,139,202,197,163,180,226,184,251,246,142,
129,151,215,137,154,96,109,110,78,4,77,92,35,41,44,99,1,9,4,13,19,2,163,208,231,190,187,213,218,220,149,232,237,245,245,135,144,135,142,118,111,101,96,58,14,11,67,92,84,90,60,116,7,40,93,31,4,93,231,234,
251,190,253,138,220,142,219,169,235,166,163,182,178,130,135,208,135,55,36,53,44,16,17,5,15,114,119,102,127,98,86,71,94,66,71,241,185,180,252,243,128,234,205,230,226,154,189,245,211,187,215,157,119,117,98,97,116,57,79,88,
85,74,20,54,124,121,56,15,1,90,12,231,242,255,252,205,135,223,206,209,219,169,254,183,183,178,146,148,141,213,94,113,51,62,71,72,78,7,107,110,103,103,53,29,2,19,0,17,19,255,189,176,189,205,202,217,223,174,230,149,
171,222,156,150,207,149,103,126,48,75,52,106,17,92,87,29,40,38,59,55,16,21,66,4,181,177,167,190,163,144,128,129,133,143,225,224,229,232,160,200,214,158,145,34,89,126,68,0,120,95,4,117,21,113,35,32,42,4,31,18,
87,30,233,247,232,182,212,143,155,218,173,163,235,189,129,156,153,130,154,216,121,112,119,117,120,28,85,85,80,33,39,47,119,60,19,66,79,225,230,232,185,188,128,129,153,211,204,211,177,162,179,177,140,206,210,223,111,104,104,65,
72,8,115,68,9,50,48,113,51,54,47,82,41,86,8,162,254,245,191,202,215,202,169,182,187,228,171,236,208,193,192,197,200,34,35,38,34,50,19,7,3,19,114,118,122,76,85,89,85,13,172,169,233,254,181,198,218,233,149,229,
202,233,230,134,226,144,147,142,105,106,111,34,115,77,72,95,25,67,16,110,55,56,62,126,1,18,15,10,241,233,188,212,197,202,192,213,235,170,162,191,182,139,154,218,169,142,215,51,114,117,123,10,15,21,108,108,46,57,15,6,
29,4,30,27,162,167,178,250,245,253,210,219,155,224,183,229,167,157,196,142,131,115,37,86,33,103,53,67,64,18,95,74,46,58,37,40,119,24,78,75,172,181,186,189,141,156,158,129,128,247,250,179,251,246,190,128,211,168,143,164,
32,71,104,11,21,117,0,50,49,59,36,63,1,68,13,26,23,8,167,229,190,187,250,218,220,156,178,161,188,168,147,139,201,153,144,100,102,107,60,117,68,65,80,86,79,23,11,44,117,64,1,6,25,168,173,160,161,138,192,223,
192,209,194,162,160,189,255,242,255,152,151,159,97,104,57,66,85,24,82,80,98,32,37,60,114,9,71,25,83,30,21,176,253,232,253,201,214,202,149,186,253,249,225,211,214,223,194,195,54,59,35,34,39,44,77,29,24,88,47,100,
6,41,58,70,54,10,169,183,215,179,225,211,217,198,221,208,149,179,188,185,174,200,131,208,221,100,107,109,62,80,67,94,91,64,41,107,59,50,53,0,21,90,27,19,238,246,248,233,137,250,221,151,226,163,164,170,202,207,194,146,
223,179,105,118,117,109,112,84,8,17,91,52,43,57,42,11,9,4,70,170,167,231,224,240,246,192,144,235,204,129,170,168,249,187,142,151,218,161,46,112,42,103,77,7,66,95,82,33,62,35,124,35,100,70,89,72,77,181,169,171,
174,151,138,155,142,245,235,250,255,226,149,197,208,144,151,220,78,97,66,62,126,66,17,15,31,123,57,43,17,14,5,8,93,235,228,241,230,176,219,152,149,220,211,165,246,168,187,150,147,152,145,35,115,106,109,72,77,2,83,91,
86,46,48,33,113,2,21,95,90,27,236,226,178,183,138,139,255,202,188,188,241,248,178,173,131,146,129,144,146,124,62,51,62,78,73,88,94,47,103,20,59,89,19,17,80,18,230,255,177,202,181,235,146,223,212,158,171,182,186,182,
145,148,195,123,50,62,32,33,37,24,1,0,7,9,17,97,100,118,104,85,91,74,78,178,171,186,144,156,132,157,129,133,229,252,224,226,245,223,195,194,135,215,34,115,116,63,124,83,112,99,27,60,103,97,56,84,30,5,7,16,
224,245,184,249,246,195,197,147,201,234,231,185,142,128,200,158,149,113,124,127,127,53,109,79,80,90,95,16,48,56,53,60,2,19,84,223,240,161,172,245,203,205,132,153,156,230,196,219,149,187,178,159,149,154,156,104,58,122,85,74,
75,88,40,42,39,101,43,124,96,103,123,26,21,29,242,251,187,192,228,203,143,165,135,156,248,168,210,136,219,168,194,88,63,113,66,43,18,72,96,83,86,55,61,97,35,11,4,3,243,182,167,235,227,201,199,252,245,244,146,253,
230,226,247,237,214,205,208,50,49,61,52,13,119,76,73,12,5,37,34,61,36,105,65,21,5,20,18,198,223,222,136,150,157,136,237,240,249,225,228,214,195,194,181,132,110,106,125,42,88,112,88,87,78,115,106,46,47,14,8,59,
42,192,174,191,190,190,164,158,154,159,130,139,150,248,210,213,233,237,187,145,116,96,52,78,77,74,69,92,1,24,45,61,60,58,9,55,54,80,73,176,168,168,173,145,137,155,152,247,239,230,151,183,139,135,128,132,202,184,127,120,
119,110,19,10,95,79,46,40,27,25,32,78,88,91,71,171,185,186,166,187,171,153,152,251,197,161,187,228,158,142,137,134,140,49,40,108,124,125,74,121,104,113,31,124,124,102,109,105,76,71,76,72,168,169,217,247,204,205,151,237,
172,171,164,189,224,249,138,130,155,149,174,71,87,49,47,20,16,22,15,114,118,102,124,83,87,66,18,121,126,133,207,224,214,236,224,210,143,213,249,162,235,152,128,167,174,223,45,66,88,95,81,71,84,115,91,84,83,35,104,6,
26,18,86,31,61,214,178,195,168,194,145,242,152,225,249,175,132,229,131,166,172,255,240,152,111,114,16,99,11,44,32,96,40,37,10,120,55,60,91,58,66,34,188,248,216,210,214,148,140,251,218,166,130,184,176,147,131,132,152,106,
32,36,118,97,118,78,69,92,86,83,105,127,122,50,13,5,26,19,163,216,255,178,223,213,140,214,219,202,237,142,249,175,253,155,152,218,151,114,103,114,109,80,15,80,25,125,100,116,99,120,81,93,93,66,65,81,171,161,182,175,
146,159,151,142,243,246,231,214,211,196,221,192,204,37,60,32,33,100,52,18,82,85,30,29,35,0,124,60,19,64,177,217,181,255,228,230,192,195,214,155,218,166,179,164,242,168,203,215,158,145,103,39,121,69,80,93,94,94,101,61,
44,51,57,60,64,17,25,20,29,227,227,179,192,215,142,156,165,170,172,229,248,204,197,150,251,252,175,111,126,99,127,109,14,76,19,89,54,41,63,20,13,7,2,88,172,169,225,254,246,203,194,146,233,206,131,168,170,251,185,140,
149,220,95,40,126,44,72,75,9,68,65,84,35,60,33,126,33,102,68,91,74,79,183,180,173,144,145,132,157,240,243,229,252,225,228,151,199,210,146,149,47,76,99,64,60,124,76,23,113,25,117,63,21,23,0,3,22,168,233,230,
243,228,178,217,154,151,222,209,167,248,174,133,144,157,143,111,37,125,108,115,74,79,0,81,89,84,44,50,35,115,0,0,81,92,229,234,236,180,137,140,133,133,215,179,164,173,166,191,132,129,219,222,219,147,123,123,125,76,4,119,
73,124,62,52,109,4,9,24,78,45,90,253,175,250,249,187,246,196,217,213,178,183,241,166,217,215,197,220,50,55,38,63,34,38,86,6,19,83,84,112,11,44,7,67,59,13,86,176,216,180,254,214,212,195,192,213,233,168,167,178,
165,243,134,221,216,153,110,96,57,111,68,81,92,76,44,102,62,47,48,11,14,65,16,24,21,243,245,236,180,255,193,144,157,164,171,173,247,202,207,198,198,148,114,101,108,103,126,67,94,28,17,28,44,58,58,60,13,69,54,10,
191,253,247,174,197,200,217,143,236,155,186,240,189,182,252,137,133,152,148,115,118,50,101,21,23,6,31,114,115,103,126,99,102,64,65,68,73,80,160,164,169,224,136,133,222,209,226,153,190,149,192,184,159,196,194,85,49,99,96,106,
117,95,82,23,94,41,36,40,118,20,79,74,26,237,227,171,253,246,220,217,194,218,152,200,176,183,181,184,207,149,149,144,97,103,126,55,124,83,2,15,86,38,40,121,124,113,65,89,19,12,19,226,226,243,241,204,142,131,159,175,
168,168,174,136,200,179,132,201,131,112,49,115,118,111,1,105,22,72,98,47,53,127,10,23,10,6,246,251,164,235,162,174,129,128,133,129,145,227,231,237,242,211,214,202,130,42,39,111,96,4,119,88,107,23,22,57,122,100,4,96,
1,2,8,23,236,225,181,252,203,198,217,232,178,225,236,181,186,141,205,131,144,141,136,96,120,58,106,67,85,87,90,109,36,36,14,7,9,24,88,43,253,164,177,240,247,202,155,158,147,146,234,177,174,177,128,147,130,111,106,32,
37,48,73,70,78,80,89,25,17,38,107,33,35,66,17,20,13,163,216,176,214,132,193,194,144,172,185,172,184,167,170,198,137,206,195,210,34,39,42,51,18,23,4,108,117,120,116,124,84,88,92,93,68,187,183,239,191,186,250,220,
151,228,203,152,228,131,148,207,217,177,60,118,125,127,120,123,77,0,81,94,91,76,123,33,114,127,6,22,24,160,246,237,248,212,215,199,141,197,212,168,162,183,248,185,128,157,148,154,139,43,71,104,9,4,77,66,37,108,97,100,
125,78,12,27,28,21,14,230,252,249,179,182,131,212,211,163,165,164,253,190,145,212,150,140,38,108,97,96,54,69,3,69,23,82,81,116,49,44,1,13,26,14,169,254,191,186,189,151,152,159,158,143,252,227,226,230,235,162,221,216,
152,111,36,87,105,122,6,118,89,105,119,23,115,33,34,25,6,29,16,85,28,252,249,238,136,210,144,157,164,171,173,237,144,131,158,155,128,152,43,123,114,117,119,85,26,91,83,46,39,56,41,73,58,29,68,162,227,228,234,187,
143,130,131,155,209,206,190,183,172,181,143,138,209,212,33,105,102,125,67,74,10,113,70,122,48,50,115,49,52,2,84,39,80,246,181,240,243,129,204,217,223,171,180,185,230,169,223,219,195,194,199,57,60,37,41,44,12,4,9,10,
60,108,105,58,13,70,53,26,216,164,212,251,184,166,241,141,199,204,206,169,187,190,243,130,141,155,140,42,112,35,46,70,73,79,15,65,82,56,37,38,54,124,5,20,27,17,228,171,249,241,204,197,203,218,235,152,191,230,243,141,
130,148,221,208,213,108,57,93,120,71,68,79,82,54,123,98,57,22,9,8,27,26,231,226,184,189,184,240,222,214,216,209,225,137,174,227,153,155,202,153,108,117,43,80,63,94,12,89,90,24,36,33,52,48,47,18,94,1,70,181,
170,187,175,151,139,154,159,241,228,253,225,226,244,220,193,196,132,212,33,114,117,62,125,82,96,28,28,51,96,126,57,85,31,4,6,17,227,246,187,250,245,211,196,146,200,235,230,190,177,135,199,153,138,112,125,126,126,52,93,76,
83,89,92,19,49,57,52,61,3,18,83,32,247,174,171,197,202,204,133,152,157,229,153,180,173,173,224,218,144,143,144,97,99,114,112,77,15,2,96,40,39,47,49,56,73,50,5,72,2,243,178,240,245,236,130,232,151,201,227,174,
165,192,141,152,141,153,119,122,37,106,34,33,2,11,1,22,15,114,110,119,110,83,86,80,179,182,164,186,167,137,152,156,128,153,136,254,234,250,235,239,194,219,202,206,52,43,45,17,16,85,5,16,33,38,109,14,33,49,77,45,
2,81,79,206,170,232,235,209,206,210,167,234,171,164,128,151,193,155,216,213,111,96,118,54,104,123,71,66,73,81,99,44,61,2,8,13,66,226,234,231,238,240,225,130,241,198,159,154,170,189,179,242,247,202,212,246,9,71,105,96,
77,71,72,78,90,123,44,59,60,53,46,6,28,25,83,5,170,146,149,169,200,199,222,160,169,233,146,150,149,217,139,177,162,206,70,36,118,45,70,3,106,13,35,16,121,96,26,50,1,4,5,227,183,205,253,250,196,221,128,153,
221,205,187,181,142,167,166,192,207,52,48,37,63,23,19,6,28,7,3,98,99,1,50,63,98,55,23,16,239,246,170,179,199,215,198,192,144,129,136,230,224,227,222,195,198,199,215,37,36,49,48,103,86,92,88,47,120,10,34,14,
9,24,93,92,225,249,224,254,197,220,242,156,141,140,236,246,236,232,205,208,217,215,46,12,3,7,27,101,71,90,86,10,120,63,56,55,46,83,91,31,15,238,232,219,217,224,142,159,158,158,246,251,255,255,229,217,197,221,212,165,
101,121,117,114,86,24,106,81,46,41,56,125,77,1,25,0,30,37,203,210,188,170,169,149,153,139,136,244,233,234,247,206,165,147,143,109,58,72,96,127,120,94,3,26,94,78,62,56,11,26,35,77,74,82,176,179,191,162,145,146,
158,134,159,152,165,190,191,229,159,158,153,150,143,50,43,124,108,77,75,120,120,1,111,121,122,102,68,93,64,68,84,78,161,165,176,224,171,191,179,225,182,136,186,142,132,209,131,215,148,57,74,114,85,92,28,31,112,106,109,15,
55,55,59,33,9,6,16,241,186,212,200,215,155,201,243,224,140,132,230,180,239,132,214,164,203,157,86,55,64,101,126,45,34,74,42,44,70,45,125,82,103,46,30,27,60,165,242,206,169,232,144,225,142,170,138,128,132,209,210,173,
148,144,77,127,126,101,125,114,69,88,18,22,36,51,53,60,23,14,4,238,172,161,172,252,251,202,204,221,149,230,201,239,173,167,254,132,152,137,223,92,43,125,0,77,70,12,89,68,40,36,35,38,113,21,68,79,86,70,177,187,
163,175,143,144,155,236,245,248,249,252,212,217,213,221,196,201,54,62,32,45,50,19,7,3,19,114,118,104,29,77,72,8,31,165,214,249,202,182,198,218,153,135,231,131,160,163,169,182,141,128,210,99,108,105,126,56,83,0,13,84,
91,46,110,32,51,46,43,1,25,91,11,226,229,240,197,138,203,195,175,166,168,185,249,138,158,199,210,147,148,154,58,63,50,51,88,50,53,22,37,36,57,4,22,84,22,89,19,255,224,241,226,243,192,221,159,146,159,175,183,191,
129,136,200,179,117,56,114,112,49,64,69,92,18,105,22,57,115,62,53,127,10,8,29,233,246,251,181,218,157,158,129,128,246,254,226,227,230,239,195,194,198,205,211,37,40,45,93,13,8,89,46,101,22,57,10,69,53,26,89,71,
214,178,224,227,233,246,218,223,146,163,172,169,175,201,147,192,205,103,104,110,46,96,115,95,90,65,89,27,75,53,58,48,5,74,26,18,239,230,232,249,138,249,222,135,146,211,165,171,250,255,242,220,220,158,137,110,103,109,116,78,
75,1,4,98,42,37,45,51,11,75,48,7,74,0,237,180,254,243,210,132,230,145,183,229,160,176,194,143,154,143,155,117,120,39,104,47,41,28,5,8,13,108,100,105,109,28,76,73,26,237,166,213,250,201,132,244,219,152,134,145,
237,167,172,174,137,155,158,211,98,109,104,108,10,80,3,14,38,41,47,111,33,50,24,5,6,22,92,244,244,251,241,196,139,217,209,172,165,171,186,203,184,159,198,211,146,98,116,61,48,53,29,29,95,72,47,38,46,55,13,8,
66,71,163,235,228,236,242,196,140,239,192,133,199,172,245,191,178,147,197,165,210,116,38,99,113,3,78,91,78,90,58,63,120,47,111,109,93,68,72,73,173,167,170,175,142,151,154,142,239,246,250,255,174,193,204,148,155,216,82,101,
78,58,66,85,29,11,99,127,53,62,45,10,9,12,65,231,224,237,226,188,238,132,145,208,215,217,225,164,191,170,151,148,149,223,119,102,105,99,65,6,79,95,90,91,44,37,125,6,41,91,86,31,16,230,175,179,182,143,143,205,
218,170,171,184,185,187,135,197,216,213,149,146,113,119,118,62,125,82,6,68,62,103,45,15,22,72,51,92,2,169,228,255,181,240,237,211,223,200,205,234,172,237,233,207,214,219,56,40,57,61,39,56,24,29,0,72,16,110,54,57,
122,1,22,44,88,32,247,172,186,253,153,219,216,194,172,167,170,255,182,177,143,128,222,140,215,34,114,117,123,3,85,89,52,49,58,34,112,17,8,15,29,16,87,237,253,248,249,255,199,159,228,203,234,231,185,142,128,193,196,217,
41,33,107,100,123,73,90,91,89,84,22,122,119,55,48,0,6,16,160,219,252,177,218,216,137,203,222,199,234,145,254,160,250,183,157,215,146,143,98,113,110,83,12,83,20,120,105,120,125,96,121,91,94,74,90,75,191,171,187,170,
174,146,148,141,241,253,181,229,193,129,134,205,174,114,81,45,77,98,49,30,110,10,72,75,49,49,50,7,74,11,21,224,247,161,251,184,134,207,192,214,150,200,170,167,162,169,177,212,140,157,98,104,109,51,66,74,71,78,80,50,
98,17,38,127,75,10,29,19,82,87,189,180,180,198,209,198,222,181,172,166,163,202,207,202,130,157,149,106,99,51,72,111,34,79,69,28,38,43,43,125,62,73,31,77,235,232,170,231,226,247,194,221,192,159,192,230,227,244,237,210,
213,213,196,54,41,56,60,18,91,3,14,86,40,107,16,39,12,120,47,0,83,77,221,185,234,233,211,204,199,217,236,165,162,175,160,207,157,198,211,146,149,116,52,106,121,84,64,75,83,97,49,40,60,14,3,68,13,29,233,232,
238,231,191,243,196,157,152,217,174,177,240,245,200,201,193,152,119,104,105,122,74,72,69,7,26,23,32,63,55,57,48,64,42,13,64,250,248,186,248,205,212,138,241,239,177,235,166,189,247,133,128,149,145,142,98,61,98,37,17,9,
11,14,119,106,123,127,83,75,90,95,68,245,165,176,240,247,188,238,193,226,158,158,177,241,239,191,219,153,139,113,110,101,104,61,75,68,81,70,16,74,120,117,60,51,5,86,8,27,246,243,248,241,131,211,202,205,223,173,226,179,
187,182,142,144,129,209,162,117,63,58,123,76,66,3,23,106,58,103,11,1,14,13,5,24,12,176,185,243,236,243,194,194,211,209,172,238,242,255,143,136,136,142,104,40,83,100,41,99,80,17,83,86,79,114,9,118,40,66,15,21,
95,234,247,234,230,214,219,132,203,140,254,225,224,229,237,241,195,198,207,210,51,55,45,51,18,23,26,61,109,104,40,63,116,54,25,42,86,38,9,185,167,199,163,209,195,201,214,173,160,229,131,140,137,158,216,130,32,45,116,123,
125,14,64,83,78,75,48,57,123,43,2,5,7,229,170,235,227,254,198,200,217,153,234,205,231,242,179,180,186,203,223,210,211,87,98,100,84,25,0,74,69,43,42,57,56,58,55,70,91,86,22,17,240,246,247,191,252,211,129,187,
185,232,170,191,151,201,178,221,131,42,103,124,54,115,110,82,94,73,76,107,60,107,80,72,89,92,180,169,184,189,169,185,155,158,138,154,137,140,255,225,236,243,210,201,205,44,53,56,52,13,20,24,28,29,4,123,121,126,103,107,
91,14,94,91,27,236,184,195,212,255,139,243,181,238,248,144,236,149,158,156,155,152,157,33,112,127,122,109,11,78,21,96,33,38,57,65,23,12,25,4,244,228,174,230,247,248,195,214,153,216,208,186,187,189,148,204,183,137,40,37,
108,99,117,15,2,7,30,60,66,12,50,59,55,61,21,27,23,189,226,253,243,194,209,192,194,172,238,176,231,216,223,226,131,156,148,154,147,52,71,91,83,23,92,126,21,113,0,122,3,80,51,89,32,71,232,219,162,170,224,231,
220,209,200,165,249,154,178,141,138,155,222,44,96,120,97,127,117,108,109,27,5,14,101,120,106,105,85,72,75,72,180,172,165,204,199,194,151,237,221,171,164,189,224,249,189,130,155,149,174,71,87,49,47,20,16,5,11,114,106,127,
126,123,75,44,29,22,18,226,173,215,247,240,207,199,138,147,167,183,166,179,176,161,168,198,54,55,39,61,38,34,0,5,4,17,16,74,92,80,84,35,9,15,27,191,197,229,226,204,213,152,129,213,197,163,189,134,159,158,217,192,
201,209,48,53,42,50,16,19,31,7,111,30,46,35,63,7,27,77,55,23,16,254,231,170,179,199,215,213,211,144,129,136,247,209,210,222,195,193,61,57,60,36,49,48,114,76,88,83,124,21,53,50,13,20,89,81,229,245,228,226,
193,239,238,152,132,148,255,228,224,245,239,212,195,211,210,82,111,100,116,30,100,68,67,43,58,127,126,50,42,2,28,39,62,63,169,164,175,171,142,151,139,143,239,245,251,255,205,149,230,249,253,167,121,95,101,72,122,4,94,2,
89,115,0,57,30,39,86,69,42,215,216,202,249,248,197,238,222,217,214,207,239,137,157,173,209,131,184,171,55,78,60,65,18,113,27,98,5,42,25,96,14,35,0,120,127,31,16,230,157,230,182,169,173,244,171,166,137,251,180,128,
222,167,199,175,200,103,95,93,81,43,24,118,95,91,7,53,36,16,0,7,27,30,173,161,235,228,251,250,218,219,217,212,150,235,247,183,176,128,134,144,32,91,124,49,107,88,9,75,94,71,25,17,126,32,122,55,29,87,18,15,
226,238,238,211,140,211,154,137,233,241,254,253,237,218,194,197,196,214,207,34,37,55,40,17,11,13,112,113,100,125,81,86,69,92,65,65,247,167,178,242,245,190,236,195,224,156,156,172,247,209,185,213,159,117,119,96,99,118,59,73,
70,83,68,18,57,122,119,62,49,7,88,14,229,240,253,254,207,133,221,204,211,170,175,224,177,185,180,140,146,131,211,160,119,49,60,69,74,76,20,105,108,101,54,91,111,60,15,30,3,31,252,174,236,179,249,193,214,223,180,173,
167,179,201,204,201,129,158,101,107,98,50,73,95,18,72,74,27,89,59,42,124,63,72,30,93,232,235,169,228,210,199,195,220,193,158,176,248,226,251,234,238,192,212,205,48,53,53,44,17,20,5,28,115,118,55,103,114,50,4,79,
44,3,32,179,203,236,183,145,249,132,206,181,183,160,163,133,200,137,134,147,117,35,121,58,55,126,94,80,24,78,37,48,44,47,15,69,29,31,224,234,239,160,241,200,197,204,210,195,147,143,160,241,252,133,155,157,212,41,44,37,
54,68,83,68,77,70,46,36,33,123,126,76,28,27,27,29,236,181,198,233,156,222,212,158,164,169,184,238,188,203,157,207,154,153,44,121,100,121,117,82,70,17,70,118,115,118,111,82,83,70,95,179,190,167,190,163,166,209,153,148,
220,211,241,138,173,134,194,186,142,213,51,91,55,125,87,85,66,65,84,102,47,56,53,42,116,7,92,89,24,239,225,186,236,199,210,223,205,173,231,191,174,177,132,137,222,151,151,146,114,116,109,53,126,66,19,30,39,40,46,118,
75,78,71,71,21,253,226,243,224,241,194,223,157,144,157,173,185,185,191,142,198,181,139,62,124,118,47,66,71,94,16,107,20,59,113,60,55,125,8,6,27,23,240,245,179,228,149,144,135,158,246,249,224,233,227,244,220,192,197,132,
212,50,114,117,62,125,82,96,28,28,51,96,126,57,85,31,4,6,224,227,246,187,250,245,211,196,146,200,235,230,190,177,135,199,153,101,112,125,126,126,52,93,76,83,89,92,19,49,57,52,61,3,3,83,32,247,174,171,197,202,
204,133,152,157,229,229,183,160,183,141,134,159,149,144,42,62,59,115,76,68,74,44,100,23,56,109,30,20,77,23,26,11,174,205,186,236,190,203,217,155,214,179,166,181,146,151,192,151,200,50,37,60,33,33,53,31,2,3,22,15,
98,97,119,110,83,86,1,169,164,236,227,176,250,221,246,146,234,190,229,227,139,231,173,135,133,146,145,100,41,127,72,69,90,4,55,108,105,40,63,49,74,28,23,2,15,12,253,183,239,254,193,212,217,238,167,167,162,130,132,157,
197,174,129,35,46,119,120,126,6,27,30,70,19,7,61,58,1,17,4,24,188,173,239,248,255,197,222,199,221,216,146,230,243,187,180,188,130,148,220,95,112,53,102,92,5,79,66,67,102,21,98,36,118,51,1,83,30,11,30,253,
234,239,136,223,159,140,237,244,248,249,253,215,218,223,222,199,59,62,63,38,42,47,73,17,28,36,43,104,2,21,62,74,50,246,173,187,211,175,229,223,221,218,217,220,145,183,176,189,146,204,143,212,33,96,103,105,2,84,79,90,
71,68,37,111,39,54,57,28,17,86,31,239,234,250,252,213,141,246,217,235,230,175,160,182,206,195,198,223,163,158,104,96,37,52,70,81,87,94,53,44,38,48,74,79,74,2,29,228,234,227,179,200,239,141,207,197,156,166,186,171,
253,190,201,159,222,107,104,42,103,98,70,66,93,64,31,55,103,102,116,100,80,89,74,79,173,178,187,178,147,150,159,130,242,247,248,227,226,231,216,220,199,202,208,54,34,53,44,16,20,22,15,114,126,102,127,82,86,71,94,66,
64,160,161,165,172,225,152,149,221,210,225,154,174,133,193,185,158,197,50,90,54,124,103,90,69,94,83,22,95,57,52,43,117,23,76,90,27,236,226,170,237,198,211,222,221,221,232,184,177,182,180,185,223,150,150,147,98,119,110,54,
125,82,3,31,38,41,47,102,123,65,64,122,125,59,236,253,249,251,252,194,221,135,216,183,168,169,171,138,136,133,199,126,33,6,25,29,116,66,82,84,85,29,30,17,41,109,7,37,47,75,202,176,234,185,253,159,254,129,215,236,
252,236,174,158,175,151,147,148,195,65,105,119,112,81,20,5,73,54,39,33,2,19,43,69,65,89,75,72,167,186,170,183,142,234,210,210,166,250,136,143,136,135,158,195,218,111,127,126,120,75,90,112,30,11,11,114,123,105,106,86,
75,91,169,168,203,245,241,250,148,238,222,217,214,188,225,248,188,172,141,154,169,184,65,47,59,12,22,29,25,28,119,121,125,120,121,14,6,27,2,31,67,193,248,247,240,209,148,146,166,182,167,161,130,162,171,197,195,192,204,34,
32,35,47,50,1,2,14,22,62,77,85,105,59,28,34,0,212,238,187,249,173,205,159,244,212,251,250,226,249,158,140,179,175,153,97,104,124,100,105,76,78,69,12,106,13,61,97,51,25,10,71,62,76,30,181,193,171,242,149,203,
248,240,158,179,144,219,220,143,128,150,252,135,38,25,29,68,116,65,121,11,36,16,127,6,87,63,88,4,60,205,193,187,168,215,254,203,247,197,212,207,167,183,171,142,204,192,155,116,107,106,121,120,73,68,6,27,22,86,32,48,
54,55,127,43,12,65,251,249,168,251,206,215,137,242,157,176,234,167,188,246,130,159,146,158,137,140,60,99,42,25,8,16,14,109,125,121,97,85,84,70,95,67,68,167,184,164,187,170,175,129,148,141,240,244,164,244,193,129,134,205,
93,114,81,45,77,98,0,30,110,10,72,36,38,49,50,7,74,26,21,224,247,161,251,139,134,207,192,214,231,185,170,167,162,169,158,212,140,157,98,104,124,51,66,74,71,93,35,50,98,17,38,78,75,10,29,19,82,184,189,180,
231,170,188,239,220,173,176,172,173,223,157,194,136,135,105,104,123,122,120,66,24,29,24,80,47,54,56,49,65,58,29,67,249,251,170,232,204,213,139,240,159,193,236,185,186,248,181,144,148,144,143,114,45,97,41,27,10,27,31,119,
107,114,120,127,102,93,64,88,73,76,162,185,168,173,144,216,147,158,166,169,234,145,151,188,200,176,135,35,61,77,41,107,104,67,92,87,90,111,38,50,63,16,78,28,86,163,226,229,235,179,218,201,196,193,202,210,241,161,184,191,
141,147,212,157,109,104,105,126,87,15,116,91,26,104,41,62,48,113,69,88,89,81,27,244,248,249,234,203,201,196,151,234,231,167,160,135,137,128,208,171,140,48,106,104,57,123,78,68,26,97,110,48,123,54,13,71,2,31,229,225,
254,227,188,227,149,136,153,136,141,227,250,235,238,218,202,202,207,59,43,58,62,21,4,29,1,13,52,100,113,49,54,125,45,2,33,93,221,242,176,174,254,154,216,180,182,161,162,183,250,138,133,144,135,209,139,59,54,127,112,70,
23,73,90,55,50,57,14,68,28,13,18,24,236,163,242,250,247,205,211,194,146,225,182,254,251,186,141,131,194,40,45,36,36,118,80,71,78,69,92,86,32,122,127,122,50,13,20,26,19,163,216,232,157,223,213,140,214,170,187,237,
142,249,175,206,155,152,218,151,99,118,114,109,80,15,71,120,115,100,125,96,81,69,92,65,64,166,191,163,160,182,175,131,134,198,150,227,163,179,192,187,156,183,34,90,125,38,32,72,23,93,70,68,83,80,52,121,56,55,2,10,
84,246,173,168,233,207,193,137,223,212,193,191,188,188,246,174,142,145,155,158,209,96,119,114,67,69,92,4,30,49,96,109,52,8,14,71,90,95,7,163,215,242,253,254,214,212,200,253,236,174,168,143,134,157,132,158,104,34,39,50,
122,117,76,82,91,27,96,32,101,39,29,68,14,18,243,165,214,161,231,134,195,192,146,223,187,174,186,165,168,247,143,207,197,44,53,57,41,13,28,30,1,115,119,122,98,99,102,88,67,66,71,74,2,189,184,248,207,132,230,201,
154,230,150,185,201,215,183,211,129,130,121,102,125,112,53,83,92,89,78,104,50,112,125,4,11,13,77,240,227,254,251,224,201,139,219,210,213,215,181,250,187,179,142,135,152,137,41,90,125,55,2,67,68,74,27,111,98,99,7,50,
35,4,73,80,26,245,251,250,233,200,202,199,150,235,230,166,161,177,134,135,207,172,131,49,107,105,56,122,79,71,25,98,109,51,105,55,12,70,3,30,226,238,249,252,187,236,155,130,152,128,140,236,230,235,241,214,210,214,207,50,
51,38,63,19,23,7,28,1,27,122,103,120,105,109,64,89,72,77,185,169,171,175,147,138,155,159,244,235,250,254,231,149,197,208,144,151,220,78,97,66,62,126,81,17,15,31,123,57,43,17,14,5,8,93,235,228,241,230,176,234,
152,149,220,211,165,246,168,187,150,147,152,145,35,115,106,109,127,77,2,83,91,86,46,48,33,113,2,21,95,90,27,236,226,163,183,138,139,161,166,135,169,160,188,182,185,142,154,200,159,136,111,117,110,119,77,72,19,69,106,77,
66,70,8,7,15,17,24,88,210,214,230,170,248,241,226,142,247,245,167,237,134,212,181,218,140,80,57,49,107,91,91,76,95,82,92,0,17,57,54,49,16,85,85,25,241,232,230,242,227,234,132,130,129,252,225,224,227,236,241,194,
223,214,167,103,123,119,112,84,26,104,47,40,39,62,99,122,15,31,30,24,43,201,208,190,168,171,151,155,137,138,246,235,251,201,200,191,132,153,113,108,48,82,122,117,65,64,5,20,88,48,56,54,13,36,37,84,178,177,189,160,
162,144,156,129,131,128,140,231,175,220,211,215,172,131,181,143,82,96,42,72,28,79,29,118,39,8,9,96,123,47,61,34,62,31,31,255,227,243,210,202,195,129,159,131,187,255,132,166,189,217,184,194,107,56,75,33,72,47,80,99,
10,100,57,5,86,105,1,6,8,139,248,160,135,155,202,193,204,243,129,222,155,228,157,237,133,210,145,177,75,79,61,54,96,65,77,105,67,41,58,42,61,33,52,71,91,17,14,17,224,236,245,207,202,128,148,225,169,166,174,176,
138,202,177,134,203,129,114,51,113,116,109,20,103,16,54,100,33,51,65,12,25,12,24,244,249,166,233,160,146,131,139,132,151,135,228,244,235,210,200,217,204,51,41,62,59,14,23,27,31,30,7,122,118,46,126,123,59,27,88,35,
244,223,186,194,213,142,152,240,255,181,190,188,187,184,140,193,144,159,154,98,60,110,53,0,65,87,89,97,55,44,57,23,20,4,78,6,230,233,227,246,185,248,223,218,219,221,180,236,134,169,200,197,140,144,102,47,34,39,62,92,
33,38,101,86,87,37,49,43,97,27,93,31,8,239,230,253,247,205,200,130,135,146,171,164,172,178,187,204,175,128,197,135,125,53,127,114,83,5,118,18,52,102,35,32,67,14,27,14,26,5,255,184,239,160,174,140,132,137,140,237,
244,234,238,159,207,202,138,108,39,84,123,72,52,115,68,31,9,97,108,38,45,47,8,11,29,80,225,238,235,252,139,209,130,143,214,166,168,240,166,189,168,132,135,151,221,117,100,120,114,71,8,73,80,45,36,42,59,123,55,24,
89,84,29,18,245,188,177,180,141,158,220,203,172,165,190,182,140,137,195,198,211,100,99,115,117,116,13,110,65,4,70,60,118,60,49,16,70,53,83,245,167,226,225,132,193,220,209,221,202,190,249,174,225,237,205,199,202,203,46,55,
42,47,15,22,27,24,57,97,108,52,59,120,50,5,46,90,34,230,189,171,195,159,213,207,205,170,169,172,225,135,128,141,130,220,127,36,49,112,119,121,18,68,95,74,55,52,53,127,23,6,9,236,225,166,239,255,250,202,204,197,
157,230,201,251,246,191,176,134,222,211,214,47,47,109,85,74,75,88,89,91,39,101,120,117,53,1,17,23,22,94,221,227,166,228,222,135,205,175,182,232,147,252,147,201,132,159,213,144,126,115,127,104,109,10,76,12,6,111,118,109,
84,72,81,91,92,180,184,189,189,164,169,157,158,135,138,143,174,254,251,187,140,199,163,116,95,43,83,100,14,24,112,12,70,62,60,59,56,61,112,16,31,26,13,171,241,181,128,193,198,200,225,183,172,185,164,167,132,206,134,151,
152,146,118,57,120,112,77,91,93,52,108,23,56,72,69,12,3,21,92,162,167,239,186,222,202,213,214,206,211,183,229,244,134,145,134,143,117,108,102,99,57,15,10,66,93,85,91,35,115,8,47,98,24,5,92,230,235,250,189,254,
137,223,141,216,168,234,167,162,183,179,157,128,223,128,199,38,52,45,16,21,4,12,113,117,52,100,113,2,5,78,45,2,208,172,204,227,176,174,233,133,207,180,182,161,179,134,203,138,133,99,116,34,120,59,54,78,65,87,23,73,
90,32,45,46,14,68,13,28,227,233,236,163,193,201,196,205,211,194,227,144,167,254,251,149,154,156,213,40,45,53,73,68,93,93,16,106,32,63,32,49,19,2,0,29,95,82,176,248,247,255,193,200,153,226,181,248,178,163,194,128,
133,156,210,88,39,121,51,126,117,16,93,72,93,41,39,42,117,26,82,91,82,186,182,166,189,160,139,156,153,159,134,253,225,248,233,237,217,217,202,207,45,51,62,50,19,23,27,2,114,119,115,99,98,102,93,92,69,73,75,172,
164,168,169,220,140,154,218,173,230,149,186,184,196,180,155,216,198,81,45,103,108,110,88,91,94,19,34,45,59,44,74,16,67,78,230,233,239,175,225,205,216,197,198,214,156,165,180,187,177,132,203,153,145,108,101,107,107,11,120,95,
6,19,45,34,52,125,112,117,93,127,112,62,224,250,246,252,195,197,193,130,165,178,165,172,167,129,131,158,220,130,36,27,28,16,113,78,85,91,82,98,25,13,44,80,2,40,59,176,193,187,241,162,193,154,227,132,218,233,240,235,
161,140,135,130,198,188,108,107,100,125,23,6,74,66,91,85,31,22,23,113,111,71,67,86,78,174,182,178,179,243,206,197,196,249,139,163,188,187,155,222,223,147,139,146,127,68,93,92,10,20,14,10,111,127,123,76,85,90,92,89,
88,198,255,240,251,254,248,143,245,213,210,173,165,232,241,133,149,132,109,86,79,78,56,38,28,24,29,4,9,126,126,102,115,35,104,126,114,32,247,201,251,241,195,158,196,136,162,248,139,179,148,157,223,220,179,169,174,74,114,122,
115,87,79,112,47,51,117,19,23,22,90,8,50,33,77,199,165,247,172,199,132,229,138,220,151,246,135,154,185,226,229,149,107,109,7,108,60,32,36,109,93,88,127,100,51,15,104,41,81,38,177,237,197,199,234,144,147,236,213,209,
136,187,166,162,181,176,219,223,157,138,109,123,104,73,75,70,4,104,101,37,34,50,52,6,78,45,2,71,244,238,183,253,240,209,152,227,236,178,232,165,143,197,128,157,144,111,120,125,58,109,34,29,31,6,11,14,111,105,108,82,
72,89,76,181,169,184,189,160,138,155,159,135,154,139,255,231,251,232,237,216,206,197,44,60,59,49,25,21,84,4,17,34,37,110,13,34,48,76,44,3,80,78,201,165,239,212,214,193,211,166,235,170,165,131,148,194,152,219,214,110,
97,119,55,105,122,64,77,78,46,100,45,60,3,9,12,67,225,233,228,237,243,226,131,240,199,158,155,181,186,188,245,200,205,213,155,116,107,106,121,75,73,68,6,27,77,66,61,54,49,41,21,7,16,61,236,232,220,206,241,141,
128,180,203,153,141,135,160,211,143,219,162,194,180,33,121,116,43,107,88,64,7,15,42,61,55,4,31,66,70,20,242,229,236,231,254,195,222,156,145,156,172,186,186,188,141,197,182,138,63,125,119,46,69,72,89,15,108,27,58,112,
61,54,124,9,5,24,20,243,246,178,229,148,159,134,150,240,235,243,255,255,228,222,220,204,202,208,32,37,40,49,16,21,8,18,115,119,126,98,82,87,90,67,66,185,185,188,165,168,168,157,132,137,140,237,244,234,238,159,207,202,
155,108,39,84,123,72,11,115,68,31,9,97,108,38,45,47,8,24,29,80,225,238,235,237,139,209,130,143,214,166,168,240,166,189,153,132,135,151,221,117,119,120,114,71,8,73,80,45,36,42,59,76,55,24,89,84,29,227,245,188,
177,180,141,132,147,180,167,168,191,246,233,237,198,194,36,79,94,95,65,72,13,2,15,25,109,30,23,3,27,48,70,83,45,234,224,227,251,141,162,192,223,215,168,161,241,138,159,186,195,155,185,144,110,54,85,40,78,81,81,18,
119,117,19,50,27,81,9,27,36,8,27,243,160,208,211,146,239,129,254,167,163,153,137,131,128,152,183,134,102,120,97,119,118,86,26,30,92,75,44,52,47,54,12,9,67,169,164,228,227,243,196,197,141,238,193,132,181,175,246,188,
177,144,215,164,211,117,39,117,78,4,65,92,81,44,59,62,121,46,97,94,94,71,74,70,191,174,172,179,146,149,141,236,245,248,253,252,212,216,217,140,220,42,106,125,54,69,106,104,20,100,75,104,118,1,93,23,28,30,232,235,
238,163,242,253,203,220,154,192,147,158,182,185,191,255,145,157,136,117,118,102,44,85,68,75,65,84,27,41,33,60,53,59,27,91,40,15,86,163,253,242,196,141,128,133,232,207,195,146,151,129,219,131,177,152,150,63,93,32,118,105,
89,106,15,122,5,44,57,50,9,0,9,20,244,162,166,244,227,244,204,199,222,212,209,252,241,252,140,139,139,156,109,37,86,121,44,93,87,14,84,89,57,111,12,123,45,127,29,22,92,233,244,233,244,211,214,129,214,250,241,230,
247,229,250,218,223,203,219,202,207,35,52,36,19,8,8,12,115,105,120,125,82,27,67,78,22,25,171,208,231,204,184,239,192,147,141,157,249,170,169,147,140,135,138,44,101,98,111,96,15,93,6,19,82,85,52,116,42,57,20,17,
11,19,161,241,232,252,206,195,132,205,221,169,168,174,167,255,132,132,221,216,153,110,113,48,53,8,9,82,52,75,18,47,54,38,90,67,9,6,25,239,228,253,247,242,136,156,153,209,174,166,168,178,194,185,158,211,120,122,43,105,
124,101,12,111,24,78,28,41,59,121,52,17,4,19,12,241,174,241,182,148,139,146,152,159,134,252,232,248,233,236,198,217,202,207,45,61,41,50,19,23,24,2,114,119,122,99,98,88,93,92,69,72,76,236,188,185,249,206,133,229,
202,153,229,149,171,200,214,182,210,128,124,126,121,122,127,50,82,93,88,79,105,32,115,126,7,8,14,95,241,226,255,250,225,198,140,196,213,218,161,180,251,186,178,143,149,155,138,42,89,126,54,3,66,69,75,109,96,101,124,16,
61,11,16,0,21,9,188,167,172,178,239,207,213,130,242,235,134,174,156,213,223,192,196,212,95,126,96,119,121,91,88,93,3,114,106,8,42,5,1,2,23,185,160,234,229,250,202,217,216,218,215,149,251,246,182,177,129,135,151,223,
92,115,54,91,89,8,74,95,70,105,18,125,35,121,52,28,86,19,14,227,254,233,236,139,220,152,242,232,240,255,252,236,217,144,216,213,157,97,50,73,110,69,1,104,79,20,114,26,118,19,16,26,5,30,226,167,238,249,244,235,
134,196,159,154,219,172,179,251,173,134,147,137,114,106,40,120,113,71,69,72,31,86,86,32,49,55,46,118,44,3,82,95,230,233,248,137,140,129,128,186,204,138,172,189,185,136,143,145,157,199,152,102,121,120,107,74,72,82,104,62,
97,108,8,3,73,29,89,92,170,250,250,243,244,190,236,242,210,141,181,183,140,214,168,223,130,106,119,59,68,124,59,125,79,94,93,105,63,54,50,63,98,25,88,25,238,224,168,233,207,193,163,208,152,204,192,145,148,177,235,130,
176,153,151,207,77,47,113,86,94,122,14,123,4,45,41,2,10,3,10,23,4,82,167,245,226,245,252,192,209,211,174,236,225,253,141,138,138,140,157,38,85,122,47,109,86,15,85,88,73,31,11,116,42,64,13,6,93,232,245,232,
228,208,213,130,213,133,130,231,254,226,224,247,238,196,193,208,49,53,43,49,25,21,5,28,115,119,102,127,99,111,22,70,83,19,20,176,203,236,199,131,251,205,150,240,152,244,190,150,148,131,128,149,41,104,103,114,101,51,70,29,
24,89,46,32,121,47,4,17,28,12,236,166,254,239,240,203,206,129,208,216,213,179,181,172,244,191,129,208,221,100,107,109,55,10,15,6,85,56,78,31,42,43,35,81,88,18,13,18,227,225,240,242,207,141,128,158,174,169,169,175,
143,199,180,155,206,140,113,48,114,119,110,0,106,21,75,97,44,52,126,11,22,11,7,241,244,163,244,164,163,128,129,133,143,144,224,229,224,241,208,212,200,210,49,52,38,54,19,11,26,30,2,100,125,97,109,116,109,65,68,85,
76,176,177,231,183,130,194,197,159,156,179,144,236,140,156,199,193,169,197,143,101,103,112,115,70,24,89,86,35,52,98,41,74,71,14,1,23,168,254,245,224,237,223,223,149,205,220,163,186,191,240,129,137,132,156,98,115,35,80,80,
1,12,85,90,92,100,121,124,117,25,4,16,27,11,238,242,166,170,147,139,230,198,170,245,252,252,153,185,149,204,192,201,205,62,68,117,107,76,66,82,81,36,122,123,99,55,29,10,22,29,241,176,185,243,236,243,209,194,211,209,
172,238,242,255,143,136,136,97,104,40,83,100,41,82,80,17,83,86,79,114,9,118,40,66,30,21,95,234,247,234,201,214,219,132,203,135,251,225,230,225,245,214,194,139,211,222,102,120,59,64,87,124,8,31,48,99,125,13,88,26,
25,3,28,23,233,188,245,242,255,208,159,205,150,227,162,178,132,196,154,137,132,112,123,99,49,97,120,76,94,83,20,93,60,57,56,62,23,79,35,244,173,168,233,254,193,128,133,152,153,192,199,145,183,182,178,145,150,152,148,62,
97,105,78,71,92,69,46,43,97,55,120,117,3,8,82,6,82,87,179,227,243,250,205,152,227,133,173,250,186,142,181,223,161,198,155,97,124,32,95,119,1,121,66,86,79,19,55,43,5,22,85,22,161,224,231,233,177,195,196,202,
184,203,147,197,217,136,157,184,210,149,191,110,104,56,83,22,72,95,87,99,117,112,15,54,50,25,7,22,20,16,29,251,224,180,136,194,221,211,162,177,160,162,191,206,195,206,158,153,104,110,127,55,68,107,9,67,65,96,34,39,
47,65,58,69,27,162,239,228,174,251,230,202,198,193,196,147,196,227,224,240,209,213,200,209,56,60,37,60,18,30,6,31,2,3,103,126,98,101,119,72,64,84,77,177,181,181,172,145,150,133,156,242,245,230,255,226,223,199,222,195,
198,134,57,52,124,115,0,123,77,102,98,26,61,117,83,59,87,29,6,245,226,225,244,185,248,216,213,202,148,182,252,249,184,143,129,201,140,103,114,127,124,124,7,95,78,81,91,41,126,55,55,50,3,20,13,85,222,241,160,190,
199,200,206,135,235,238,231,180,217,222,184,149,140,140,193,40,115,108,115,66,81,83,81,44,110,99,110,15,8,8,14,31,87,211,228,169,227,225,145,211,214,207,225,154,246,168,194,143,132,206,106,119,106,102,97,91,4,75,3,0,
16,96,100,104,113,88,92,86,79,178,190,166,174,147,146,135,158,130,250,177,249,244,188,179,209,170,141,166,34,73,110,53,19,123,23,76,55,53,34,33,52,70,15,24,21,10,165,231,188,185,248,207,210,154,204,167,178,191,173,141,
199,159,142,102,100,105,62,119,119,67,82,84,77,21,30,34,115,126,7,8,31,86,171,174,167,203,193,206,205,197,216,204,240,183,180,181,174,151,218,240,247,65,103,119,115,65,70,72,68,121,46,57,62,55,29,4,30,27,81,7,
187,182,197,234,236,214,234,216,245,175,243,135,213,174,142,177,176,56,35,95,122,122,113,91,70,7,68,98,8,28,22,17,83,15,180,213,189,195,161,249,197,154,250,216,192,244,156,185,174,183,132,142,211,221,77,104,104,76,77,88,
22,16,103,103,99,121,47,121,15,28,18,90,92,205,217,185,191,204,213,156,232,162,189,162,179,145,128,130,159,221,208,46,126,121,121,127,95,23,100,75,126,60,33,64,2,7,30,80,218,165,251,177,252,196,142,219,198,219,215,161,
164,243,164,212,222,208,55,52,36,59,17,88,0,13,85,90,106,17,38,13,121,1,7,92,74,34,190,235,232,210,205,198,203,239,166,161,172,163,253,156,199,210,147,148,107,51,101,126,107,86,74,82,96,48,41,46,13,0,71,14,
30,232,233,239,230,190,197,219,154,151,222,209,167,241,244,201,205,196,207,40,37,108,99,117,44,87,7,56,60,101,9,52,102,54,28,26,20,76,206,179,229,235,219,247,154,151,240,162,174,141,186,179,136,132,145,152,131,215,60,126,
105,78,71,92,84,46,43,97,100,66,10,5,13,19,26,171,208,231,170,224,226,148,222,211,178,228,134,241,151,197,128,131,34,111,122,111,123,100,88,7,72,0,8,124,101,105,108,76,85,73,79,173,178,189,161,147,151,157,130,131,
247,242,227,226,230,233,220,204,204,208,49,53,40,49,16,21,26,18,115,118,121,98,99,87,83,67,66,71,74,237,189,184,248,207,149,230,201,154,230,150,170,201,215,183,211,129,115,121,102,125,112,2,83,92,89,78,104,35,112,125,
4,11,13,94,240,227,254,251,209,201,139,219,210,213,160,181,250,187,179,142,150,152,137,41,90,110,55,2,67,68,74,106,111,98,99,40,93,101,36,17,0,8,172,189,255,232,207,198,206,215,173,168,226,231,195,139,132,140,146,100,
44,79,96,37,103,76,21,95,82,51,101,5,114,20,70,3,17,163,238,251,238,250,218,223,152,207,143,143,253,228,232,237,205,199,202,204,46,55,58,42,15,22,26,31,31,121,124,101,120,105,92,71,89,72,77,176,186,169,172,142,
145,158,147,242,246,252,227,213,216,213,220,197,201,63,108,60,57,121,78,22,101,74,25,101,4,43,72,86,54,82,247,252,254,249,250,255,131,210,221,216,207,250,160,243,254,135,136,159,223,113,98,127,122,86,70,12,68,85,43,33,
52,123,58,50,28,21,27,10,170,217,239,182,131,194,197,164,237,224,229,252,144,140,139,144,128,149,137,47,112,123,114,81,82,23,53,74,4,42,12,8,10,13,19,31,180,235,228,251,250,218,219,217,212,150,184,254,251,128,151,169,
155,81,99,62,100,40,66,24,107,83,116,125,127,124,31,52,56,40,2,22,15,190,253,188,255,227,225,222,132,161,253,156,228,154,232,131,158,193,177,147,106,45,85,112,87,78,90,57,108,106,5,62,3,73,39,4,24,250,180,178,
180,180,176,155,205,155,222,173,163,252,194,171,166,206,33,106,123,45,57,115,95,64,81,66,83,81,61,127,114,127,15,23,31,225,232,168,211,213,152,210,208,145,211,165,188,242,137,246,153,211,158,149,223,106,104,125,73,86,91,4,
58,114,112,97,102,86,70,89,66,11,83,175,247,248,187,192,215,227,159,159,176,227,236,188,216,154,153,131,111,100,105,60,117,114,78,65,31,77,22,116,61,50,4,68,26,24,245,240,251,227,177,210,203,204,222,211,229,172,188,185,
184,190,128,208,163,116,45,40,120,79,65,0,5,107,111,102,124,123,118,14,1,23,125,6,86,158,146,195,230,195,136,208,130,171,165,253,172,209,135,152,136,164,56,53,82,115,127,114,65,76,72,47,42,113,117,7,16,7,14,246,
239,229,224,186,142,139,195,220,212,218,188,244,135,168,221,159,132,221,103,106,123,62,125,10,92,14,91,41,107,38,35,54,50,2,7,80,7,184,167,181,172,145,148,133,143,243,243,230,255,226,214,199,222,194,193,32,35,38,52,42,
23,25,8,13,117,105,112,105,78,87,91,90,175,190,188,163,170,174,128,129,133,142,144,241,229,232,241,208,212,206,131,43,38,110,97,3,120,95,116,16,104,56,123,101,5,97,2,1,11,20,239,226,180,253,202,199,216,134,181,238,
235,170,189,140,204,130,145,140,137,99,123,57,105,64,71,86,91,108,37,37,49,0,6,31,71,44,252,165,176,241,246,248,152,157,144,145,167,163,180,189,150,143,133,145,43,46,1,6,122,78,12,64,28,17,109,37,61,60,51,65,
41,63,23,176,240,229,207,149,235,156,193,175,186,254,153,185,246,165,148,148,149,137,105,43,42,62,71,72,95,53,38,41,47,102,110,98,51,54,19,73,224,210,251,245,173,252,129,215,200,184,148,232,229,162,131,143,173,113,124,120,
127,122,1,5,87,64,87,94,38,63,53,48,74,79,91,19,236,228,234,204,132,247,216,141,207,180,237,183,186,171,253,173,218,140,222,107,121,59,118,83,70,66,50,55,96,55,104,102,69,92,65,68,85,191,162,160,182,175,147,134,
151,142,243,242,231,209,213,216,145,217,37,109,98,49,74,109,117,17,105,78,21,115,10,102,44,23,21,21,238,227,166,239,248,196,219,133,199,156,153,171,188,178,250,172,150,131,142,141,109,39,104,65,70,68,73,30,38,38,35,50,
52,30,70,45,2,83,94,246,249,255,182,139,142,144,166,177,166,175,149,140,134,131,217,220,0,7,117,119,119,123,9,112,94,75,16,61,46,22,13,11,9,169,173,239,248,255,246,222,199,221,216,146,230,243,187,180,188,130,148,220,
95,112,53,119,92,5,79,66,67,102,21,98,36,118,51,1,83,30,11,30,234,234,239,136,223,144,137,237,244,249,252,253,215,218,214,222,199,202,62,63,38,42,45,24,9,13,113,104,121,108,85,73,88,92,71,170,178,189,190,167,
155,158,159,134,138,139,248,233,237,216,200,217,205,52,41,48,52,14,23,26,31,79,31,107,43,60,119,4,43,47,91,35,244,175,168,192,156,214,221,223,171,168,173,224,177,190,138,157,219,129,210,48,113,118,120,0,86,92,73,52,
55,39,109,22,7,8,2,23,169,232,224,253,244,250,196,156,231,200,233,228,188,179,133,204,193,215,43,60,94,107,126,66,91,64,65,67,19,55,53,53,57,78,37,21,28,226,224,192,250,142,249,208,212,244,243,153,171,188,144,173,
138,153,175,213,10,112,119,121,8,47,35,97,4,33,123,35,32,9,7,95,61,64,225,230,238,202,175,154,244,221,217,131,176,174,170,141,136,194,198,101,114,101,108,103,126,67,94,28,17,28,61,58,58,60,13,69,37,10,191,253,
247,174,197,200,217,143,236,228,186,240,189,182,252,152,133,152,148,115,118,50,101,20,17,6,14,114,118,103,126,98,90,64,65,70,73,80,162,167,181,165,148,154,139,143,247,234,251,239,210,203,218,222,199,36,59,35,56,46,21,76,
28,25,89,46,118,5,42,57,69,53,11,168,182,214,178,215,220,222,217,218,223,227,178,189,184,175,201,128,211,222,103,104,127,63,81,66,95,90,54,38,108,36,53,58,1,20,91,26,18,252,245,251,234,138,249,207,150,227,162,165,
171,205,192,197,220,146,124,99,114,97,112,114,92,30,19,52,75,53,62,43,0,11,2,240,230,231,237,226,240,129,217,222,198,205,207,187,184,189,246,189,141,129,185,55,85,111,79,99,105,86,93,99,103,24,34,48,43,39,22,95,
83,116,139,200,220,214,209,147,207,244,149,253,131,225,136,133,218,186,152,128,52,92,121,110,119,68,78,19,29,22,52,57,18,45,44,76,51,234,249,228,244,241,184,140,158,132,147,180,182,185,191,246,233,237,163,73,102,59,105,83,
21,104,30,126,127,123,32,34,96,9,102,17,89,40,11,230,247,236,197,192,146,239,174,171,167,168,178,161,194,136,135,152,153,138,122,120,117,55,10,50,53,41,34,104,19,21,43,25,60,22,67,226,182,245,167,220,205,242,243,138,
145,141,183,191,140,141,152,204,96,107,109,45,97,14,3,14,70,94,95,33,89,94,82,57,12,10,92,223,168,254,175,129,204,199,141,193,167,163,188,161,254,133,161,131,182,147,137,38,126,85,90,105,127,105,123,2,44,57,21,3,
25,13,23,24,239,238,253,227,232,183,157,145,156,164,171,194,212,232,236,128,139,34,112,56,52,91,101,106,7,27,81,78,81,55,44,53,15,10,81,84,161,233,230,238,195,202,138,241,198,139,176,178,243,177,180,130,212,167,208,118,
36,112,115,1,76,89,76,43,52,57,102,41,81,93,67,74,64,87,161,165,173,176,145,148,136,145,249,245,229,231,213,202,219,223,198,43,58,62,37,106,50,16,80,87,28,31,33,2,126,62,17,66,79,223,187,249,250,224,206,197,
200,157,212,164,177,166,240,170,201,213,156,147,101,37,123,123,86,83,88,64,99,51,42,45,63,50,66,19,27,22,31,225,225,177,194,213,140,154,219,172,162,227,230,202,206,203,155,155,146,98,48,98,42,50,114,84,87,126,46,41,
54,55,6,3,87,8,226,235,248,234,179,205,194,212,190,177,181,180,187,189,215,232,128,148,154,8,99,100,123,10,45,33,112,101,5,120,1,7,31,50,28,65,29,58,244,239,180,212,215,203,218,237,166,182,190,170,160,156,214,179,
155,150,99,116,118,109,53,71,67,84,93,54,47,37,49,75,78,97,102,237,238,172,207,224,214,221,224,210,143,213,249,177,235,152,128,167,191,206,45,78,101,105,110,93,65,64,20,89,35,53,117,41,117,91,86,14,22,231,232,187,
192,230,206,153,217,171,152,250,156,227,135,134,131,199,176,144,40,85,114,127,76,65,94,108,55,38,63,5,76,45,2,5,25,167,197,228,248,248,243,221,223,222,237,182,182,175,186,183,158,155,101,42,66,121,125,100,64,67,86,28,
25,43,60,50,80,59,12,19,82,117,137,170,166,128,153,149,145,141,248,244,240,236,232,228,211,207,214,180,189,34,67,90,93,3,26,1,125,121,117,113,109,88,84,80,76,72,115,226,253,245,251,242,147,232,239,209,143,163,168,173,
212,146,129,198,124,125,62,127,38,23,113,67,113,108,84,107,33,110,60,12,37,72,202,233,235,182,224,193,205,249,208,215,226,236,156,149,248,247,249,155,148,156,98,116,60,127,105,125,111,47,46,37,60,50,47,82,58,30,71,71,
208,199,249,215,251,215,245,140,186,169,254,181,149,214,135,222,203,71,110,106,94,115,124,91,116,69,84,74,51,58,51,24,76,64,27,244,235,234,249,248,201,196,134,155,150,214,160,176,182,183,255,171,140,193,123,121,40,123,78,87,
9,114,29,48,106,39,60,118,2,31,18,30,9,12,188,227,170,149,136,153,140,241,233,248,252,212,202,219,222,199,218,63,58,63,33,46,51,5,8,9,108,117,105,100,28,76,73,9,237,166,213,250,201,181,244,219,152,134,230,237,
167,172,174,137,138,158,211,98,109,104,127,10,80,3,14,87,41,47,111,33,50,47,5,6,22,92,244,229,251,241,196,139,202,209,172,165,171,186,250,184,159,198,211,146,149,116,61,48,53,9,63,51,98,12,16,10,48,9,10,27,
13,8,191,223,227,162,173,237,212,208,251,212,165,182,178,191,142,157,193,214,100,115,100,109,87,78,68,65,27,30,108,60,59,59,61,12,85,38,9,188,254,231,190,196,201,216,142,156,235,189,239,186,185,204,153,132,153,149,99,102,
49,102,23,28,22,15,115,118,102,119,84,75,82,87,95,185,188,168,184,169,172,128,153,143,136,237,243,239,163,203,198,142,144,35,88,127,84,48,119,88,27,5,101,1,34,33,43,52,15,17,84,29,234,231,248,183,213,142,139,202,
221,172,236,162,177,172,152,131,155,217,137,96,116,118,123,12,69,69,81,32,38,63,103,59,28,69,80,17,22,233,184,189,176,177,218,226,223,198,182,251,243,185,150,137,136,155,109,103,98,56,61,56,65,94,86,88,81,114,9,46,
99,25,27,91,25,236,245,171,208,136,222,140,217,218,233,164,161,180,176,175,129,222,129,200,59,42,42,46,19,11,18,119,104,113,116,124,101,89,85,93,68,73,76,190,165,168,178,148,130,151,142,242,247,231,209,213,222,192,193,196,
60,33,37,32,53,24,7,26,11,14,119,123,106,111,90,26,66,160,224,231,172,207,209,242,142,238,193,146,255,143,235,169,170,144,158,149,152,45,100,116,65,86,0,90,25,101,44,35,53,117,43,11,6,3,8,16,179,227,250,253,
207,194,146,163,171,166,175,177,145,193,178,133,220,42,107,124,114,51,54,26,27,127,90,37,38,41,12,16,85,10,224,233,250,232,189,214,203,194,222,212,219,221,184,234,189,170,141,155,136,105,107,102,36,91,12,9,114,69,123,58,
31,53,96,50,87,20,70,61,29,194,220,173,142,229,233,233,175,164,171,161,180,130,215,148,210,147,148,107,110,62,17,64,110,109,127,46,47,36,44,2,31,81,57,29,183,176,207,246,242,222,221,220,199,223,208,163,182,244,200,130,
157,147,98,113,96,98,127,14,3,14,94,89,40,46,63,119,4,43,73,3,1,160,226,231,239,129,250,133,219,226,175,164,238,187,166,138,134,129,132,211,132,34,45,48,22,17,21,5,113,105,120,125,87,74,91,95,68,90,178,182,
191,166,171,132,201,145,156,164,171,249,130,149,190,202,178,118,45,59,83,47,84,95,93,90,89,92,126,55,48,61,18,76,15,84,161,224,231,250,130,212,207,218,199,181,165,239,167,182,185,156,145,214,159,111,123,122,124,85,13,118,
74,107,102,47,32,54,78,67,70,95,12,218,241,248,237,249,211,136,194,149,167,176,167,189,150,143,133,128,43,46,43,99,124,116,77,92,20,103,72,125,46,36,125,7,10,8,94,221,170,252,174,202,201,139,198,195,214,165,162,167,
240,167,198,197,213,204,49,61,54,47,18,19,6,31,114,117,54,102,115,12,3,80,43,12,39,178,202,237,182,144,248,135,205,182,180,163,177,132,201,136,135,146,122,36,102,61,56,121,95,81,25,79,36,34,47,44,12,70,30,30,
225,235,238,161,240,199,194,211,213,204,229,142,161,240,253,132,152,158,215,42,47,38,61,118,87,9,3,108,46,57,62,55,44,4,30,27,81,84,161,250,245,253,195,202,155,224,183,250,176,178,196,142,131,130,212,167,33,103,53,112,
115,18,95,74,95,43,52,40,119,24,81,83,67,181,185,189,188,165,152,148,157,132,136,141,175,255,250,186,141,198,164,139,88,36,84,84,15,25,113,13,71,61,63,56,59,62,115,17,30,27,12,170,225,178,191,198,201,207,224,182,
173,184,165,166,135,205,133,148,155,98,119,56,121,113,76,84,90,75,107,24,63,73,68,13,2,20,172,161,164,189,189,255,219,220,213,206,215,173,185,243,246,195,139,147,99,101,100,44,79,81,20,86,76,21,95,33,32,118,5,114,
5,87,18,17,163,238,236,193,205,218,223,152,190,254,245,253,228,219,223,222,199,203,206,63,38,43,46,94,14,28,36,43,104,19,21,62,74,50,5,94,187,211,175,229,238,236,218,217,220,145,160,176,189,146,204,158,197,33,96,103,
105,49,103,79,90,71,68,84,111,39,54,57,51,6,86,31,239,234,235,237,213,141,246,217,152,230,175,160,182,255,242,198,142,219,191,154,101,121,105,76,80,21,21,39,48,39,46,37,15,5,0,90,95,90,227,252,244,250,243,148,
231,200,253,191,181,253,135,138,155,205,174,42,124,46,123,120,11,70,67,86,82,77,39,112,39,87,92,68,76,176,180,165,188,147,150,134,159,130,135,182,230,243,179,180,255,171,140,167,35,91,109,54,16,120,20,94,54,52,35,32,
53,120,8,7,18,5,83,230,189,184,249,206,192,153,207,164,177,188,191,140,198,158,143,144,107,110,33,112,120,117,83,85,76,20,31,48,112,125,4,11,13,87,170,175,166,218,247,223,223,146,155,209,206,190,183,172,181,143,155,209,
212,33,105,102,125,67,74,10,113,70,122,48,50,115,49,3,2,84,39,80,246,181,240,243,129,204,217,223,171,180,185,230,152,223,219,195,194,199,57,60,37,41,42,12,12,0,17,112,117,110,114,81,84,70,88,182,171,186,190,163,
187,157,128,135,148,141,225,237,245,236,209,212,135,215,34,98,101,46,124,83,112,12,108,60,103,97,9,101,47,5,7,16,19,230,171,249,246,195,212,130,201,234,231,174,161,183,200,158,149,128,141,142,127,53,109,124,67,90,95,16,
33,41,36,60,2,19,67,48,7,161,172,245,250,252,132,153,156,149,254,160,186,182,188,131,133,129,194,101,114,101,108,80,65,67,94,28,66,100,113,10,45,19,17,39,29,72,234,190,252,174,229,197,234,235,245,230,141,145,132,177,
153,146,157,196,135,50,115,116,122,95,15,49,96,14,18,8,33,15,4,29,19,14,177,217,253,164,163,220,214,210,233,210,171,162,190,173,203,207,141,117,106,107,120,121,123,71,5,24,21,85,82,49,55,54,126,61,3,70,4,254,
167,237,207,214,136,243,156,194,233,164,191,245,176,158,147,159,136,141,42,108,44,43,15,22,27,117,104,121,125,102,73,88,92,71,89,72,190,163,186,171,175,150,155,131,141,239,254,235,204,213,217,220,220,52,57,62,61,36,41,31,
79,31,26,90,60,119,4,43,56,68,35,244,175,185,209,173,214,221,223,216,219,173,224,177,190,187,172,219,129,210,223,102,105,120,0,86,77,88,52,55,39,109,37,52,8,2,23,88,25,17,253,244,250,235,139,231,200,233,228,173,
162,133,204,193,196,221,142,94,107,106,98,39,7,85,66,85,92,55,49,51,14,76,65,76,237,234,234,236,253,134,245,218,143,205,199,239,181,184,169,255,188,212,138,32,109,102,61,72,85,72,68,67,53,98,53,106,100,118,94,66,
70,87,78,165,174,176,153,147,132,140,240,243,229,252,225,215,198,221,192,218,61,58,63,38,43,38,24,9,13,113,104,121,108,86,73,88,92,178,170,187,191,164,235,130,143,215,216,155,224,160,131,255,191,144,210,204,92,56,122,121,
80,79,68,73,28,85,35,46,33,127,45,89,84,29,18,228,164,235,248,213,208,219,195,226,178,171,172,190,130,197,140,156,153,152,113,96,48,67,84,13,25,88,47,33,96,118,75,74,46,11,20,230,254,227,231,170,175,133,152,245,
213,174,232,233,241,172,132,145,195,49,48,58,34,64,72,94,65,87,94,34,55,105,105,112,51,0,31,27,232,253,180,188,135,132,134,237,162,171,167,173,178,180,135,205,146,141,146,99,97,112,114,79,13,64,23,98,25,62,0,19,
54,12,89,27,79,235,161,210,250,221,245,132,151,247,168,177,174,187,144,180,139,128,100,98,54,117,51,77,66,84,73,17,54,14,24,12,30,15,14,22,15,225,252,178,203,207,150,145,238,215,172,136,162,187,168,184,158,130,151,213,
41,112,111,112,65,82,67,80,45,111,98,111,63,7,15,17,24,88,210,229,168,226,224,129,208,213,204,226,153,230,169,195,142,133,207,109,120,109,121,102,107,5,74,3,12,17,119,99,118,105,85,74,74,78,178,171,186,191,148,132,
157,128,133,197,228,241,177,182,253,173,130,161,221,93,114,48,46,126,26,88,91,54,33,34,55,122,10,5,16,7,81,11,187,182,255,240,198,134,201,218,183,178,185,142,196,156,141,146,152,108,35,114,122,119,126,83,66,18,97,54,
126,123,58,13,3,66,168,173,164,247,198,245,197,216,212,198,132,181,250,176,175,176,129,131,146,144,109,47,34,0,72,71,79,81,41,105,18,37,104,34,19,82,16,21,12,162,200,183,233,131,206,210,224,173,184,173,185,151,154,197,
138,194,205,34,35,38,47,50,2,6,13,19,114,118,106,76,85,88,93,92,180,184,185,236,188,138,202,221,150,229,202,136,244,132,171,200,214,161,61,119,124,126,72,75,78,3,82,93,43,60,122,32,115,126,22,25,31,95,241,253,
232,213,214,198,140,181,164,171,161,180,251,137,129,156,149,155,123,59,72,111,54,3,93,82,36,109,96,101,77,77,15,24,31,229,254,231,253,248,178,134,147,219,212,220,162,180,252,191,144,213,134,124,37,111,98,99,6,117,2,68,
22,83,33,115,62,43,62,29,10,15,168,255,176,174,141,148,152,148,157,255,253,226,227,228,218,146,218,215,159,144,52,71,104,123,7,119,73,106,116,20,112,17,18,24,7,28,17,165,236,251,246,233,183,194,145,156,165,170,189,253,
147,128,157,152,112,104,42,122,115,116,71,74,29,84,84,62,55,57,40,72,59,13,84,161,224,231,233,139,142,131,130,154,161,190,161,176,163,178,159,154,208,213,32,104,118,126,64,73,9,97,54,123,49,51,114,1,4,29,83,40,
87,230,180,241,242,128,220,201,220,168,183,186,246,153,209,217,194,195,54,59,35,34,38,20,28,5,8,13,108,100,104,105,77,84,88,72,174,183,186,191,143,150,154,155,206,158,236,180,187,248,131,148,174,218,162,117,46,43,67,31,
85,94,92,42,41,44,97,48,63,13,2,92,14,85,177,240,247,249,129,215,223,202,183,180,164,238,151,134,137,131,150,38,111,127,122,123,125,69,29,102,73,104,101,63,48,6,79,66,86,175,175,237,250,253,203,216,217,219,214,148,
248,245,181,178,130,151,150,222,93,114,55,100,94,7,77,64,65,104,19,124,34,120,4,31,85,16,13,224,255,232,237,138,221,157,135,239,246,250,254,200,217,221,192,216,201,61,32,104,48,61,69,89,26,97,54,29,120,0,23,76,
90,50,185,251,248,226,253,246,202,159,214,209,220,160,254,172,247,194,131,149,155,35,117,110,123,81,90,66,16,64,40,47,61,48,119,62,29,24,25,31,246,174,196,235,138,135,206,174,160,225,228,249,169,197,169,148,147,152,136,126,
98,39,54,68,66,85,92,55,46,36,14,76,65,76,28,27,234,236,253,181,198,218,143,205,199,158,164,184,169,255,188,203,157,32,109,102,44,121,85,72,68,67,70,17,53,101,110,118,111,83,70,87,78,178,183,176,145,148,153,209,
153,229,173,162,241,138,173,181,209,169,142,213,34,74,38,108,87,85,85,46,35,102,47,56,4,27,69,7,92,170,235,252,242,186,236,214,195,206,205,173,231,168,129,134,132,137,47,102,102,99,114,116,94,6,109,66,19,30,54,57,
63,118,75,81,80,212,225,240,248,156,141,207,216,223,214,190,167,189,184,242,198,211,155,148,156,98,116,60,127,80,21,87,60,101,47,34,35,70,53,66,4,86,19,225,179,254,235,254,202,202,207,232,191,254,232,205,212,216,221,221,
55,59,56,62,39,42,26,31,3,14,19,98,109,112,81,84,93,81,176,181,176,161,162,148,134,150,134,154,250,253,226,251,234,238,198,212,205,48,53,117,52,1,65,70,13,29,50,17,109,13,34,64,94,46,74,8,11,230,241,242,
199,138,218,213,160,183,225,187,203,198,143,128,150,214,121,106,103,98,105,94,20,76,93,34,40,60,115,2,10,7,14,227,242,162,209,230,142,139,202,221,211,146,248,253,244,159,129,136,149,159,96,102,98,35,68,83,68,77,70,46,
36,33,123,45,114,80,43,12,50,240,196,254,171,201,157,206,143,132,164,139,138,227,201,170,174,190,152,104,117,41,98,60,69,91,93,64,104,79,67,50,13,5,11,2,163,216,209,217,255,166,218,221,134,207,136,138,184,147,233,152,
142,207,195,93,82,100,66,71,83,102,31,73,90,122,41,32,107,50,66,79,56,25,229,215,243,249,202,210,237,220,172,178,187,173,188,144,196,216,146,141,146,114,97,112,114,79,13,19,30,46,41,41,62,15,71,52,27,78,243,241,
176,242,247,238,145,234,149,203,225,191,180,254,139,150,139,150,113,116,35,116,43,31,0,1,4,9,97,104,98,117,108,80,68,86,79,179,183,166,174,146,151,135,158,245,253,177,249,244,188,130,209,170,141,166,34,73,110,53,19,123,
6,76,55,53,34,33,3,70,15,24,21,10,165,231,188,185,248,220,210,154,204,167,178,174,173,141,199,159,142,102,100,105,62,119,70,67,82,84,77,21,13,34,115,126,7,8,31,86,171,174,162,170,174,247,246,230,216,248,187,188,
231,174,233,184,155,176,202,123,124,46,37,98,67,79,12,37,42,41,60,124,75,143,241,225,89,217,243,228,242,241,208,217,155,93,67,83,233,201,238,183,182,166,105,56,123,124,39,110,26,120,91,112,10,59,60,110,101,34,3,24,
211,232,225,232,245,215,129,133,215,192,215,173,166,191,181,176,219,222,219,147,108,100,125,76,4,119,88,13,62,52,109,55,58,24,78,45,90,12,94,250,249,187,246,211,198,213,178,183,224,183,217,210,197,212,198,217,59,63,38,58,
43,46,7,27,10,14,114,116,109,81,80,68,93,176,181,165,187,166,185,156,150,207,159,154,171,188,247,132,171,184,219,163,116,47,57,81,28,86,93,95,88,40,45,96,49,62,59,29,91,1,82,95,230,246,248,128,214,205,201,180,
183,167,237,165,135,136,130,151,216,153,96,125,116,122,107,28,103,72,105,100,45,51,5,76,65,68,93,253,222,235,234,226,150,135,213,194,213,220,160,177,179,142,204,193,221,109,106,106,108,78,6,117,90,15,77,54,111,53,56,41,
127,43,84,10,160,237,247,189,200,213,200,196,176,181,226,181,228,225,199,222,194,198,215,33,37,41,48,17,20,1,17,112,117,121,97,83,87,91,66,67,182,178,163,162,166,171,156,135,138,144,248,247,245,236,208,215,197,207,50,55,
38,63,34,22,7,30,3,7,70,121,116,60,51,64,42,13,38,162,218,253,181,147,251,151,221,198,181,162,161,180,249,143,152,149,138,212,118,60,57,120,79,65,9,76,39,50,63,60,13,71,31,14,17,27,233,190,247,247,242,195,
212,205,149,158,177,243,254,135,136,142,199,43,46,39,75,118,113,77,69,88,76,1,97,123,105,108,77,40,19,16,191,182,164,190,147,150,135,226,210,176,241,225,248,138,179,132,155,157,148,111,98,39,45,14,101,75,83,47,37,42,
44,56,85,10,5,26,27,8,248,250,247,181,219,159,154,217,167,178,173,186,141,145,195,198,221,95,109,98,124,119,95,95,118,125,0,59,118,63,48,6,27,67,117,220,221,221,227,149,222,193,130,195,140,135,188,159,237,164,138,195,
192,191,102,98,89,106,87,83,68,65,108,96,42,37,58,59,25,24,26,23,85,187,182,246,241,193,199,215,159,156,179,246,180,153,200,138,159,134,41,82,61,99,57,116,92,22,83,78,35,47,41,44,75,28,93,181,168,185,189,162,
184,152,156,131,153,136,141,234,250,235,236,211,219,200,205,47,63,60,12,29,31,0,1,5,125,97,96,101,109,66,67,71,75,82,179,166,175,179,146,150,155,189,237,232,168,191,197,182,153,170,214,166,122,57,39,71,35,81,67,73,
86,45,32,114,3,12,9,30,88,243,160,173,244,251,253,142,192,211,206,203,161,185,251,171,130,133,144,101,42,107,99,126,70,72,89,25,106,62,103,114,51,52,58,90,95,82,83,229,242,242,195,208,193,195,175,237,224,199,216,161,
139,157,153,216,141,159,122,99,51,47,13,12,21,96,52,43,45,13,9,65,11,4,27,233,250,251,249,244,135,154,189,178,182,165,183,174,192,187,196,154,51,37,96,99,49,86,75,71,64,69,18,40,54,35,60,60,75,12,14,245,
225,161,180,129,193,198,141,216,160,234,186,171,166,191,199,133,197,210,194,41,48,122,85,74,75,73,40,42,39,101,120,70,6,1,17,23,231,175,204,227,166,228,201,152,218,175,182,232,130,205,147,201,132,108,38,99,126,115,127,89,
92,27,76,10,14,98,116,101,87,72,64,69,173,180,185,181,142,151,154,159,207,159,235,171,188,247,132,132,175,219,163,116,47,40,64,28,86,93,95,43,40,45,96,49,15,10,29,91,1,82,176,241,246,248,128,214,220,201,180,183,
167,254,150,135,136,130,151,41,104,96,125,116,122,68,28,103,72,105,117,60,51,5,76,65,87,162,242,226,235,252,173,162,166,186,222,170,240,166,185,171,135,144,141,213,119,55,37,54,68,83,68,77,55,46,36,33,123,126,76,28,
27,27,29,236,181,198,233,156,222,199,158,164,169,184,238,188,203,157,207,154,153,44,121,100,121,117,67,70,17,70,119,112,118,111,83,80,70,95,178,177,167,182,164,132,149,137,152,137,140,230,249,239,234,205,212,203,207,46,55,59,
46,15,22,27,23,31,121,124,96,120,105,109,64,89,72,76,184,186,171,175,146,219,131,159,167,168,235,144,167,179,207,175,128,211,60,76,40,106,105,83,95,84,89,108,37,34,62,17,79,29,70,164,237,226,244,180,234,200,197,192,
203,211,225,162,187,188,142,131,213,156,108,105,104,110,80,0,115,68,29,24,40,63,49,112,117,91,95,90,10,234,227,245,191,209,198,220,220,161,188,228,166,230,197,197,151,128,151,158,102,127,117,112,10,15,27,83,44,36,42,12,
68,55,24,77,15,244,173,247,250,235,189,237,154,204,158,171,185,251,182,147,134,130,114,119,32,119,38,33,5,28,0,3,21,127,99,96,118,103,85,91,66,70,175,182,187,151,136,158,155,156,244,248,252,253,228,232,223,222,199,202,
198,46,38,43,47,15,22,13,113,104,121,125,105,73,88,92,65,8,80,174,246,249,186,193,199,236,152,224,183,236,237,189,217,155,152,130,108,103,106,63,118,66,79,64,30,76,23,115,50,53,59,67,21,25,244,241,250,226,129,209,
200,207,221,208,228,173,189,184,185,191,135,223,164,139,42,56,121,78,64,1,4,104,105,46,40,37,50,15,0,4,94,83,161,196,246,233,247,204,202,210,131,128,225,236,132,139,141,231,248,15,3,103,116,54,104,78,68,80,94,75,
107,46,110,76,76,14,8,239,230,253,228,254,200,130,135,146,218,213,172,178,187,251,128,128,197,135,125,36,110,114,83,5,118,1,71,102,35,32,114,63,27,14,26,5,8,87,239,160,169,140,149,153,136,237,244,249,252,206,208,210,
194,195,198,58,35,34,39,35,51,13,15,16,113,118,104,32,72,69,13,2,162,217,254,213,177,201,223,132,130,234,134,163,160,170,181,142,131,215,158,105,100,123,37,84,15,10,75,92,35,107,61,54,35,46,2,26,88,8,225,230,
245,248,143,198,198,208,161,167,190,230,141,147,194,207,150,153,159,57,60,49,53,0,65,81,88,47,101,59,63,21,21,15,26,90,241,185,163,187,241,217,222,215,204,213,175,187,241,244,193,137,134,157,99,106,42,81,87,26,80,82,
19,81,35,34,116,7,112,22,85,16,19,161,236,234,255,203,212,217,134,184,255,254,227,226,230,217,220,197,200,205,61,35,33,49,16,21,11,18,115,118,114,98,90,80,71,94,65,185,241,185,180,252,243,145,234,205,230,226,154,174,
245,211,187,215,140,119,117,98,97,116,6,79,88,85,74,20,39,124,121,56,15,18,90,12,231,242,255,237,205,135,223,206,209,164,169,254,183,183,131,146,148,141,213,94,98,51,62,71,72,78,22,107,110,103,40,1,28,11,21,26,
14,165,184,187,206,252,211,222,213,204,172,133,159,246,195,130,133,139,14,1,5,25,125,126,13,67,84,78,90,55,34,114,40,80,74,83,25,246,233,232,251,205,199,194,152,157,233,161,190,182,184,177,210,169,142,195,121,123,59,121,
76,85,11,31,104,62,108,57,58,73,4,1,20,16,15,225,190,225,166,145,155,138,142,241,235,250,208,209,196,221,193,196,37,59,38,57,40,31,3,26,11,15,115,123,106,111,91,75,90,176,180,164,189,161,148,133,156,128,140,149,
255,227,230,167,247,194,147,148,223,92,115,71,3,123,92,7,1,24,116,62,37,39,48,0,21,88,25,22,242,229,179,233,138,135,217,174,160,232,190,181,145,156,159,159,213,126,111,112,122,127,48,80,88,85,92,34,51,116,63,16,
65,76,228,235,237,164,185,188,131,142,198,222,223,208,243,165,186,168,144,157,136,40,114,58,32,9,67,92,67,82,65,35,33,60,126,115,79,31,24,24,30,239,184,195,212,153,211,209,225,163,166,191,241,185,198,152,210,159,148,47,
122,103,122,118,81,75,20,59,124,123,113,80,84,91,65,64,182,191,162,163,167,170,131,133,128,151,142,229,233,240,209,213,217,209,48,53,49,33,32,22,26,2,3,7,122,99,98,102,98,115,69,73,76,253,173,168,249,206,133,246,
217,153,229,149,186,249,231,182,210,128,131,137,150,122,127,50,67,76,88,79,105,51,96,109,7,8,14,78,0,19,255,250,225,249,187,196,213,218,208,165,234,186,178,143,134,136,153,42,89,126,39,50,66,69,75,26,31,18,124,51,
61,40,7,1,23,11,169,172,167,201,195,212,194,193,192,169,136,139,250,247,190,158,144,242,245,9,28,112,123,1,87,72,73,37,35,62,102,36,85,71,71,21,2,226,243,224,241,243,206,157,144,157,173,170,170,191,142,198,181,154,
62,124,118,47,117,120,94,16,107,20,74,96,60,55,125,8,21,27,23,240,245,162,245,149,144,135,158,130,134,224,225,229,233,240,192,197,193,209,48,53,42,50,19,23,27,2,114,118,114,99,98,89,92,13,93,88,24,254,181,198,
233,250,134,229,202,233,247,151,226,144,147,153,134,157,111,34,115,124,121,110,25,67,16,29,36,56,62,126,16,3,30,10,241,233,171,251,242,202,192,213,154,219,162,191,182,184,169,201,169,142,215,34,99,100,123,10,15,2,6,100,
60,36,53,58,120,31,16,2,10,24,245,190,236,172,142,142,221,202,173,164,191,166,139,134,196,217,212,148,98,114,116,117,61,109,66,7,69,63,102,61,48,17,71,52,67,242,168,229,254,180,192,221,208,220,203,206,250,173,236,233,
206,215,202,206,47,54,58,17,8,25,28,8,24,120,125,97,121,104,108,67,90,75,79,187,187,170,174,147,218,130,224,160,167,236,143,160,178,206,174,129,210,63,79,43,105,106,80,94,85,88,109,36,35,1,22,64,26,89,165,236,
227,245,181,235,203,198,195,200,208,226,163,186,189,143,130,210,99,107,102,111,113,81,1,114,69,28,25,43,60,50,115,118,90,91,28,26,247,224,249,206,210,128,133,158,146,168,191,185,186,152,128,177,178,211,222,118,121,127,21,42,
46,53,41,34,104,62,0,18,14,8,5,93,252,188,190,190,252,235,221,212,207,214,172,182,244,201,196,132,131,98,100,101,45,78,97,23,85,79,22,92,32,33,119,4,115,21,88,21,238,164,225,252,192,204,219,222,153,189,253,252,
254,231,234,222,223,206,204,211,50,41,36,12,21,26,12,109,115,124,97,96,87,92,66,67,71,76,163,170,160,183,166,141,148,141,240,243,228,235,214,201,216,220,192,42,59,63,35,58,26,31,11,27,10,15,100,116,109,81,85,68,
76,176,188,165,188,147,150,215,135,146,210,164,239,140,163,128,252,171,140,215,49,89,36,110,85,87,64,67,37,104,41,38,51,36,67,25,90,87,30,254,240,184,238,197,208,204,207,175,229,189,172,128,138,143,192,145,104,101,108,114,
99,51,111,64,17,28,37,42,61,116,73,76,64,94,246,238,239,224,178,213,202,216,192,210,207,248,162,234,240,200,147,140,147,98,113,96,113,76,14,3,14,94,40,40,46,63,119,51,4,73,3,1,160,243,246,239,129,250,133,200,
226,175,164,238,138,151,138,134,129,132,36,107,35,42,48,17,5,8,17,120,114,118,111,83,94,70,95,177,182,167,185,166,187,157,129,130,148,141,224,227,245,228,214,201,195,199,46,55,58,57,15,17,28,3,2,121,125,124,101,105,
109,93,68,73,69,173,180,170,174,142,151,155,142,239,246,250,246,255,217,221,192,137,209,220,117,122,57,66,85,109,25,97,54,109,123,2,94,20,31,29,26,230,235,190,247,240,204,195,157,207,148,225,179,180,186,194,148,143,139,118,
117,101,47,80,73,78,92,81,22,46,62,59,58,60,21,94,37,10,171,166,254,241,199,142,131,134,232,175,169,164,179,189,131,135,221,208,211,69,119,104,118,77,84,85,124,7,110,107,42,10,12,102,121,125,236,227,245,181,252,243,
214,188,179,219,172,162,242,255,188,160,162,114,48,108,56,65,33,102,28,92,89,14,118,63,47,96,16,13,3,18,25,250,175,169,247,197,218,196,223,198,167,237,144,165,169,130,155,147,158,223,32,59,41,54,41,66,69,36,109,66,
70,15,63,63,1,64,3,20,188,229,162,208,243,232,131,194,212,246,253,157,132,128,164,141,146,96,101,37,51,247,153,186,18,117,82,95,58,57,40,62,20,71,158,0,16,170,165,154,250,243,251,221,132,188,163,224,161,238,148,158,
189,207,134,104,50,38,97,64,76,127,45,44,45,40,35,125,66,8,7,24,25,10,250,248,245,183,138,152,208,175,167,169,160,193,186,157,208,138,136,42,104,125,100,58,112,31,65,27,86,45,120,53,16,5,1,30,242,173,242,187,
166,138,155,158,134,154,131,248,255,230,235,234,207,201,205,48,40,57,44,20,9,16,26,29,119,123,119,126,97,104,67,66,70,74,83,165,168,164,140,149,152,141,237,243,254,225,231,222,151,199,210,146,100,47,76,99,64,60,107,76,
23,113,25,117,46,21,23,0,3,229,168,233,230,243,228,131,217,154,151,222,209,176,248,174,133,144,140,143,111,37,125,108,64,74,79,0,81,89,37,44,50,35,115,47,0,81,92,229,234,253,180,137,140,133,214,150,163,178,186,239,
207,141,154,157,148,143,121,123,118,52,9,4,85,82,34,36,37,126,61,18,87,21,15,167,237,224,225,183,196,156,194,152,213,174,245,176,173,128,140,155,141,42,125,61,60,62,22,26,30,31,6,124,104,120,105,108,80,89,74,79,
173,179,190,178,148,158,215,135,227,163,164,239,140,163,183,211,171,140,215,49,72,36,110,85,87,83,80,37,104,41,38,2,21,67,25,90,87,233,254,240,184,238,212,193,204,207,175,229,174,191,128,138,143,192,96,104,101,108,114,92,
4,111,64,17,28,52,59,61,116,73,76,86,58,231,224,235,234,207,211,150,159,157,248,252,225,248,149,181,159,200,201,211,49,38,43,50,111,71,82,2,114,107,25,32,38,6,8,25,26,31,176,162,185,218,252,205,218,216,223,161,
173,247,185,150,137,136,155,109,103,98,56,110,49,13,86,80,77,90,36,56,44,118,75,72,56,23,226,238,229,252,197,223,228,223,216,220,142,190,186,181,185,157,129,148,195,120,38,126,113,71,90,2,37,27,18,26,60,101,31,0,
67,2,77,55,255,220,174,231,201,147,129,254,167,163,152,140,141,140,137,130,220,33,107,100,123,122,105,91,89,84,22,107,119,55,48,0,6,7,160,219,252,177,235,233,137,203,222,199,153,145,254,160,250,183,140,215,146,143,98,110,
121,83,12,83,26,7,105,120,125,101,121,96,89,94,71,74,75,174,166,170,175,143,150,141,245,232,241,251,252,212,216,212,221,194,202,34,35,39,42,50,2,6,13,19,114,119,109,76,85,89,88,92,180,184,189,189,172,157,130,131,
134,130,146,229,224,247,233,219,154,213,32,96,103,44,126,81,114,14,110,65,97,127,15,107,41,42,1,30,21,24,173,251,244,193,214,128,218,232,229,172,163,181,245,152,139,134,131,136,97,51,99,122,125,79,93,18,35,43,38,47,
0,17,65,50,5,175,170,235,252,242,179,135,154,155,192,235,166,160,168,221,204,142,136,111,102,125,100,126,72,2,7,18,90,85,44,50,59,123,0,0,69,7,253,164,238,242,211,133,246,129,199,230,163,160,242,191,155,142,154,133,
136,215,111,47,47,12,21,25,13,109,116,120,123,78,87,90,95,94,71,186,187,191,166,170,175,152,129,139,236,245,233,229,205,214,219,193,52,49,38,56,42,107,2,15,87,88,27,15,32,3,127,63,16,82,76,220,184,250,249,208,
207,196,201,156,164,163,174,161,255,173,217,212,157,146,100,36,107,120,85,80,91,80,98,50,43,44,62,2,69,12,28,25,24,241,224,176,195,212,156,153,216,175,161,224,246,203,202,174,139,148,102,126,99,103,42,28,30,4,8,13,
108,24,48,51,92,85,71,78,178,183,166,195,194,223,150,158,159,229,163,165,186,188,181,142,146,196,206,45,70,123,114,78,68,75,77,40,122,45,58,61,52,24,25,27,22,84,235,188,185,250,196,209,221,219,172,176,226,231,205,164,
131,142,154,102,127,113,99,81,114,69,80,75,83,32,41,25,49,13,10,14,16,244,233,182,245,179,205,194,212,201,145,182,142,143,143,177,208,128,151,204,117,50,64,114,105,19,82,68,6,114,13,52,48,11,1,24,17,28,15,169,
190,252,235,204,197,222,214,172,169,227,230,196,132,131,147,149,148,45,78,97,36,102,92,22,92,81,48,102,4,115,21,71,2,1,164,225,252,241,253,234,222,153,206,143,138,254,231,234,234,206,223,204,211,50,55,62,35,21,25,28,
28,5,120,120,125,108,110,113,67,71,67,82,180,179,183,174,147,158,135,241,244,241,224,225,229,216,144,216,213,157,146,50,73,110,69,1,104,79,20,114,26,118,19,16,26,5,30,19,167,238,249,244,235,134,196,159,154,219,172,179,
251,173,134,147,158,114,106,40,120,113,71,69,72,31,86,86,32,49,55,46,118,61,3,82,95,230,233,248,137,140,129,128,203,145,172,181,165,232,241,136,135,152,153,138,122,120,117,55,10,7,80,47,39,41,32,112,58,29,80,10,
8,170,232,253,228,186,193,159,193,155,214,173,231,181,144,133,129,158,114,45,114,58,38,57,19,25,30,7,8,14,127,100,105,115,85,77,80,177,180,177,160,144,149,144,129,128,132,251,179,251,246,190,128,211,168,143,164,32,71,104,
11,21,117,17,50,49,59,36,63,1,68,13,26,23,8,167,229,190,187,250,205,220,156,178,161,188,168,147,139,201,153,144,100,102,107,60,117,117,65,80,86,79,23,11,44,117,64,1,6,25,168,173,160,161,213,195,204,207,199,218,
191,242,234,238,226,243,185,145,146,61,53,36,80,64,93,20,20,123,127,102,28,61,35,5,11,26,25,28,66,164,180,223,193,200,213,223,160,166,162,240,132,147,132,141,134,159,100,97,59,109,50,16,83,93,72,39,33,55,43,73,
76,71,46,234,231,227,224,225,198,220,226,210,207,250,189,185,183,225,154,196,156,147,101,120,32,20,125,124,124,66,3,49,38,125,36,99,17,29,62,76,5,235,160,163,220,197,193,250,210,171,162,175,188,250,207,141,154,157,148,120,
121,123,118,52,9,21,85,82,34,36,37,126,61,18,87,21,254,167,237,224,225,183,243,156,194,152,213,174,245,176,173,128,140,136,141,42,125,60,57,15,22,27,27,31,14,123,124,101,104,105,93,68,72,77,173,180,171,171,142,159,
157,130,242,246,242,227,235,218,192,201,195,212,205,33,44,53,44,16,23,71,23,98,34,37,127,60,19,48,76,44,252,167,161,201,165,239,197,199,208,211,166,248,185,182,131,148,194,137,42,39,110,97,119,8,94,85,64,77,63,63,
117,45,60,3,26,31,80,225,233,228,252,194,211,131,240,176,225,236,181,186,188,196,217,220,213,134,85,115,98,106,31,14,93,74,45,36,63,38,11,6,68,89,84,20,226,242,244,245,189,237,194,135,197,191,230,189,176,145,199,180,
195,114,40,101,126,52,64,93,80,92,75,78,122,45,98,109,78,87,74,77,175,182,187,145,136,153,156,129,152,248,253,225,249,234,239,222,192,204,210,51,38,42,51,18,22,26,108,117,121,121,124,101,88,91,93,70,75,162,170,164,
182,167,149,155,138,143,250,235,250,209,214,149,197,208,97,102,45,78,97,66,13,109,66,17,15,31,106,40,43,17,14,18,231,170,235,228,241,215,129,219,152,149,220,160,182,246,168,187,135,130,137,145,35,115,125,66,72,77,2,83,
42,39,46,48,33,66,49,6,95,90,27,253,243,178,183,138,139,248,165,162,169,185,141,145,212,221,223,197,59,34,95,127,116,35,3,25,11,14,111,21,61,24,89,89,64,211,234,252,227,245,252,196,201,143,133,150,140,178,187,183,
189,130,155,151,61,98,125,98,66,81,64,66,95,110,48,103,114,49,63,27,20,18,21,9,171,177,178,227,204,201,212,175,182,168,186,130,150,143,139,150,180,149,96,96,99,73,126,89,72,1,58,100,45,51,5,24,64,103,46,220,
220,226,163,224,198,157,196,131,241,210,158,236,165,139,209,210,188,101,97,90,97,75,66,79,92,26,30,45,58,61,52,47,54,27,22,84,169,164,245,242,194,196,197,141,157,178,247,181,175,246,141,128,129,215,164,60,98,56,117,78,
4,80,77,32,44,59,62,74,29,92,89,94,182,187,187,191,174,172,156,133,136,137,236,245,232,237,205,212,216,203,46,63,61,34,35,22,18,3,5,15,23,97,100,97,112,81,69,74,0,168,165,237,241,130,249,222,245,145,152,191,
228,226,138,209,131,128,138,149,110,114,55,126,73,68,91,22,52,111,106,43,13,3,75,29,22,3,249,226,250,184,232,193,215,213,216,239,166,181,176,129,135,158,198,92,115,34,47,118,121,72,25,28,17,16,42,1,60,37,21,88,
82,24,247,232,233,250,202,200,197,135,154,232,160,191,183,185,176,209,170,141,192,122,120,58,120,77,84,10,96,111,49,107,38,61,72,5,0,21,17,14,226,189,226,171,153,154,131,137,238,247,250,230,207,222,220,195,194,56,63,60,
37,40,28,29,6,11,17,118,97,118,111,83,81,70,78,179,191,167,190,149,158,128,129,132,141,225,224,228,235,241,208,198,194,210,51,54,46,51,18,23,26,3,117,121,120,45,125,120,9,30,85,38,9,201,181,197,234,137,151,230,
130,176,179,185,166,138,143,194,147,156,104,127,57,99,48,61,87,88,94,30,48,35,47,42,17,9,75,244,229,234,224,245,186,202,194,223,214,216,201,250,137,174,247,194,146,149,155,42,47,34,12,96,77,74,81,65,37,57,108,100,
105,66,63,31,20,67,179,187,214,254,219,154,158,240,232,154,163,165,139,141,132,159,146,196,63,62,85,123,114,78,85,90,92,40,122,58,21,10,11,24,25,234,231,165,235,188,185,201,215,194,221,219,189,161,243,246,205,164,148,97,
109,102,127,113,82,109,76,92,84,45,43,31,35,54,42,26,7,23,22,230,245,161,218,132,205,194,165,184,224,199,142,143,188,130,195,128,151,204,100,35,81,114,105,12,69,43,113,114,13,5,1,43,24,5,1,229,224,186,190,252,
218,221,212,207,214,172,182,244,201,196,132,131,98,100,101,45,78,82,23,85,79,22,92,32,33,119,4,115,21,88,21,238,164,225,237,192,204,219,222,153,189,252,251,254,231,235,221,223,198,202,205,56,41,44,24,8,25,15,112,105,
122,127,125,80,93,66,67,70,191,163,170,160,183,174,132,141,144,241,245,248,241,208,212,220,193,59,49,38,63,35,47,86,6,19,83,84,31,11,44,7,67,59,13,86,176,216,180,254,214,212,195,192,213,152,168,167,178,165,243,134,
221,216,153,110,96,57,111,68,81,92,95,44,102,62,47,48,11,14,65,16,24,21,243,245,236,180,255,208,144,157,164,171,173,247,202,207,198,136,135,105,104,123,122,120,117,24,29,50,53,52,52,42,54,79,18,8,23,246,174,186,
160,166,142,139,223,208,214,160,188,252,190,169,142,150,141,148,110,107,33,55,40,47,35,72,44,53,107,16,127,33,94,80,29,22,92,240,244,240,239,210,141,221,219,182,161,169,230,151,149,158,138,218,222,44,116,123,56,117,87,21,
77,68,49,32,114,40,80,79,87,83,171,225,254,225,240,220,197,223,218,144,149,241,185,182,190,128,137,218,161,118,59,113,98,3,65,68,93,19,23,96,38,116,49,50,81,28,9,28,232,228,233,182,217,151,155,137,239,254,252,227,
234,208,192,193,196,192,33,32,37,40,96,8,22,94,81,98,25,62,4,64,56,31,68,181,213,177,227,224,234,196,223,210,151,222,169,183,168,246,148,207,219,154,109,99,43,125,65,92,89,66,90,24,57,48,55,53,56,92,21,21,
16,225,231,239,183,252,211,130,143,161,166,168,249,252,192,205,133,157,156,147,24,31,19,23,75,64,27,77,34,48,44,5,16,64,26,66,88,161,235,228,251,250,233,219,217,212,150,235,247,183,176,128,134,135,32,91,124,49,107,105,
9,75,94,71,25,17,126,32,122,55,12,87,18,15,226,238,249,211,140,211,149,133,233,248,253,229,249,232,223,195,218,203,206,58,59,42,47,19,11,5,117,104,113,117,124,84,88,92,93,68,72,191,190,167,170,166,159,134,139,143,
239,246,237,209,200,217,221,201,41,56,60,33,104,3,14,86,89,26,97,39,12,120,0,23,76,77,221,185,251,248,211,204,199,202,159,214,162,175,160,254,172,247,211,146,149,155,35,106,121,84,81,90,66,97,49,40,47,61,48,68,
13,29,24,25,238,231,191,196,235,138,152,217,174,160,225,228,200,204,201,153,153,99,100,46,96,119,109,92,86,67,19,73,113,116,116,6,17,6,30,245,236,230,227,185,143,138,194,221,213,219,163,243,136,175,226,143,133,220,102,107,
122,61,126,9,95,13,88,40,106,39,34,55,2,29,0,95,0,70,161,180,173,144,144,132,140,240,244,229,252,210,222,198,223,194,198,39,54,38,59,34,38,24,9,13,113,104,104,108,80,73,88,93,186,170,187,190,162,186,154,158,
130,155,138,225,237,244,237,209,212,132,212,33,97,102,45,125,82,113,13,109,51,96,126,14,106,40,4,6,17,18,231,170,250,245,192,215,129,200,235,230,175,160,182,199,153,138,135,130,137,126,52,108,125,66,89,92,19,34,42,39,
61,3,18,66,49,6,174,171,234,253,243,133,152,157,148,140,233,245,188,179,133,239,224,247,11,111,108,46,81,70,92,72,86,67,100,38,102,116,116,6,0,23,30,245,236,245,240,138,143,138,194,172,164,170,163,243,136,152,205,143,
133,220,119,122,107,61,126,9,76,30,43,40,106,39,19,6,2,29,0,160,247,167,167,180,173,128,133,149,140,240,243,246,239,210,215,198,206,50,51,39,62,34,24,0,9,3,20,13,97,109,117,106,83,90,75,79,179,170,187,175,
155,139,154,159,131,228,250,231,248,233,220,192,217,200,204,48,58,43,46,26,10,27,15,115,107,122,126,85,68,93,65,77,84,188,160,165,228,180,129,210,213,158,157,178,128,252,188,147,192,222,89,53,127,100,102,113,67,86,27,90,
85,51,36,114,40,75,70,30,17,231,167,249,234,208,221,222,222,148,189,172,179,185,188,243,145,153,148,157,99,114,51,64,87,14,11,37,42,44,101,120,125,64,77,5,29,28,19,178,228,251,233,209,210,207,151,181,245,231,200,130,
157,130,147,128,96,98,127,61,48,14,94,89,89,95,46,119,4,43,94,28,22,160,226,231,254,176,250,133,219,145,220,215,238,187,166,187,183,144,132,211,132,52,52,48,17,21,24,0,1,116,127,97,96,101,104,66,67,71,78,82,
162,166,171,179,154,144,144,241,244,240,224,231,215,197,220,192,196,38,63,34,46,54,47,3,7,23,9,116,107,109,81,85,68,93,176,180,165,188,161,173,134,159,130,134,150,143,226,230,247,238,210,193,208,49,53,56,113,8,5,77,
66,17,106,62,21,113,9,46,68,66,42,70,12,247,234,245,206,195,134,207,169,164,187,229,167,207,202,139,156,146,218,125,118,99,110,109,77,24,72,33,38,36,56,79,6,6,3,18,231,254,166,205,226,179,143,214,217,223,150,252,
241,240,135,129,156,154,100,107,127,37,56,8,105,70,83,95,37,60,50,32,18,49,0,29,14,238,229,228,222,206,202,197,201,173,177,164,231,242,179,133,139,249,254,242,246,125,126,60,82,69,78,90,36,49,97,59,80,74,66,8,
7,24,232,251,250,248,245,152,157,152,208,175,167,184,177,193,186,157,208,121,123,42,104,125,85,11,112,31,65,27,57,58,120,53,16,5,16,15,242,173,242,169,145,138,155,159,130,235,250,255,225,251,234,193,197,133,213,32,113,118,
61,126,81,114,29,29,50,97,127,15,90,24,27,1,30,226,247,186,251,244,193,199,145,203,232,229,172,176,134,198,152,139,119,114,121,97,51,99,77,82,88,93,18,35,58,55,62,0,17,82,33,246,175,170,235,205,195,130,135,154,
158,236,177,186,188,252,131,148,142,154,100,113,50,104,16,8,99,64,37,40,103,103,53,29,2,19,0,17,19,255,189,176,189,205,202,217,223,174,230,149,171,222,156,150,207,149,103,126,48,75,52,106,17,92,87,29,40,38,59,55,
16,21,66,4,180,180,167,190,162,152,128,129,133,142,225,224,229,232,241,208,199,206,210,51,55,58,51,26,16,7,30,116,112,96,103,102,116,92,64,68,85,76,177,174,182,175,146,150,151,137,244,235,250,254,213,196,221,193,197,212,
60,33,45,53,44,2,6,22,15,115,119,119,110,82,94,71,94,181,184,241,185,180,205,194,145,234,205,230,241,137,174,245,211,187,198,140,119,117,98,78,67,6,79,88,85,59,101,39,124,121,56,28,18,90,12,231,227,238,237,205,
135,223,161,166,164,169,254,183,134,131,146,148,141,38,77,98,51,62,71,89,95,22,107,110,98,64,16,0,9,30,165,251,236,230,230,252,218,154,192,136,144,139,185,189,176,207,207,154,117,106,107,120,121,74,71,5,24,21,85,33,
49,55,54,126,44,3,70,4,254,167,250,207,214,136,243,156,179,233,164,191,245,131,158,147,159,136,141,59,108,44,44,15,22,13,112,104,121,125,87,73,88,93,64,89,187,191,166,186,171,175,131,155,130,136,239,233,236,216,200,223,
222,45,52,56,60,61,36,26,22,30,7,10,127,127,97,108,115,82,73,77,172,181,185,189,141,148,153,149,157,247,250,254,254,231,235,222,223,198,202,198,47,41,45,16,89,1,29,37,42,105,18,37,61,73,49,6,93,75,210,174,
228,239,237,221,214,219,238,167,160,188,147,205,159,196,209,99,100,106,50,100,78,91,70,69,85,31,32,57,62,12,1,70,30,238,235,234,236,214,142,245,218,155,150,174,161,183,254,243,246,216,159,153,116,99,124,115,87,13,0,3,
1,46,43,39,60,37,10,24,58,25,15,245,230,246,253,204,231,214,210,173,161,166,186,140,207,202,139,156,99,1,6,26,30,114,86,20,74,93,55,35,60,41,73,19,91,82,170,224,255,224,241,211,194,192,221,159,146,240,184,183,
191,129,153,217,162,117,56,114,99,2,64,69,92,18,24,103,57,115,62,2,80,29,8,29,233,231,234,181,218,156,156,146,251,241,230,255,210,209,199,222,194,193,32,41,35,52,37,25,25,8,13,118,105,99,107,78,95,83,66,178,
182,186,163,162,166,157,156,133,136,132,253,228,233,237,205,212,203,207,46,55,59,55,15,22,26,31,78,97,108,52,59,120,3,5,46,90,34,245,174,171,195,159,213,222,205,170,169,172,225,176,128,141,130,220,142,213,49,112,119,121,
1,68,95,74,55,52,36,127,23,6,9,3,22,166,239,255,250,251,204,197,157,230,201,232,246,191,176,134,207,194,214,42,39,127,103,65,70,12,66,85,79,62,52,33,113,43,83,90,82,24,247,232,248,235,202,200,197,135,237,232,
160,191,183,185,129,209,170,141,192,105,107,58,120,77,84,27,96,111,49,107,38,10,72,5,0,21,224,255,226,189,226,164,135,154,131,137,238,247,234,233,207,214,218,54,40,49,59,60,45,16,1,0,5,14,17,107,99,118,103,91,
91,74,78,178,171,186,145,149,132,157,128,140,229,252,225,229,245,223,195,199,214,207,51,46,55,46,18,23,86,105,100,44,35,112,58,29,54,82,42,13,165,163,203,167,237,214,197,210,209,164,233,191,136,133,154,196,134,44,41,104,
127,113,57,92,87,66,79,76,61,119,47,62,1,11,25,174,231,231,226,243,196,221,133,238,193,227,238,183,184,190,247,219,222,215,207,42,39,121,78,64,34,37,72,76,32,43,113,39,11,25,21,19,14,86,229,165,183,183,197,205,
210,163,176,161,163,143,205,192,205,157,154,105,111,126,54,69,91,14,76,70,31,37,55,46,64,59,68,26,161,236,231,173,248,214,203,199,192,197,146,180,228,228,247,238,210,200,208,49,52,58,49,16,20,24,80,24,102,46,33,114,
9,46,52,80,40,15,84,165,197,161,211,208,218,212,175,162,231,174,185,135,152,198,132,223,43,106,125,115,59,109,81,76,73,50,42,104,41,0,7,5,8,172,229,229,224,241,247,223,135,236,195,146,159,177,182,184,201,204,208,212,
33,100,103,105,2,84,75,89,85,83,63,103,37,101,117,57,26,30,19,172,172,255,232,207,198,221,196,173,168,226,231,242,139,132,140,146,155,219,79,96,37,103,93,4,95,82,51,101,22,114,20,70,3,0,82,238,251,238,250,229,
232,152,207,143,139,236,236,238,241,208,215,217,210,52,51,38,63,34,30,7,30,3,14,96,97,101,105,33,73,85,29,18,161,218,253,197,129,249,222,133,242,154,246,188,167,165,133,158,147,214,159,104,116,107,53,87,12,26,91,44,
34,106,60,6,19,30,29,29,87,248,241,246,244,249,159,214,214,211,162,164,174,246,189,146,195,206,102,105,111,38,59,1,5,16,64,80,89,63,117,43,60,22,22,31,10,170,240,184,177,234,201,205,192,159,224,170,165,186,187,168,
152,154,151,213,40,54,118,113,65,71,70,31,28,51,118,52,46,72,10,31,6,88,210,189,227,185,244,207,150,211,206,163,175,184,172,203,156,220,216,40,49,59,60,37,42,29,29,3,12,17,112,102,99,114,83,86,66,83,178,182,
186,242,141,136,200,223,148,231,185,138,246,134,169,217,199,167,195,113,114,105,118,77,64,5,76,44,41,62,120,34,64,77,20,27,29,93,224,243,238,235,208,200,155,203,162,165,167,133,202,139,131,158,151,104,121,57,74,109,52,18,
83,84,90,107,127,114,115,4,2,31,231,225,230,250,184,189,135,238,217,212,208,160,161,183,173,147,131,143,186,146,110,104,34,0,65,70,72,58,76,64,68,56,51,121,28,19,1,29,27,246,191,237,173,143,143,218,181,170,171,184,
185,138,135,197,216,213,149,97,113,119,118,62,108,67,6,68,62,103,58,15,22,72,51,92,243,169,228,255,181,195,222,211,223,200,205,251,172,236,232,207,222,203,44,53,58,60,13,19,28,1,0,5,115,98,99,102,99,114,66,70,
74,2,170,184,248,207,132,247,216,154,230,150,185,250,228,183,211,129,130,136,102,125,112,53,124,75,89,78,104,50,97,108,4,11,13,77,3,227,254,251,224,248,186,219,210,213,215,218,237,187,179,142,135,137,137,41,90,125,36,49,
67,68,74,27,30,19,102,115,35,51,58,26,88,14,225,243,251,248,213,141,223,159,157,238,172,187,188,181,159,134,156,153,211,214,52,116,115,67,69,68,29,30,49,116,54,31,70,12,1,0,86,212,163,229,183,242,241,148,209,204,
161,173,171,174,201,158,222,218,46,63,61,34,35,36,27,3,5,2,23,97,100,97,112,81,84,64,81,176,180,184,240,139,134,206,193,146,152,191,148,240,136,175,219,197,165,193,115,112,107,116,79,66,7,93,42,39,56,102,36,78,
75,10,29,19,91,226,241,236,233,210,219,153,201,160,167,165,187,204,133,133,128,145,102,127,39,76,99,5,16,81,86,88,105,125,112,113,6,0,29,25,231,232,252,166,138,137,232,199,210,222,162,163,181,175,145,129,141,184,144,108,
106,51,62,71,72,78,36,74,78,66,38,53,119,30,17,3,31,25,229,189,239,175,141,141,220,203,172,165,190,167,140,137,195,198,211,100,99,115,117,116,60,110,65,4,70,60,101,60,49,16,70,53,83,245,167,226,225,179,193,220,
209,221,202,207,249,174,224,232,205,207,205,210,51,54,51,51,18,23,18,3,2,121,125,45,125,120,9,30,85,38,9,218,181,197,234,137,151,247,130,176,179,185,166,138,143,194,147,156,153,127,57,99,48,61,68,88,94,30,48,35,
47,42,17,9,75,27,229,234,224,245,186,251,194,223,214,216,201,250,137,174,247,194,131,149,155,42,47,34,38,4,92,68,85,90,105,63,48,34,42,56,6,94,12,76,174,174,253,234,205,196,223,169,171,166,228,249,244,133,130,146,
148,149,221,77,98,39,101,95,23,93,80,49,103,20,76,18,72,5,30,84,224,253,240,252,235,221,154,205,131,139,238,238,236,243,210,215,210,44,53,56,53,60,20,24,28,76,28,25,42,61,118,5,42,57,84,36,11,168,182,193,
157,215,220,222,217,171,174,227,178,189,184,156,218,128,211,222,118,121,127,63,81,66,72,53,54,38,108,36,4,11,1,20,91,233,225,252,245,251,234,155,232,207,150,227,162,178,132,205,192,197,45,98,108,121,118,112,68,88,26,31,
20,125,59,54,50,49,16,25,11,205,229,240,205,204,200,198,132,145,208,164,170,216,223,211,230,154,145,219,141,98,111,123,69,80,0,90,115,105,97,43,36,8,9,26,27,25,20,167,186,183,247,240,192,217,208,224,155,188,224,154,
152,201,139,158,116,42,81,62,96,58,70,93,23,82,79,53,49,46,19,76,19,75,180,169,184,189,168,138,155,158,139,154,250,254,226,170,242,255,144,151,220,95,112,83,62,126,81,2,28,31,123,57,58,32,63,5,8,93,20,19,
30,230,176,234,137,132,220,211,165,229,187,168,150,147,152,128,210,130,106,109,127,114,53,83,91,86,95,33,48,113,2,21,76,73,8,236,226,163,166,187,142,139,219,219,210,213,240,166,185,171,147,129,141,213,119,55,37,54,68,83,
68,77,70,46,36,33,123,126,123,28,27,27,29,236,181,198,233,156,222,212,158,164,169,184,238,141,203,157,207,154,153,44,121,100,121,117,82,70,17,70,119,112,101,111,82,95,70,95,179,190,167,190,162,166,209,153,148,220,211,224,
138,173,134,194,186,142,213,51,91,55,125,87,85,66,65,84,25,47,56,53,42,116,7,92,89,24,239,225,186,236,199,210,223,220,173,231,191,174,177,132,137,222,151,151,146,114,116,109,53,126,81,19,30,39,40,46,118,75,78,71,
8,22,252,235,245,250,238,180,152,155,250,213,160,191,180,173,131,145,167,158,123,70,102,98,124,1,12,85,90,92,71,88,92,80,52,7,86,8,31,245,225,239,235,139,209,153,131,236,174,185,190,183,172,132,158,155,209,212,33,122,
117,125,67,74,27,96,55,122,48,50,68,14,3,2,84,39,161,231,181,240,243,146,223,202,223,171,180,168,247,152,208,216,195,53,57,60,60,37,25,31,29,4,8,12,47,127,122,58,13,70,36,11,216,164,212,212,143,153,241,141,
199,189,191,184,187,190,243,145,158,155,140,42,97,50,63,70,73,79,96,54,45,56,37,38,7,77,5,20,27,226,247,184,249,241,204,212,218,203,235,152,191,201,196,141,130,148,44,33,36,56,53,120,64,86,22,72,95,53,48,62,
43,75,17,78,174,205,230,234,255,137,129,203,196,219,218,186,187,185,180,246,218,215,151,144,96,102,112,0,123,92,17,75,56,105,43,62,39,74,49,94,0,90,23,253,183,242,239,194,206,206,179,236,179,251,211,201,216,220,192,217,
59,62,42,58,43,46,3,27,3,12,111,105,109,82,72,89,92,176,169,184,189,160,185,155,158,130,154,140,249,255,230,234,238,207,201,205,49,40,57,61,20,9,24,28,7,106,114,124,126,111,109,67,66,71,66,83,178,169,174,140,
156,156,145,240,245,252,225,224,214,211,194,195,198,203,114,58,55,127,112,20,103,72,27,103,23,41,74,84,52,80,2,242,248,231,252,241,133,204,219,214,201,151,162,241,252,133,138,140,221,115,96,125,120,80,72,10,90,83,84,39,
42,125,52,52,49,23,25,8,168,219,237,180,129,192,199,201,235,238,227,231,242,162,131,138,157,215,137,113,99,107,121,84,12,79,15,111,12,39,43,13,74,66,8,7,233,232,251,250,248,245,152,157,152,208,175,167,184,177,193,186,
157,195,121,123,42,104,125,85,11,112,31,65,27,57,58,120,53,16,20,16,15,242,173,242,169,144,138,155,159,131,235,250,255,235,251,221,192,196,212,196,51,57,40,44,19,9,24,14,115,106,123,126,82,75,90,95,67,91,186,166,
184,169,173,145,153,136,140,240,233,235,239,215,202,219,223,53,43,51,61,63,46,27,28,5,8,5,125,100,104,111,77,93,78,82,179,182,191,162,146,151,146,131,130,248,253,173,253,248,184,158,213,166,137,90,38,69,106,9,23,119,
2,48,51,57,38,61,15,66,19,28,25,14,185,227,176,189,196,216,222,158,176,163,190,170,145,137,203,155,146,106,96,117,58,123,66,95,86,88,73,105,9,46,119,66,3,4,27,170,175,162,163,195,205,216,215,209,214,187,249,252,
247,158,137,151,147,144,113,103,108,76,83,66,78,75,6,39,35,35,32,10,12,28,5,80,93,247,248,254,148,171,175,178,214,165,231,185,174,147,143,137,132,220,127,63,61,61,127,104,92,85,78,87,45,40,115,118,67,11,4,227,
229,228,172,207,224,148,214,204,149,223,210,160,246,133,242,148,215,146,145,35,110,123,65,77,90,95,24,79,126,126,125,100,104,94,94,71,74,76,174,166,170,174,222,142,139,164,171,232,147,164,190,202,178,133,222,200,83,47,101,110,
108,75,89,92,17,32,47,61,18,76,30,69,80,224,231,233,177,231,252,218,199,196,212,158,167,182,185,179,134,201,159,111,106,107,109,100,13,118,89,24,21,47,32,54,127,114,119,90,87,26,17,231,167,238,193,211,207,201,181,237,
191,255,255,156,132,136,157,218,210,152,102,121,120,107,74,87,82,104,109,104,32,14,6,8,1,81,42,254,179,233,235,186,201,220,197,155,224,239,174,252,137,138,200,133,113,100,96,127,98,14,81,25,0,26,11,126,98,123,106,111,
91,84,77,176,180,164,171,153,137,144,154,157,247,250,247,254,239,237,195,194,199,200,211,37,40,45,12,19,31,17,112,116,126,97,96,86,82,66,67,71,189,163,162,167,174,179,133,137,142,236,245,248,229,205,212,217,216,46,55,58,
63,62,39,26,27,78,30,27,91,59,120,3,20,63,90,34,245,174,184,208,159,213,222,220,219,216,172,225,176,191,186,130,220,142,213,32,97,119,121,1,87,76,89,55,52,36,110,38,6,9,3,22,89,24,255,250,251,253,212,140,
230,201,232,229,172,176,134,207,194,199,219,39,127,103,118,121,59,66,85,79,79,37,33,113,43,83,75,32,16,228,233,166,166,244,210,197,204,199,222,163,190,252,241,252,140,154,154,156,109,37,86,106,31,93,87,14,37,40,57,111,
12,123,26,80,29,22,92,233,229,248,244,211,214,146,197,245,244,230,255,210,214,199,222,195,207,32,33,36,40,48,7,13,21,4,118,105,107,110,91,74,83,89,175,182,187,188,191,153,156,129,152,143,139,253,228,232,234,205,212,202,
198,46,55,59,41,15,22,27,26,31,121,125,98,120,105,108,73,89,72,77,180,186,171,174,147,138,155,142,247,186,226,239,183,135,204,175,128,163,46,78,97,50,44,124,11,73,74,48,47,36,56,77,4,3,14,246,160,250,185,180,
253,195,213,149,203,216,181,163,168,176,194,146,154,157,111,98,37,108,75,70,79,81,64,16,18,37,124,121,56,28,18,83,86,171,170,252,250,215,192,206,193,178,224,229,254,151,129,140,152,155,138,156,101,82,123,115,67,65,94,114,
54,43,63,9,20,4,5,21,6,160,173,244,251,253,151,187,191,223,208,166,247,190,177,135,237,226,101,106,108,37,48,75,110,100,67,1,93,122,3,99,21,111,15,27,76,52,238,254,177,238,203,220,197,214,188,225,239,146,189,184,
135,156,133,155,137,34,86,107,111,79,78,89,36,101,106,96,98,76,99,8,31,17,80,132,152,201,192,200,223,134,205,210,241,176,232,170,137,162,216,137,110,60,55,80,113,78,98,83,84,95,82,123,117,185,223,247,71,44,229,246,
229,237,199,215,198,222,197,149,40,78,70,244,243,212,172,173,173,147,50,110,113,18,83,28,102,44,15,125,52,58,96,80,47,22,18,41,227,250,243,254,237,139,144,218,181,170,171,184,136,138,135,197,216,38,102,97,113,119,118,15,
108,67,6,68,62,120,58,15,22,72,34,173,243,169,228,255,134,195,222,211,223,200,188,251,172,227,239,216,201,204,49,40,57,44,21,9,24,29,8,106,115,121,126,103,91,93,95,70,74,75,184,169,173,145,136,153,140,244,233,248,
252,212,202,210,221,222,199,59,59,63,38,42,46,24,9,13,113,104,104,108,87,73,95,90,174,176,178,243,187,182,207,192,147,232,207,139,247,135,168,203,213,164,192,114,113,123,100,76,65,4,77,90,38,57,103,37,126,123,21,26,
28,92,242,225,237,232,211,203,137,202,163,164,166,171,252,132,132,129,144,150,143,56,75,108,53,0,80,87,89,104,109,96,114,25,50,15,22,6,186,163,233,230,249,207,196,221,215,210,232,252,249,177,142,134,136,146,34,89,126,51,
88,90,11,73,92,69,108,15,120,46,124,9,27,89,20,241,228,243,236,209,142,209,150,240,235,250,255,231,251,221,193,197,212,205,32,36,53,44,16,19,22,13,112,106,124,121,79,81,83,18,90,168,232,255,180,199,232,234,150,230,
201,234,244,135,227,145,146,152,150,109,96,37,108,123,73,94,24,66,17,28,52,59,61,125,19,19,14,11,240,232,170,235,194,197,199,202,157,171,163,190,183,185,153,217,170,141,212,33,115,116,122,11,14,3,19,7,34,45,46,17,
4,24,77,68,86,189,161,164,181,208,200,216,135,142,236,246,235,238,207,170,138,151,57,57,32,66,123,109,67,85,92,87,90,111,101,118,29,3,10,23,29,226,228,224,178,194,221,194,211,192,160,162,191,253,163,244,210,145,159,138,
101,99,117,105,11,14,5,16,33,58,33,49,50,27,2,2,1,42,21,253,249,238,221,205,216,215,219,172,176,165,221,158,200,137,158,144,116,36,27,74,67,120,94,7,76,83,112,32,111,21,14,45,95,249,239,189,182,209,193,205,
254,221,220,221,171,160,254,242,184,151,153,152,139,106,104,114,8,13,8,64,95,38,40,33,113,10,45,83,9,11,90,24,252,229,187,192,143,209,156,169,170,232,165,160,132,128,159,130,221,113,54,34,58,43,46,2,27,10,14,119,
107,109,80,93,68,85,182,169,184,189,163,185,155,159,134,154,139,143,226,251,234,238,214,212,205,49,50,36,52,19,9,24,29,0,25,123,126,106,122,107,94,66,91,66,72,175,169,172,144,136,158,155,237,243,241,176,248,198,142,129,
210,169,142,84,48,72,111,52,18,101,1,51,48,58,52,15,2,71,14,25,231,248,166,228,191,186,202,221,211,155,205,177,172,169,146,138,200,137,96,103,101,104,63,69,69,64,81,87,63,103,12,35,114,127,17,22,24,169,172,161,
177,218,241,204,213,182,251,226,168,167,184,136,155,154,152,149,215,61,56,112,79,71,88,81,97,26,61,112,25,27,74,8,29,4,171,208,191,225,187,217,218,152,213,176,165,176,175,146,205,146,213,48,42,59,62,35,11,26,31,11,
27,10,97,101,116,101,87,72,72,77,177,169,186,172,142,144,157,130,132,255,182,230,243,179,180,208,171,140,167,35,74,109,54,16,120,20,77,54,52,35,32,53,73,8,7,18,5,164,230,189,184,249,206,209,153,207,164,177,188,172,
140,198,158,143,97,107,110,33,112,120,66,83,85,76,20,31,33,112,125,4,11,30,87,170,175,166,202,198,193,202,218,223,195,241,224,250,232,236,192,217,180,148,111,56,42,48,18,22,27,2,14,38,51,114,98,68,62,31,1,22,
24,248,251,254,160,146,137,249,223,174,170,168,190,128,140,214,137,134,102,111,100,125,119,114,25,79,16,29,38,51,46,57,7,8,28,87,170,169,219,234,225,197,205,214,198,215,190,165,135,188,177,142,151,158,189,109,105,102,123,76,
80,69,18,62,104,41,62,48,37,68,123,42,35,43,237,167,236,243,144,209,143,245,174,141,255,182,143,221,214,177,144,156,94,125,124,125,120,64,30,18,88,55,40,56,43,10,8,5,71,173,168,224,255,247,200,193,145,234,205,128,
169,171,250,184,141,148,219,160,47,113,43,73,74,8,69,64,85,32,63,34,125,34,101,66,90,75,78,179,187,170,174,151,139,154,240,253,228,245,231,248,216,221,195,217,200,63,38,58,43,47,19,27,10,14,118,107,122,81,82,68,
90,69,169,184,189,168,185,168,158,139,154,139,143,243,170,242,255,135,136,220,95,112,83,47,79,81,2,28,108,8,74,58,32,63,52,57,93,20,19,30,241,175,234,137,132,205,194,212,229,187,168,165,160,152,128,210,130,155,156,127,
114,53,124,76,73,95,33,48,96,19,21,76,73,8,31,17,163,166,187,186,225,202,214,207,207,130,235,190,169,142,135,156,133,110,107,33,36,49,121,69,77,83,90,26,16,39,106,32,34,67,30,19,242,164,215,160,215,133,192,195,
145,175,186,175,187,164,169,199,136,192,204,211,58,47,48,17,22,24,17,114,119,101,123,100,74,91,94,75,90,75,191,170,187,170,174,133,197,149,224,160,167,253,190,145,178,206,174,114,33,63,79,43,88,91,65,94,85,88,122,59,
52,1,22,64,11,168,165,236,227,198,134,216,203,198,195,185,161,243,163,186,189,152,157,210,99,107,119,126,64,81,1,114,54,111,106,43,60,50,66,71,90,91,63,245,242,249,233,204,208,132,132,248,233,132,164,140,219,219,194,191,
102,115,50,42,46,55,98,91,77,82,36,45,55,58,92,85,69,61,227,234,230,236,243,196,192,146,213,194,213,179,160,177,179,142,221,131,212,33,98,108,106,69,67,68,88,26,110,101,31,54,37,1,17,18,10,19,243,225,212,252,
217,228,196,211,173,251,176,238,134,137,143,146,218,253,83,74,66,116,45,86,88,11,74,117,15,55,20,86,31,1,91,185,198,239,235,192,251,197,212,209,202,148,249,179,172,179,130,145,147,145,108,46,35,46,79,72,72,78,95,104,
19,36,105,35,33,81,19,22,15,161,218,182,232,130,207,196,159,170,183,170,166,161,155,196,139,204,200,208,32,37,40,49,16,7,14,18,115,118,115,115,90,80,71,94,67,186,160,161,165,172,129,128,132,136,145,240,231,239,242,211,
215,220,211,52,55,39,62,21,28,0,1,4,9,97,96,101,104,113,80,68,72,82,179,182,170,179,149,159,135,158,245,255,224,225,229,236,144,216,213,157,146,50,73,110,69,1,121,79,20,114,26,118,60,16,26,5,30,19,167,238,
249,244,235,181,196,159,154,219,172,162,251,173,134,147,158,114,106,40,120,113,118,69,72,31,86,86,83,49,55,46,118,61,3,82,95,230,233,239,137,140,129,128,203,224,172,181,165,232,241,136,135,152,153,138,107,120,117,55,10,7,
71,47,39,41,32,112,58,29,80,10,8,89,232,253,228,186,193,142,193,155,214,173,231,181,144,133,129,158,131,45,114,58,33,57,40,31,6,26,11,14,98,123,106,111,82,75,77,178,182,164,189,160,148,133,158,131,153,252,246,254,
231,235,233,223,198,202,203,47,62,43,12,21,25,26,109,116,121,120,125,100,91,95,94,71,75,78,238,190,187,251,204,152,227,180,159,235,147,149,206,216,176,204,134,126,124,123,120,125,1,80,95,90,77,107,46,117,64,1,6,8,
161,247,236,249,228,212,196,142,198,215,216,163,182,249,184,176,141,155,157,116,44,87,105,8,5,76,67,85,111,98,103,126,18,63,9,18,2,23,11,169,169,172,140,233,193,211,252,246,229,128,176,158,215,221,194,218,89,96,102,121,
127,118,90,95,1,113,104,11,60,13,9,11,12,225,237,183,232,231,248,200,219,218,216,213,151,174,241,252,135,129,141,154,100,107,127,37,11,8,122,75,64,91,42,41,33,56,40,4,57,25,4,198,246,252,248,219,192,237,216,176,
167,190,167,189,137,214,149,211,146,149,116,105,49,22,127,126,111,81,112,51,36,108,21,82,32,3,56,179,242,228,166,173,218,212,208,235,208,169,177,188,175,201,205,143,139,108,101,126,103,125,73,3,6,19,91,35,51,53,52,124,
63,1,68,6,252,165,239,241,208,134,245,130,181,231,162,161,243,190,156,145,157,138,143,40,110,33,45,13,20,10,15,110,119,123,122,79,86,91,86,95,78,187,188,165,168,174,157,132,136,137,237,244,235,239,206,215,219,219,47,54,
58,57,63,16,31,28,5,8,4,125,100,104,108,77,84,75,71,174,176,178,179,146,150,156,131,130,249,248,173,253,248,184,158,213,166,137,90,53,69,106,9,23,119,2,48,51,57,38,61,15,66,19,28,25,255,185,227,176,189,196,
216,222,158,176,163,190,170,145,137,203,155,101,106,96,117,58,123,66,95,86,88,73,105,9,46,119,66,3,21,27,170,175,162,163,223,252,201,200,192,133,229,183,160,183,190,134,159,149,144,42,47,59,115,76,68,74,67,100,23,56,
109,47,20,77,23,26,11,93,205,186,236,190,203,200,155,214,179,166,162,146,151,192,151,200,199,37,60,33,45,53,44,3,7,22,15,115,110,119,108,81,75,93,184,168,185,189,167,184,152,156,133,153,128,249,254,231,235,232,206,198,
203,202,47,54,58,17,8,25,29,0,56,96,109,53,58,121,49,6,45,89,33,246,188,170,194,158,212,200,178,173,166,171,254,134,129,140,131,221,143,39,50,115,116,122,19,69,94,75,54,53,50,64,16,9,14,28,224,167,238,254,
251,201,207,198,158,229,202,250,247,190,177,135,206,212,41,40,76,105,71,68,92,65,69,8,123,126,126,27,51,48,78,71,85,72,182,180,209,193,220,149,159,241,233,155,162,164,187,142,135,156,145,199,62,63,84,122,115,79,90,93,
35,47,117,42,20,11,10,25,24,233,228,166,232,191,186,200,214,195,220,218,173,174,244,201,202,184,152,115,104,104,107,99,73,89,90,97,90,85,56,23,34,41,62,0,17,19,238,185,242,189,196,203,205,208,152,204,149,148,132,186,
218,153,158,197,140,203,94,117,86,20,93,67,8,123,4,45,41,49,10,3,10,23,4,163,167,245,226,245,252,192,209,211,174,236,240,253,141,138,138,140,110,38,85,122,47,109,86,15,85,88,73,112,11,116,42,64,13,23,93,232,
245,232,228,208,213,130,213,138,247,231,254,227,230,247,193,197,204,208,49,52,32,49,24,18,5,15,114,116,102,127,99,83,71,94,66,70,87,161,165,173,176,145,132,143,145,249,246,229,239,210,222,198,223,195,54,39,62,34,46,0,
8,7,20,13,113,99,117,100,86,73,80,71,174,183,186,185,143,150,154,154,206,158,236,180,187,248,131,148,174,218,162,117,46,43,67,31,85,94,92,42,41,44,97,48,63,13,2,92,14,85,177,240,247,249,129,215,223,202,183,180,
164,238,151,134,137,131,150,38,111,127,122,123,125,69,29,102,73,104,101,63,48,6,79,66,86,175,252,223,234,235,220,145,152,210,205,210,178,161,176,178,143,222,211,222,110,105,105,126,79,7,116,91,14,51,49,112,50,55,31,81,
42,85,11,161,255,244,190,203,214,203,214,177,180,227,180,211,223,192,201,195,212,60,35,37,53,46,19,26,2,13,110,119,107,103,79,86,90,94,168,185,189,169,184,171,159,157,141,138,145,227,231,236,242,219,209,215,198,58,43,58,
63,19,4,29,1,1,52,100,113,49,54,125,45,2,33,93,221,242,176,174,254,154,216,180,182,161,162,183,250,138,133,144,135,209,139,59,54,127,112,70,23,73,90,55,50,57,14,68,28,13,18,24,236,163,242,250,247,205,211,194,
146,225,182,254,251,186,141,131,194,40,45,36,72,117,67,72,88,93,65,4,127,98,122,23,55,12,74,74,83,206,230,228,157,150,152,128,226,170,188,163,181,188,183,137,207,198,214,189,114,123,119,125,66,68,87,125,34,61,34,51,
17,0,2,31,93,240,167,178,241,255,234,212,210,213,201,235,238,242,176,129,154,129,96,99,123,98,98,97,103,79,74,101,86,81,36,4,47,62,0,19,15,189,254,168,233,207,193,212,132,187,234,144,152,190,231,172,130,193,128,207,
181,110,82,40,89,79,29,22,0,33,45,15,36,18,30,1,28,94,82,233,230,249,248,235,202,215,210,232,237,232,177,142,134,136,129,209,89,126,51,105,107,58,73,92,69,27,96,120,46,124,9,10,72,20,241,228,224,255,226,142,
209,152,135,154,250,254,225,251,234,238,198,212,205,48,60,36,44,19,20,5,30,112,106,114,126,126,103,91,94,95,70,74,75,184,169,172,153,136,128,138,237,244,249,255,206,215,219,218,222,199,58,62,63,38,42,5,24,9,13,118,
57,112,125,5,10,73,50,246,221,169,209,230,140,154,242,142,196,207,162,189,182,187,206,135,145,156,115,45,127,55,2,67,68,74,18,53,46,59,38,37,53,80,0,25,30,236,240,183,254,206,203,202,223,182,238,149,186,251,199,142,
129,151,222,36,57,56,126,105,78,86,77,84,46,43,97,119,104,111,30,15,240,236,165,248,242,254,216,152,132,150,136,233,245,169,190,128,137,150,214,100,115,100,109,87,78,68,65,27,30,70,89,93,62,51,3,85,38,81,247,183,
186,247,204,134,218,207,170,181,184,231,180,141,152,151,151,208,136,99,96,124,52,8,5,94,81,98,47,44,127,23,30,27,10,91,254,190,185,169,165,180,215,192,215,222,181,191,181,176,202,207,202,147,108,100,106,99,51,119,88,13,
79,69,109,55,58,43,125,62,90,12,94,235,232,170,246,211,198,194,221,183,224,183,225,229,238,193,200,194,213,196,57,58,43,46,26,10,10,15,114,58,98,111,0,7,76,47,0,35,174,206,225,178,172,239,139,201,202,176,175,181,
184,205,132,131,142,118,32,122,57,52,76,67,85,21,75,88,38,35,40,48,66,18,26,29,239,226,165,195,203,198,207,209,192,225,146,165,252,249,184,156,146,211,214,43,55,111,119,70,73,33,73,77,65,37,54,116,27,12,6,18,
28,250,186,224,168,178,138,209,206,209,160,179,162,143,138,192,197,208,105,102,110,112,121,57,113,70,11,65,67,98,49,52,45,67,56,80,246,164,225,226,176,204,217,204,216,199,202,230,169,239,239,242,194,198,206,211,50,55,40,12,
21,25,29,28,116,120,124,125,100,91,88,94,79,79,82,170,174,183,174,146,150,144,241,245,249,224,208,213,209,193,192,197,58,34,35,39,43,50,2,6,2,19,114,105,108,29,77,72,8,238,165,214,249,202,182,245,218,153,135,231,
242,160,163,169,182,141,159,210,99,108,105,126,9,83,0,13,84,40,46,110,32,51,46,26,1,25,91,11,226,250,240,197,138,203,210,175,166,168,185,249,185,158,199,210,147,148,107,58,63,50,54,20,76,84,37,42,104,47,0,18,
26,8,5,174,252,188,190,190,205,218,221,212,207,214,187,182,244,201,196,132,146,98,100,101,45,125,82,23,85,79,22,45,32,33,119,4,115,2,88,21,238,164,240,237,192,204,219,222,234,189,243,251,254,231,218,218,223,198,203,36,
56,41,45,17,8,8,12,112,105,120,124,84,74,83,91,94,190,178,163,162,166,170,156,133,137,141,236,245,233,229,205,212,217,206,46,55,59,63,62,22,26,22,31,6,10,96,41,113,124,4,26,89,34,245,222,170,193,214,141,155,
243,143,180,191,189,186,185,139,222,151,144,157,114,61,111,52,1,64,71,90,98,52,47,58,22,21,5,79,7,22,238,252,241,182,255,207,219,218,220,181,237,133,170,203,198,143,128,103,46,35,38,63,39,5,16,81,86,88,91,92,
80,84,8,3,90,12,227,241,237,235,215,143,221,157,159,224,170,165,186,187,168,152,154,151,213,40,37,118,113,65,71,70,31,28,51,118,52,46,72,10,31,6,88,35,189,227,185,244,207,150,211,206,163,175,184,172,203,156,210,218,
223,57,61,36,56,41,29,0,25,8,13,121,122,107,111,83,74,83,72,175,182,187,191,136,145,153,156,141,129,225,224,228,232,241,208,199,203,210,51,54,35,51,18,23,27,3,117,121,125,124,101,105,84,93,68,72,77,239,191,186,
250,205,134,228,203,152,228,148,187,207,217,177,205,135,125,127,120,123,126,51,81,94,91,76,106,48,114,127,6,9,15,160,246,237,248,229,230,199,141,197,212,219,209,183,248,185,177,140,148,154,139,43,88,127,9,4,77,66,84,29,
97,100,120,117,45,6,23,24,90,12,227,224,232,250,215,143,221,242,232,224,170,165,139,138,153,152,154,151,38,59,54,118,113,65,86,87,31,28,51,97,27,25,72,10,31,247,169,210,189,227,185,199,220,150,211,206,178,190,169,172,
203,156,197,53,40,57,61,36,9,24,29,0,25,123,126,106,122,107,111,66,91,66,72,175,182,172,144,136,145,153,237,252,240,225,224,228,219,194,195,199,203,210,34,39,35,51,18,8,12,108,117,121,125,77,84,88,84,93,68,187,
190,239,191,186,203,220,151,228,203,152,251,131,148,207,217,177,60,118,125,127,120,72,77,0,81,94,91,61,123,33,114,127,6,22,24,160,246,237,233,212,215,199,141,197,167,168,162,183,248,185,128,157,148,154,139,60,71,104,9,4,
77,83,37,108,97,100,125,86,67,78,23,24,239,133,154,158,146,246,210,152,206,161,179,175,184,149,205,159,223,46,46,108,123,124,117,95,70,92,89,19,22,116,52,51,3,5,21,93,222,241,180,246,223,134,204,193,192,150,148,227,
165,247,178,158,212,145,140,97,109,107,110,9,94,30,30,110,119,123,126,126,86,91,93,95,70,74,161,233,177,188,196,203,153,226,181,158,234,129,150,205,219,179,207,116,127,125,122,121,124,30,87,80,93,50,125,47,116,65,0,7,
26,162,244,239,250,231,213,197,143,199,214,174,188,177,246,191,143,155,154,156,117,45,86,106,11,6,79,64,39,110,99,102,122,119,13,30,16,88,14,225,226,254,248,213,141,204,140,236,143,164,168,140,203,195,137,134,153,111,100,125,
119,114,25,28,25,81,46,38,59,50,66,57,30,83,248,250,171,233,252,218,140,239,152,206,156,184,187,249,180,145,132,147,140,113,46,113,40,20,11,18,24,31,121,126,96,120,110,105,93,68,73,68,173,167,170,167,142,151,155,142,
190,238,235,171,188,200,179,132,175,219,82,101,62,40,64,28,69,78,76,43,40,45,113,0,15,10,29,172,254,165,176,241,246,201,145,199,220,201,180,164,180,254,150,135,153,147,102,41,104,96,74,75,77,68,28,103,57,120,117,60,
51,22,95,82,87,171,166,239,247,198,201,139,221,165,191,191,181,160,193,155,195,219,176,147,116,121,54,54,68,83,85,92,55,46,36,14,76,65,76,28,27,234,236,253,181,198,233,143,205,199,158,164,184,169,255,188,203,157,32,109,
102,44,121,100,72,68,67,70,17,53,101,97,118,103,85,91,74,77,179,171,189,149,136,153,156,137,233,248,253,232,249,232,223,195,139,211,222,102,120,59,64,87,124,31,31,48,99,125,13,88,26,25,3,28,23,233,188,245,242,255,
193,159,205,150,227,162,178,132,196,154,137,132,112,123,99,49,97,75,76,94,83,20,93,60,57,56,62,23,79,35,244,173,168,233,207,193,128,133,152,153,173,171,166,177,191,176,133,223,210,209,83,125,110,77,69,78,94,46,54,61,
0,48,45,43,3,31,25,83,175,246,249,255,149,170,177,181,169,162,232,190,128,146,142,136,133,46,124,60,62,62,124,90,93,84,79,86,44,54,116,73,68,4,18,226,228,229,173,206,210,151,213,207,150,220,160,161,247,132,243,130,
216,149,110,36,97,109,64,76,91,94,25,61,115,123,126,111,92,67,66,71,66,83,165,168,165,140,149,153,140,188,236,233,169,141,198,181,154,169,213,84,123,56,38,70,34,71,76,78,41,42,62,115,2,13,8,31,170,240,163,174,
247,248,207,143,193,210,207,165,166,182,252,148,133,155,145,100,43,106,98,76,69,75,90,26,24,63,102,115,50,53,20,93,80,85,169,164,237,245,196,203,137,204,163,177,185,171,166,207,157,221,223,223,157,101,122,123,104,73,90,87,
21,104,101,37,49,1,7,6,78,45,243,182,244,238,183,202,223,198,152,227,236,163,249,180,143,197,128,142,99,111,120,125,11,92,18,26,31,14,123,124,101,104,101,76,68,73,68,173,180,171,175,223,143,138,202,172,231,148,187,136,
244,179,132,223,201,161,44,102,109,111,72,75,93,16,33,46,43,60,75,17,66,79,22,230,232,176,230,253,232,196,199,215,157,181,164,184,178,135,200,137,144,109,100,106,123,59,119,88,25,20,93,82,53,124,113,116,77,17,31,10,
229,227,228,233,139,142,133,255,214,186,161,177,178,170,130,130,129,180,156,121,87,119,115,77,15,10,90,45,35,65,70,109,97,5,22,84,10,236,230,242,252,233,137,192,136,146,234,160,174,177,128,147,130,128,106,32,37,48,120,119,
78,80,89,25,98,38,107,33,35,66,0,20,13,163,216,167,249,132,193,194,144,221,185,172,184,167,170,245,137,193,201,210,51,55,43,51,18,23,25,108,117,121,125,45,125,73,9,30,85,38,9,201,181,197,234,137,134,230,130,176,
179,185,137,138,143,194,147,156,104,127,57,99,48,14,87,88,94,30,48,50,47,42,17,9,75,244,229,234,224,245,139,202,194,223,214,216,186,250,137,174,247,194,146,149,155,42,47,53,9,4,92,68,85,43,67,68,88,92,80,7,
20,86,8,31,228,240,254,235,139,209,142,238,141,166,170,191,201,193,139,132,155,105,122,123,121,116,54,26,23,87,80,32,38,48,64,59,28,81,250,248,169,235,254,231,138,241,158,192,154,215,189,247,178,175,130,145,142,115,44,115,
59,22,9,16,26,29,4,120,126,126,97,106,67,66,70,79,83,178,168,173,140,149,152,157,237,244,251,255,253,215,218,223,222,192,194,35,34,38,44,51,18,9,8,108,125,127,113,80,84,95,65,64,182,191,162,163,167,171,131,130,
134,139,194,253,248,184,143,196,183,137,90,38,86,121,58,23,119,19,65,66,57,38,61,48,117,60,28,25,14,168,242,161,189,196,203,205,141,176,163,190,187,160,184,203,155,146,149,151,154,58,123,115,78,71,88,73,105,26,61,100,
66,3,4,10,91,94,162,166,179,227,243,213,218,152,206,161,179,170,184,149,205,159,223,44,79,100,104,125,11,3,73,70,89,88,36,61,55,50,72,77,89,17,238,230,232,242,130,249,222,147,201,186,235,169,188,165,251,175,216,142,
220,105,123,57,116,81,68,64,76,49,110,49,121,101,75,82,88,95,70,190,160,184,175,172,140,132,136,137,237,244,249,239,206,215,218,223,47,54,57,61,63,38,28,1,24,14,4,108,100,104,106,77,84,75,74,174,191,189,162,146,
150,157,131,130,135,249,252,229,233,237,221,196,200,205,124,44,58,122,77,6,117,90,24,100,20,59,120,89,49,77,7,12,14,248,251,254,179,194,205,219,204,234,176,227,255,134,137,143,207,129,109,120,101,102,118,60,69,84,91,81,
36,120,57,49,12,5,11,11,171,216,255,166,179,205,194,212,157,144,228,253,178,188,169,134,147,148,136,42,47,36,79,70,85,70,78,34,58,35,35,32,21,12,9,51,11,24,228,236,255,218,215,212,218,203,170,168,165,230,196,141,
130,148,254,241,4,24,28,112,123,18,68,91,73,37,35,47,119,21,85,69,38,234,238,227,188,188,207,216,223,214,205,212,189,184,242,247,194,138,148,156,98,107,43,127,80,21,87,77,20,47,34,35,117,6,113,4,86,19,16,162,
254,235,254,202,213,216,232,191,240,255,252,229,217,213,221,196,200,63,62,39,43,39,14,1,3,19,114,118,124,76,85,89,88,92,188,190,161,160,164,175,130,131,134,143,146,243,230,234,243,210,214,204,125,45,40,104,127,5,118,89,
106,22,102,58,121,103,7,99,0,3,9,22,237,224,178,195,204,201,222,152,179,224,237,180,187,142,206,128,147,142,139,97,121,59,107,66,69,80,37,106,43,35,15,6,8,25,89,42,254,167,178,243,244,250,154,159,146,150,227,172,
180,133,138,200,158,96,114,122,104,101,61,92,28,28,127,84,41,60,123,115,57,22,22,31,244,237,231,226,137,140,137,193,222,165,171,162,242,137,174,210,136,138,219,153,108,106,60,127,8,94,29,40,43,105,36,33,7,3,28,1,
94,1,183,160,187,170,175,140,148,141,241,245,228,236,208,220,197,219,201,42,59,63,37,58,26,30,7,27,2,8,120,105,109,86,72,89,77,180,169,184,188,147,138,155,159,130,203,226,239,183,184,251,128,128,163,223,95,112,50,44,
124,24,90,89,48,47,36,41,124,53,3,14,1,95,13,185,180,253,242,196,132,203,216,181,176,187,163,194,146,139,140,158,98,37,108,124,121,120,81,64,16,99,52,109,121,56,15,1,64,86,171,170,237,235,230,192,206,193,197,159,
146,254,132,189,174,141,148,159,143,110,118,125,77,78,73,93,106,71,53,42,59,58,56,2,89,84,29,18,228,159,144,148,168,172,192,216,226,180,171,185,132,130,159,199,133,197,34,89,122,126,115,12,29,95,72,47,38,46,55,13,
8,66,71,163,235,228,236,242,251,140,239,192,133,199,172,245,191,178,147,197,165,210,116,38,99,96,3,78,91,78,90,58,63,120,47,111,107,93,76,78,81,176,183,170,178,154,149,134,142,243,255,231,254,226,217,192,193,197,193,208,
41,38,53,44,16,0,22,7,117,106,115,102,79,86,91,88,95,185,189,165,233,177,141,213,218,153,226,181,141,249,129,150,205,219,162,62,116,127,125,77,70,75,30,87,80,44,35,125,47,116,65,19,20,26,162,244,254,235,214,213,
197,143,176,169,174,188,177,246,142,158,155,154,156,102,62,69,106,11,6,94,81,39,110,99,102,77,72,24,24,17,231,173,227,244,238,238,215,194,146,200,240,232,146,177,133,136,199,40,98,125,98,115,96,64,66,95,29,16,29,62,
57,57,63,14,87,36,11,190,252,246,128,194,199,222,144,235,229,187,241,188,183,206,155,134,155,151,112,100,51,100,20,16,7,121,115,100,125,98,85,69,85,66,89,72,190,170,186,171,175,147,155,138,142,250,235,228,211,200,217,221,
198,41,48,58,61,44,32,2,3,6,13,18,98,102,110,34,74,71,24,239,164,215,248,203,134,246,217,154,132,151,243,161,162,168,183,157,144,213,156,107,102,110,8,82,1,12,36,43,45,109,35,48,30,27,0,24,90,10,242,245,
247,250,141,219,211,174,167,169,184,201,186,157,196,209,144,100,106,59,62,51,3,84,82,79,88,38,54,42,72,77,70,60,228,247,228,236,247,212,197,221,198,251,219,183,128,187,180,168,176,140,157,99,111,123,52,1,64,71,73,59,
79,67,71,55,56,62,101,122,126,30,17,240,184,249,206,192,162,180,164,171,173,228,241,185,173,167,128,194,111,59,66,34,84,46,89,84,11,11,41,49,103,47,10,29,4,228,255,162,172,194,243,217,194,210,209,201,208,167,172,252,
161,148,137,145,104,96,109,44,0,10,24,7,56,83,37,43,122,93,81,47,46,46,16,177,242,244,175,214,145,227,192,136,242,179,165,231,221,170,139,151,187,154,114,113,116,52,2,198,185,169,97,8,44,58,9,15,30,78,144,7,
31,173,186,157,196,234,226,212,141,182,184,235,170,213,175,132,180,54,127,97,59,40,102,79,75,96,91,37,52,49,42,116,72,19,12,19,226,241,224,241,204,142,131,142,175,168,168,174,191,247,179,132,201,131,129,32,115,118,111,1,
122,22,72,98,47,36,110,10,23,10,6,1,4,164,235,163,175,176,128,133,136,145,240,245,234,242,211,214,221,194,50,55,62,35,34,25,26,28,2,15,16,103,109,36,116,65,1,21,94,221,242,209,188,252,211,128,158,238,245,191,
164,166,177,178,150,219,154,149,96,100,50,104,11,6,79,81,39,103,57,42,39,29,30,30,84,12,236,243,249,252,179,194,217,212,221,163,178,226,128,151,206,203,138,106,108,37,56,61,52,86,101,80,65,73,124,126,60,43,12,5,
15,22,236,233,163,166,132,196,195,211,213,212,237,142,161,228,166,143,214,156,145,112,38,68,51,85,7,66,65,100,33,60,49,61,27,30,89,14,78,79,190,167,170,175,142,159,140,147,242,247,243,204,215,218,192,198,195,37,59,41,
104,48,61,86,89,26,97,54,12,120,0,23,76,90,221,185,251,248,226,253,199,202,159,214,209,175,160,254,172,247,194,146,149,155,35,117,110,84,81,90,66,16,49,40,47,61,48,119,13,29,24,25,31,246,191,196,235,138,135,217,
174,160,225,228,249,201,173,136,151,148,140,98,102,43,42,48,3,7,10,19,14,46,50,93,84,70,92,64,180,165,192,240,237,151,159,158,228,213,203,189,179,178,177,132,218,207,44,71,105,96,77,71,72,78,90,8,44,59,60,53,
46,55,28,25,83,5,170,184,251,197,208,207,201,175,179,225,228,255,152,143,138,153,159,142,76,124,120,119,123,76,79,82,125,62,104,41,15,1,20,68,123,217,208,216,254,167,236,194,129,192,143,245,174,146,232,153,143,221,199,64,
97,109,94,125,79,78,75,64,30,18,41,38,57,56,43,29,23,18,168,173,168,241,206,198,200,193,145,153,190,243,169,171,203,137,156,133,219,160,56,110,60,73,74,8,84,49,36,32,63,17,78,17,89,69,90,186,191,162,187,170,
175,132,148,141,240,243,245,236,209,208,197,220,51,48,38,57,36,58,26,30,2,27,10,97,100,116,109,80,87,85,74,179,169,184,189,147,138,147,153,158,246,251,247,174,254,251,148,155,216,163,116,95,58,66,85,14,24,99,127,53,
62,60,59,9,12,65,16,31,26,226,188,238,181,128,208,215,217,225,183,172,170,151,148,132,206,134,102,105,99,118,57,79,95,90,91,93,52,125,6,41,72,69,12,16,230,175,162,167,143,220,255,202,203,195,241,248,178,173,178,131,
129,144,146,111,45,51,62,78,73,73,79,47,103,20,59,110,44,17,80,18,23,14,177,202,181,235,129,204,212,158,171,182,171,167,145,148,195,148,196,62,32,33,37,41,48,0,4,9,17,112,117,105,114,81,84,70,72,177,171,186,
191,162,132,149,135,152,137,140,233,168,240,253,133,153,218,161,118,93,41,64,87,12,26,114,14,59,56,34,61,54,10,95,22,17,28,243,190,236,183,130,195,196,219,227,181,174,187,145,154,130,208,128,153,111,125,112,55,126,78,88,
89,95,54,110,4,43,74,71,14,1,224,161,164,185,184,220,200,215,212,204,209,166,235,227,231,219,202,182,150,109,58,58,35,105,73,84,13,13,112,116,125,7,54,40,28,18,19,16,229,187,171,179,224,198,199,172,166,169,175,187,
233,143,152,159,150,141,148,125,120,50,100,11,23,92,90,55,32,46,14,18,64,69,94,57,236,233,250,252,237,226,221,216,221,246,167,182,183,226,153,199,142,110,96,117,37,26,122,115,123,93,4,79,35,96,33,110,20,15,61,79,
6,232,178,166,225,192,204,255,220,172,173,168,163,253,241,136,135,152,153,138,122,120,117,55,10,7,80,47,39,41,32,112,58,29,80,10,8,170,232,253,228,186,193,159,193,155,214,173,231,181,144,133,129,158,114,45,114,58,38,57,
27,30,3,26,11,14,99,123,106,111,84,84,77,176,177,164,189,144,147,133,149,128,153,251,255,229,250,235,223,198,219,194,198,47,41,44,23,8,31,30,109,116,121,124,125,95,93,66,67,70,66,242,186,183,255,240,131,231,200,155,
231,151,169,202,212,180,208,130,114,120,103,124,113,52,76,91,86,73,23,34,113,124,5,10,12,93,243,224,253,248,227,200,138,218,211,212,167,170,253,180,180,177,151,153,136,40,91,124,52,1,64,71,73,107,110,99,98,41,2,14,
23,7,74,83,25,225,246,255,212,205,214,211,233,236,233,161,141,133,139,130,210,169,127,50,104,106,59,86,91,74,28,31,104,47,125,8,11,73,4,242,231,227,252,225,143,208,151,130,155,138,225,227,244,237,208,209,213,196,56,41,
56,46,21,10,25,28,30,112,121,99,98,103,106,92,77,79,80,177,165,161,224,136,133,205,209,226,153,190,149,241,184,159,196,194,170,49,99,96,106,117,78,82,23,94,41,36,59,118,20,79,74,11,237,227,171,253,246,227,217,194,
218,152,200,161,183,181,184,207,134,149,144,97,103,126,38,124,83,2,15,86,89,40,121,124,113,112,53,16,31,28,244,233,238,163,155,159,147,130,142,174,165,242,226,196,161,145,140,197,197,40,44,53,79,78,80,84,90,43,40,45,
98,83,75,40,14,31,228,238,241,247,243,161,215,192,215,222,181,191,181,176,202,156,195,223,100,98,127,104,118,70,90,24,29,22,0,52,49,50,52,21,39,15,23,225,237,194,250,194,203,150,213,228,173,162,180,169,241,231,174,175,
175,145,48,96,119,44,85,18,113,82,9,115,50,36,81,82,45,20,16,59,229,244,246,242,255,221,206,146,150,164,179,181,188,151,142,132,129,44,33,44,124,123,74,76,93,21,102,73,111,45,39,126,4,9,9,95,220,171,253,128,
205,198,140,217,196,168,164,163,166,241,166,197,193,214,207,50,38,55,46,19,23,7,113,116,127,96,97,100,92,65,64,68,79,162,165,166,182,175,147,134,151,142,242,243,231,217,221,196,221,192,52,37,58,35,57,40,30,3,26,3,
9,110,102,107,103,79,86,77,182,168,185,188,164,216,128,141,213,218,153,145,166,141,249,129,135,220,202,162,62,116,104,82,77,70,75,30,38,33,44,35,125,28,71,82,19,20,26,179,229,254,235,214,213,210,224,176,169,174,141,128,
199,142,158,155,105,111,102,62,69,106,26,23,94,81,39,113,116,73,72,19,56,228,253,253,176,185,243,223,192,209,194,211,160,189,255,242,255,143,151,159,97,104,40,83,85,24,82,80,17,32,37,60,114,9,118,25,83,30,21,95,
234,232,253,201,214,219,149,186,242,249,225,224,215,219,194,195,199,206,35,42,46,55,46,4,9,16,115,118,100,107,84,73,88,93,73,170,187,191,171,186,146,152,159,134,137,142,248,233,237,213,200,219,207,45,50,58,33,19,23,26,
2,3,6,125,99,98,102,108,115,69,73,72,172,181,169,172,141,148,153,157,191,239,234,170,189,246,180,155,168,212,164,100,63,41,65,29,87,77,79,40,43,46,99,1,14,11,28,90,241,162,175,246,249,255,144,198,221,200,181,182,
183,253,149,132,139,146,103,40,105,97,124,68,74,91,27,104,79,121,116,61,50,4,92,81,84,173,193,236,248,195,211,198,218,143,179,185,186,182,251,175,145,152,148,158,97,118,114,32,71,80,71,93,54,47,37,32,75,29,66,79,
20,18,248,247,241,246,234,136,156,151,240,164,161,177,183,150,160,133,156,96,98,67,106,114,123,88,88,9,66,28,52,59,61,32,72,111,37,36,212,234,187,248,206,149,220,155,249,165,134,228,173,179,233,203,180,157,153,67,112,110,
106,77,72,2,23,37,50,37,44,39,1,3,30,92,81,92,253,250,250,252,205,150,229,202,255,189,183,255,133,136,153,207,172,36,122,48,125,118,13,88,69,88,84,51,37,114,37,84,83,70,78,178,181,167,190,149,154,128,129,132,
128,225,224,231,232,241,210,196,214,201,53,42,42,47,18,11,26,31,116,100,125,96,99,116,92,65,64,85,76,163,160,231,183,130,194,212,159,156,179,144,236,187,156,199,193,169,52,126,101,103,112,115,85,24,89,86,35,52,115,41,
74,71,14,238,224,168,254,245,224,220,223,223,149,205,220,176,186,191,240,129,152,149,156,98,115,35,127,80,1,12,85,90,45,100,121,124,117,8,7,24,25,10,235,248,245,183,138,173,162,180,165,187,167,254,146,136,132,133,221,201,
32,38,63,58,110,65,86,87,83,107,33,41,14,7,28,5,31,235,161,164,155,156,144,200,221,196,154,225,255,161,233,255,138,137,220,112,101,97,126,99,13,78,72,69,82,41,102,38,36,47,59,90,94,91,27,236,167,245,198,132,
220,213,177,160,225,187,227,252,215,211,218,144,143,144,112,99,114,112,77,16,21,96,40,39,47,0,9,73,50,5,72,241,243,178,240,245,221,147,232,151,201,227,177,178,192,141,152,141,104,119,122,37,106,23,27,24,30,15,13,99,
106,111,119,110,83,64,80,177,180,185,224,136,133,205,194,145,153,190,149,241,137,174,196,194,170,198,140,96,106,117,78,67,6,94,41,36,59,101,39,79,74,11,28,18,171,253,246,227,238,237,218,152,200,161,166,164,184,207,134,134,
131,97,103,126,38,77,98,2,15,86,89,95,22,124,113,124,20,12,28,19,139,140,128,132,203,192,138,220,211,193,172,170,167,255,173,194,216,208,154,117,106,122,105,72,74,71,5,107,102,38,33,49,6,7,79,44,3,70,235,233,
184,250,207,214,153,226,237,179,233,183,140,198,131,158,147,110,121,124,59,108,34,5,24,9,13,119,121,104,108,84,73,88,78,179,170,179,187,190,158,146,131,130,134,253,252,229,233,237,204,196,201,197,45,52,57,46,14,23,27,31,
111,118,122,118,127,102,93,64,9,81,92,228,250,185,194,213,254,153,225,182,237,251,147,222,148,159,157,154,153,107,62,119,112,125,67,29,79,20,97,32,52,58,66,20,15,26,246,245,229,175,231,201,206,220,209,150,223,190,187,186,
188,149,205,165,138,43,38,111,113,71,14,3,6,26,104,56,56,49,54,124,3,20,14,14,228,226,178,232,144,138,130,217,182,169,168,187,186,135,130,216,221,216,97,126,118,120,113,1,105,78,3,57,59,106,57,12,21,75,48,168,
254,172,249,250,184,196,193,212,208,207,178,254,161,231,215,202,202,206,52,43,58,62,17,4,29,0,5,20,116,100,121,96,100,94,71,75,79,174,183,170,174,143,150,155,151,232,249,252,224,248,216,220,192,217,200,204,43,58,43,47,
18,91,18,31,39,40,107,63,16,51,79,47,0,162,188,204,168,234,233,192,223,212,217,236,180,179,190,145,207,157,41,36,109,98,116,52,91,72,69,64,75,32,114,34,59,60,14,18,85,28,236,233,232,193,208,128,243,196,236,233,
168,191,177,240,198,219,218,202,215,34,114,117,123,41,46,53,73,45,46,108,34,4,30,10,20,1,81,248,160,186,178,248,198,217,216,203,170,168,178,200,205,200,128,159,102,104,97,49,74,94,19,73,75,26,88,60,37,123,0,79,
17,92,233,234,168,229,209,196,192,223,194,157,177,248,229,250,235,239,194,219,202,206,50,52,45,16,28,4,29,113,117,101,124,96,100,70,95,67,79,86,190,162,167,230,182,131,220,211,224,155,188,151,194,186,157,198,192,91,55,125,
102,100,115,65,84,25,88,87,34,42,116,22,77,72,24,239,225,169,255,244,210,223,220,220,150,206,174,177,187,190,241,151,151,146,99,101,124,53,126,81,0,13,84,40,46,103,122,127,66,79,7,31,30,17,180,234,253,215,215,205,
201,233,179,251,225,202,128,159,128,145,130,98,96,125,63,50,63,88,87,95,33,40,121,2,21,88,18,16,162,224,229,252,178,201,135,217,147,222,213,240,189,168,189,137,150,138,213,122,51,62,33,19,23,27,2,3,118,122,99,98,
103,99,92,69,72,76,172,181,168,172,141,148,152,135,238,247,251,254,175,206,203,139,156,215,164,100,79,59,67,84,30,8,96,124,54,61,44,11,8,13,64,17,239,234,253,187,225,133,144,209,214,216,224,167,188,169,148,151,135,222,
118,103,104,98,70,9,72,64,93,84,45,36,124,7,40,73,85,28,19,229,172,178,183,142,193,207,218,164,162,165,185,251,254,194,189,145,156,151,120,97,90,114,78,73,94,81,53,40,99,110,6,9,15,101,122,129,133,249,242,184,
238,208,194,222,216,181,237,172,236,206,206,140,138,109,100,127,102,124,70,4,25,20,84,83,50,52,53,125,62,2,71,5,255,166,236,240,209,135,244,131,197,232,165,190,244,177,157,144,156,139,142,41,109,45,45,14,23,27,15,111,
118,123,125,72,89,93,65,9,81,173,245,250,185,194,213,237,153,225,182,237,234,130,222,148,159,157,109,102,107,62,119,112,76,67,29,79,20,114,51,52,58,66,20,30,11,246,245,229,175,208,201,206,220,209,231,174,190,187,186,188,
134,222,165,138,43,38,126,113,71,14,3,105,109,104,45,62,48,73,31,16,2,30,24,230,190,236,172,140,254,213,217,172,235,227,134,145,134,143,132,157,102,99,57,60,57,66,93,85,91,82,98,8,47,98,24,26,75,230,235,250,
172,207,137,223,141,216,219,153,167,162,183,179,172,145,223,128,201,52,43,45,17,21,4,29,1,116,101,124,97,109,117,95,66,70,86,79,162,166,183,174,146,158,144,241,245,248,177,249,197,141,130,209,170,126,85,49,73,110,53,2,
106,6,76,55,53,53,14,3,70,15,233,228,251,165,231,188,138,203,220,210,154,204,182,163,174,173,141,216,136,97,102,100,105,15,70,70,67,82,84,62,102,13,34,115,79,22,25,31,86,171,177,181,128,208,192,201,175,229,187,172,
166,149,143,154,218,128,200,33,90,121,125,112,15,16,90,53,42,43,41,8,10,7,69,88,166,230,225,241,247,246,143,236,195,134,196,169,248,186,143,150,200,162,45,115,41,100,127,6,67,94,83,95,57,60,123,44,109,104,88,73,
77,177,168,185,172,144,137,152,157,250,234,251,254,226,250,218,222,194,219,202,206,45,52,45,17,20,68,20,97,33,38,109,61,18,49,77,45,2,160,190,206,170,232,196,198,209,210,167,234,186,181,128,151,193,155,43,38,111,96,118,
7,89,74,71,66,73,62,116,44,61,2,8,28,83,226,234,231,253,195,210,130,241,198,238,235,170,189,179,242,216,221,212,155,101,97,126,120,79,83,1,23,108,11,47,42,57,14,31,44,28,24,224,244,251,239,242,137,149,220,211,
165,207,192,215,235,143,140,206,113,102,124,104,118,99,4,70,6,20,20,38,32,55,62,21,12,21,16,170,175,170,226,204,196,202,195,147,232,184,237,175,165,252,151,154,139,221,94,41,108,62,75,72,10,71,51,38,34,61,32,64,
23,71,71,84,77,160,165,181,172,145,151,150,143,243,247,183,246,195,131,132,207,172,124,87,51,75,108,55,0,104,4,78,53,36,51,48,5,72,9,23,226,245,163,249,186,136,201,222,208,152,191,180,161,172,175,143,214,142,159,96,
106,111,49,64,72,69,76,37,60,100,15,32,113,77,20,27,29,84,169,191,179,190,214,206,222,209,201,206,194,198,237,129,138,208,134,153,122,118,112,109,53,68,4,20,119,44,32,52,115,75,1,30,1,231,252,229,255,250,129,132,
145,217,214,222,179,186,250,129,150,219,128,130,35,97,100,82,4,119,0,70,20,32,35,113,60,41,60,27,4,9,86,249,160,173,179,146,150,154,236,245,249,252,252,229,217,222,221,194,203,34,35,38,43,50,27,0,23,14,115,127,
54,73,68,12,3,80,218,253,214,178,202,237,133,131,235,135,205,182,165,178,177,132,201,159,104,101,122,36,102,12,9,72,95,81,25,60,55,34,47,44,29,87,15,30,225,235,249,142,199,199,194,211,164,189,229,142,161,195,206,151,
152,158,215,59,62,50,63,87,79,89,46,100,58,45,22,22,12,25,89,3,184,160,219,248,252,241,159,159,221,202,173,187,168,137,139,134,196,40,37,101,98,114,116,70,14,109,66,7,52,46,119,61,48,17,88,35,172,242,168,229,
207,133,192,221,208,175,184,189,250,173,237,217,223,198,202,206,47,41,45,16,8,25,13,114,105,126,127,125,87,90,95,94,79,77,163,162,167,163,226,157,152,216,175,228,151,169,186,198,182,153,218,55,87,51,97,98,89,70,93,80,
21,92,60,57,46,72,18,65,93,228,235,237,173,208,195,222,219,192,216,235,187,178,181,183,186,218,155,147,110,103,120,105,9,122,93,4,98,35,36,42,123,126,66,67,20,18,15,247,241,246,234,136,141,151,240,164,161,162,164,150,
170,133,128,149,79,110,110,127,62,59,85,90,92,54,73,77,80,84,8,3,73,12,227,241,237,235,230,143,221,157,157,254,213,182,187,244,244,134,128,151,158,117,108,102,112,10,15,10,66,93,36,42,35,115,8,24,77,15,5,92,
230,250,235,189,254,137,223,158,171,168,234,167,147,134,130,157,128,223,119,40,37,52,45,17,2,21,12,113,112,118,103,91,74,91,94,180,171,188,189,191,166,156,129,152,129,139,253,228,233,229,156,204,218,154,109,38,85,122,120,4,
116,91,24,121,17,109,39,44,46,24,27,30,83,226,237,251,236,138,208,131,159,166,169,175,239,161,141,152,133,134,150,220,101,116,123,113,68,24,89,81,44,37,43,43,75,56,31,70,83,237,226,244,189,176,132,152,149,205,213,164,
184,250,172,131,145,153,154,119,47,125,61,10,97,66,86,91,20,101,55,32,55,62,21,31,21,16,170,175,187,243,204,196,202,195,228,151,184,237,175,165,205,151,154,139,221,77,58,108,62,75,72,27,86,51,38,34,61,23,64,23,
72,69,165,188,160,162,181,172,130,131,150,135,251,234,234,239,212,203,220,50,40,57,60,33,56,16,26,29,4,9,5,47,127,122,58,13,87,36,11,216,164,212,212,143,153,241,141,199,189,191,184,187,190,192,145,158,155,140,42,97,
50,63,70,73,79,96,54,45,56,37,23,7,77,5,20,27,226,247,184,249,241,204,212,218,203,235,152,168,201,196,141,130,148,44,33,36,61,114,124,90,85,83,84,72,123,126,117,18,6,3,23,233,240,217,249,249,198,194,229,212,
212,166,231,242,179,180,186,249,254,242,246,10,110,122,0,86,73,91,38,32,61,101,39,103,68,39,28,16,21,82,187,241,238,241,192,204,213,175,170,224,229,193,137,134,142,144,153,42,81,102,43,97,82,19,81,84,77,99,7,112,
22,68,1,2,161,236,249,236,248,212,217,134,201,129,140,227,226,230,234,243,210,201,204,44,53,56,46,13,19,28,1,8,127,102,127,99,96,118,94,67,66,87,78,165,169,176,145,149,152,145,249,241,229,252,225,211,198,223,194,207,
39,62,35,38,55,46,5,13,16,113,117,126,113,88,82,69,92,178,191,166,191,163,164,214,134,147,211,212,159,139,172,135,195,187,141,214,48,88,52,126,86,84,67,64,85,24,40,39,50,37,115,6,93,88,25,238,224,185,239,196,
209,220,223,172,230,190,175,176,139,142,193,144,152,149,115,117,108,52,127,80,16,29,36,43,45,119,74,79,67,78,6,239,238,225,179,229,250,199,199,221,200,232,163,235,243,168,139,143,145,46,46,108,123,124,68,95,70,92,89,100,
121,116,52,51,3,20,21,93,222,241,180,229,223,134,204,193,177,231,148,227,165,247,133,158,212,145,140,97,124,107,110,9,94,13,8,110,119,123,127,79,86,90,95,95,70,188,163,184,174,169,157,140,128,145,240,244,236,242,211,214,
223,194,50,54,58,35,34,25,28,28,12,12,16,96,101,108,113,80,85,67,82,179,182,187,179,146,150,158,131,130,249,250,252,237,239,240,192,197,192,209,48,39,40,99,11,6,78,80,99,24,63,20,112,55,24,91,69,37,176,226,
225,235,244,207,209,148,221,170,167,184,247,149,206,203,138,106,108,44,98,113,108,88,67,91,25,73,32,52,54,59,76,5,20,17,224,230,255,167,251,220,133,144,209,214,169,248,253,240,241,194,216,202,206,51,47,59,122,77,67,33,
38,77,65,69,57,50,73,31,16,2,30,24,230,190,236,172,140,239,213,217,172,235,227,134,145,134,143,132,157,102,99,57,60,57,113,93,85,91,82,98,8,47,98,24,26,75,230,235,250,172,207,184,223,141,216,219,153,167,162,183,
179,172,145,223,128,199,50,43,58,17,19,4,29,0,112,101,116,104,121,104,94,69,90,76,75,174,174,162,179,146,150,138,236,245,248,249,252,212,216,220,221,196,200,62,62,46,46,50,2,7,14,19,114,119,101,76,85,88,93,92,
180,184,184,189,164,155,152,158,143,141,146,226,231,226,243,210,214,206,125,45,40,104,78,5,118,89,106,22,21,58,121,103,7,99,0,3,9,22,237,255,178,195,204,201,222,233,179,224,237,180,187,142,206,128,147,142,122,97,121,59,
107,66,90,80,37,106,43,35,15,6,8,25,89,217,254,167,178,243,244,203,154,159,146,150,227,172,180,133,138,200,143,96,114,122,104,101,14,92,28,28,127,84,41,60,123,115,57,1,22,31,244,237,231,243,137,140,137,193,222,165,
171,162,242,137,159,210,136,138,219,153,123,106,60,127,8,94,29,40,43,105,36,18,7,3,28,1,94,240,183,162,187,170,174,131,148,141,240,241,245,228,216,201,216,221,53,42,60,59,62,47,18,3,2,6,13,124,101,104,105,76,
85,72,76,173,180,184,189,142,158,158,130,131,247,254,227,226,231,226,220,197,200,205,44,53,40,40,13,20,24,8,110,127,125,98,99,87,82,67,66,70,73,237,189,184,248,207,149,230,201,154,230,150,170,201,215,183,211,129,115,121,
102,125,112,2,83,92,89,78,104,35,112,125,4,11,13,94,240,227,254,251,209,201,139,219,210,213,160,181,250,187,179,142,150,152,137,41,90,110,55,2,67,68,74,106,111,98,99,99,121,92,64,69,81,92,244,251,253,151,168,172,
179,219,172,162,192,199,234,238,130,137,211,122,109,103,115,125,104,25,67,11,17,105,35,47,48,1,18,3,16,237,175,162,175,255,199,207,209,216,152,227,165,232,162,160,193,144,149,140,34,89,38,105,3,78,69,15,90,56,45,57,
38,43,69,10,76,76,81,176,166,175,178,147,151,159,147,250,242,231,254,213,223,192,193,197,205,33,32,37,44,49,16,7,10,18,115,118,104,34,74,71,15,0,164,215,248,203,183,199,217,154,132,228,128,161,162,168,183,140,129,213,
156,107,102,121,39,82,1,12,85,90,45,109,35,48,45,40,0,24,90,10,227,228,247,250,141,196,196,174,167,169,184,248,139,157,196,209,144,151,153,59,62,51,55,2,67,83,90,45,103,57,1,19,27,9,4,92,255,191,189,189,
255,219,220,213,206,215,173,185,243,246,195,139,132,99,101,100,44,79,81,20,86,76,21,95,33,32,118,5,114,20,87,18,17,163,238,236,193,205,218,223,152,190,240,248,253,228,233,219,222,199,203,203,63,46,46,51,18,22,11,108,
117,121,121,124,84,89,88,93,68,187,190,190,167,170,173,206,158,155,219,172,231,131,148,191,203,179,117,46,56,80,44,102,94,92,91,88,93,16,48,63,58,45,75,14,85,160,225,230,232,129,215,204,217,196,199,164,238,166,183,184,
131,150,217,152,144,109,123,125,84,12,119,88,104,101,44,35,53,79,66,71,94,16,27,227,224,242,178,191,198,214,216,202,205,193,184,143,129,201,136,159,98,0,7,119,120,126,6,19,104,124,118,38,108,56,84,53,93,50,176,232,
229,186,218,203,211,148,252,217,191,166,181,174,243,253,185,157,152,107,109,124,61,96,85,89,65,43,35,46,111,112,122,89,70,121,18,21,27,189,146,150,255,254,239,209,240,179,164,255,149,210,160,131,184,194,114,100,38,45,90,84,
80,116,93,34,33,53,117,67,135,233,249,162,193,248,239,226,215,199,202,193,151,89,80,64,250,245,234,187,163,171,109,52,127,115,16,81,30,100,95,13,127,54,56,98,97,49,16,28,47,236,252,253,248,211,141,129,216,183,168,169,
186,187,136,133,199,218,215,96,127,119,121,112,0,106,77,0,58,56,105,56,13,20,74,49,175,241,171,230,253,183,197,192,213,209,206,179,253,162,234,208,201,203,207,54,42,51,57,15,22,26,29,31,6,125,98,120,105,108,73,89,
72,77,176,169,171,175,150,138,156,153,239,241,243,178,250,200,136,159,212,167,136,74,54,70,105,10,20,103,3,49,50,56,54,13,0,69,12,27,233,254,184,226,177,188,212,219,221,157,179,179,174,171,144,136,202,139,98,101,103,106,
61,75,67,94,87,89,57,121,10,45,116,65,19,20,26,171,174,163,179,216,243,206,215,176,245,228,182,161,182,142,133,156,150,147,41,63,58,114,77,69,90,83,99,24,63,114,31,21,76,22,27,10,173,206,185,239,189,219,216,154,
215,178,167,178,173,144,207,144,216,54,36,61,33,37,5,28,0,4,21,12,98,97,118,109,80,74,77,72,175,177,179,221,141,136,200,223,148,150,185,138,246,134,169,217,199,167,195,113,99,105,118,77,64,5,35,44,41,62,120,34,
64,77,20,27,29,174,224,243,238,235,208,217,155,203,162,165,167,133,202,139,131,158,102,104,121,57,74,109,7,18,83,84,90,107,127,114,115,39,2,26,225,241,228,248,173,149,135,157,129,132,149,131,187,184,231,238,221,199,203,206,
47,74,125,88,25,25,0,98,42,60,35,53,60,4,9,79,69,86,61,242,251,247,253,194,196,215,253,162,189,162,130,145,128,130,159,221,112,39,50,113,127,106,84,82,85,73,107,113,114,39,22,9,28,241,233,236,255,210,250,197,
194,214,217,205,161,238,173,251,186,141,156,129,41,14,87,86,119,73,24,91,92,116,61,122,24,59,16,91,10,28,78,69,194,252,248,243,200,193,217,164,183,225,229,183,147,132,141,134,159,149,97,59,62,59,115,91,91,93,44,100,
23,41,92,30,20,77,23,233,248,174,205,186,221,143,218,217,155,214,164,185,181,146,151,192,134,54,52,37,60,19,18,6,23,5,26,122,126,97,123,106,110,70,84,77,176,188,181,172,145,148,133,156,243,242,230,249,229,250,218,223,
198,219,202,33,33,52,45,17,17,21,11,118,105,127,117,31,79,74,10,29,167,212,251,200,180,196,196,159,137,225,253,183,173,175,136,139,142,208,97,110,107,124,58,81,2,15,86,89,95,112,38,61,40,21,7,23,93,245,228,235,
242,199,136,201,193,220,164,170,187,251,136,152,217,212,157,146,100,60,49,52,13,94,125,91,58,50,119,102,5,18,5,12,7,30,227,254,188,177,188,204,218,218,220,173,229,133,170,223,157,151,206,101,104,121,47,76,59,90,16,93,
86,28,56,37,56,52,19,22,82,5,181,177,166,191,147,146,135,158,130,253,224,225,229,237,240,194,199,213,203,54,41,44,38,95,15,10,91,44,103,20,59,8,75,51,4,95,73,33,172,230,237,239,200,216,221,144,161,174,171,173,
203,145,194,207,150,102,104,48,102,125,89,68,71,87,29,53,55,56,50,7,72,9,16,237,228,234,251,140,247,216,153,148,221,163,181,252,241,244,205,178,159,152,99,115,119,107,30,23,5,31,116,121,96,29,61,54,80,65,91,73,
77,163,186,215,255,218,155,138,147,145,168,190,161,128,129,130,151,201,58,33,82,116,117,113,80,87,89,85,127,32,46,49,0,19,2,239,234,160,246,185,180,206,200,197,210,220,211,164,254,243,240,165,133,154,143,115,107,110,82,105,
65,95,67,81,45,14,62,58,53,10,29,1,20,67,248,183,254,241,199,218,130,202,155,146,154,188,212,159,128,195,130,205,68,127,92,46,103,73,2,1,126,39,35,15,12,13,12,9,2,173,161,235,228,251,250,218,219,217,212,150,
250,247,183,176,128,134,144,32,91,124,49,107,88,9,75,94,71,106,17,126,32,122,55,29,87,18,15,226,238,238,211,140,211,155,240,233,248,252,229,249,211,217,222,199,203,204,63,38,42,45,15,9,12,120,104,121,124,80,73,88,
92,69,89,178,188,190,175,173,131,130,134,139,147,242,232,239,204,213,216,221,124,44,41,105,126,6,117,90,105,21,101,59,120,102,6,98,16,12,14,233,234,239,179,194,205,200,223,153,176,227,238,183,184,190,207,129,146,143,138,102,
118,60,84,69,74,81,36,107,42,34,63,5,11,26,90,41,255,166,179,242,245,251,157,144,149,236,191,156,184,153,145,212,197,100,115,100,109,102,127,68,65,27,30,27,83,59,59,61,12,68,38,9,188,254,244,173,196,201,216,142,
237,154,189,239,186,185,251,153,132,153,149,114,119,49,102,22,23,5,28,115,119,102,127,99,86,71,94,67,64,87,163,166,180,164,146,136,128,138,237,244,248,238,206,215,218,221,222,54,59,62,110,62,59,84,91,24,99,52,14,122,
2,21,78,88,35,191,245,254,252,251,201,204,129,208,223,173,162,252,174,245,192,144,151,153,33,119,108,106,87,84,68,14,55,38,41,35,54,121,15,31,26,27,29,244,189,198,233,136,133,223,208,166,239,226,231,207,163,142,137,146,
130,96,100,41,45,44,1,25,116,84,47,120,107,110,82,74,39,15,251,186,186,191,163,152,128,226,219,205,210,181,188,183,186,220,213,214,189,99,106,102,125,66,68,64,18,85,61,34,51,32,49,51,31,93,3,84,161,241,255,234,
197,195,196,201,235,238,229,136,161,137,156,128,152,157,127,89,122,118,118,115,87,84,89,39,123,48,127,6,9,15,18,173,130,211,202,194,244,156,199,216,139,202,245,156,183,148,214,159,144,202,57,70,111,107,119,68,69,84,81,74,
101,121,51,44,51,17,2,19,17,236,174,178,191,207,200,200,206,168,232,147,164,233,146,144,209,147,150,143,50,73,54,104,2,79,85,31,42,55,42,9,22,27,68,11,67,184,161,160,164,173,177,139,129,150,143,243,229,247,238,210,
213,199,49,52,48,32,33,36,24,1,0,4,13,98,106,101,118,111,83,69,87,78,179,182,167,145,148,153,128,129,245,249,176,248,245,189,129,210,169,142,165,33,72,111,52,18,122,1,51,48,58,37,62,2,71,14,25,20,11,166,
228,191,186,251,221,211,155,205,166,179,169,146,138,200,152,145,103,101,104,63,118,69,64,81,87,78,22,12,35,114,127,6,9,24,169,172,161,160,218,241,204,213,197,136,226,168,167,184,185,170,154,152,149,215,42,56,112,79,71,73,
64,97,26,61,112,42,40,74,8,29,4,90,208,191,225,187,246,205,152,213,176,165,161,190,146,205,146,218,195,42,59,63,35,58,43,30,2,27,10,15,116,116,111,82,72,80,78,173,180,184,191,189,151,154,159,158,135,138,254,255,
230,235,239,137,209,220,100,107,40,66,85,126,10,114,69,109,123,19,111,37,31,29,26,25,28,81,247,240,253,210,140,222,148,225,160,167,169,194,148,143,154,135,132,101,47,103,118,121,115,81,22,95,47,42,58,60,21,77,54,25,
171,166,239,224,246,191,131,134,159,243,222,182,181,173,176,148,217,204,205,49,41,68,100,76,27,27,30,2,107,6,46,43,106,106,64,68,72,80,210,235,236,243,197,204,199,217,255,246,230,141,179,139,135,141,146,148,144,45,114,109,
114,67,65,80,82,47,109,51,119,66,1,15,26,21,226,229,249,187,190,130,247,198,217,204,176,185,188,175,169,138,134,149,81,118,111,107,71,26,81,15,86,89,40,45,125,82,3,58,35,21,76,247,232,168,233,150,236,199,228,247,
190,160,250,233,150,136,148,167,148,149,117,112,107,53,9,67,79,80,33,50,35,33,13,79,66,79,31,231,239,241,248,184,195,197,136,194,192,225,163,181,172,194,185,198,137,35,110,101,47,122,88,77,89,70,75,20,42,98,104,113,
80,71,78,82,187,177,166,174,146,149,135,158,130,250,224,225,228,224,193,192,197,200,209,48,39,46,50,26,22,6,14,114,112,103,126,84,80,64,65,68,64,240,184,181,253,242,129,233,206,229,225,153,175,244,210,186,214,156,112,122,
101,126,115,54,78,89,84,75,21,36,127,122,59,12,2,91,13,230,243,254,253,202,136,216,209,214,165,168,255,182,182,179,145,151,142,214,93,114,50,63,70,73,79,105,108,97,96,43,0,12,21,5,72,81,27,231,248,249,234,203,
216,213,151,234,231,167,143,135,137,128,208,171,125,48,106,104,57,72,93,68,26,97,110,33,123,54,13,71,2,240,229,225,254,227,141,210,149,129,153,136,255,229,250,235,238,218,219,202,207,59,43,47,18,8,31,28,28,116,120,124,
125,100,104,90,94,79,67,82,162,167,170,226,138,135,216,175,228,151,184,139,198,182,153,218,196,87,51,97,98,104,119,93,80,21,92,43,38,46,72,18,65,76,228,235,237,173,227,240,222,219,192,216,154,202,178,181,183,186,205,155,
147,110,103,105,120,9,122,93,4,17,80,36,42,123,126,115,67,55,18,29,30,246,244,232,157,145,152,156,237,136,160,163,236,215,218,222,222,187,155,119,46,38,43,47,19,20,110,47,49,38,57,8,11,14,80,65,170,201,239,254,
250,248,206,208,220,134,217,161,182,191,148,141,135,147,41,127,32,45,118,67,94,73,87,88,61,103,122,121,28,45,21,8,12,236,225,250,205,212,201,197,235,173,180,169,171,239,172,203,138,157,147,134,214,30,71,70,118,72,8,75,
44,119,62,121,40,11,32,90,11,29,190,181,210,243,255,242,193,204,200,175,170,241,245,135,144,135,142,118,111,101,96,58,14,11,67,92,84,90,60,116,7,40,93,31,4,93,231,234,251,190,253,138,220,142,219,169,235,166,163,182,
178,130,135,208,135,54,32,53,44,16,23,5,15,115,116,102,127,98,95,71,94,65,70,160,163,166,180,171,145,153,136,140,245,233,240,233,206,215,219,220,47,54,58,61,63,38,28,8,24,9,12,113,121,104,108,85,24,83,94,230,
233,170,209,215,252,136,240,199,156,253,141,233,171,168,131,156,151,154,47,102,114,127,80,14,92,7,99,34,37,43,115,26,9,4,1,10,18,177,225,248,255,205,192,148,221,173,168,169,190,151,207,180,155,218,40,105,126,112,49,52,
24,25,95,72,47,53,46,55,13,8,66,86,137,142,255,238,224,195,130,199,213,209,185,249,229,247,233,200,214,138,157,99,106,102,55,69,82,69,76,48,33,35,62,124,113,103,120,124,31,18,243,182,197,178,212,148,155,214,173,231,
187,174,141,154,159,216,147,157,121,118,118,49,105,64,67,95,23,107,102,63,48,67,14,13,79,240,241,252,245,188,223,159,152,136,132,149,180,163,180,189,150,143,148,145,43,46,43,76,75,75,77,92,20,22,57,108,46,36,125,20,
25,8,94,221,187,237,191,202,201,139,169,180,169,165,162,167,193,150,192,196,207,34,43,33,54,39,26,27,10,15,123,107,122,80,85,21,69,80,225,230,173,206,225,194,141,237,194,145,143,159,234,168,171,145,142,146,103,42,107,100,
113,87,1,91,24,21,92,32,54,118,40,59,7,2,9,17,163,243,253,194,200,205,130,211,170,167,174,176,161,194,177,134,223,218,155,125,115,50,55,10,7,72,40,33,38,70,104,108,96,4,23,85,248,239,229,241,255,234,155,193,
137,147,235,190,169,142,135,156,133,110,107,33,36,49,121,69,77,83,90,26,16,39,106,32,34,67,30,19,242,164,215,160,215,133,192,195,145,175,186,175,187,164,169,199,136,206,206,211,50,41,43,12,21,25,8,109,116,121,124,125,
95,95,66,75,79,86,190,162,166,183,174,133,137,144,241,244,240,241,208,213,217,193,192,55,59,34,35,39,18,3,2,6,11,66,125,120,56,15,68,55,9,218,166,214,249,137,151,247,147,193,194,185,166,189,176,245,188,156,153,142,
40,114,48,61,68,75,77,13,48,35,62,59,32,56,75,27,18,21,23,245,186,251,243,206,199,216,201,233,154,189,228,194,131,132,138,219,47,34,38,51,99,115,85,90,24,78,33,51,42,56,21,77,31,76,174,174,236,251,252,196,
223,198,220,217,147,249,244,180,179,131,148,149,221,94,113,52,101,95,6,76,65,64,103,20,99,37,119,5,30,84,17,12,225,252,235,238,137,222,144,139,238,247,251,249,207,214,218,218,223,198,60,33,56,33,41,12,12,0,17,112,
116,107,114,83,87,91,66,178,183,179,163,162,167,156,156,133,137,141,253,228,232,228,205,212,203,206,127,47,42,106,76,7,116,91,104,107,19,36,127,105,1,76,6,13,15,232,235,253,176,193,206,203,205,235,177,226,239,182,134,136,
208,134,157,136,100,103,119,61,85,87,88,82,39,104,41,48,13,4,10,27,91,215,248,185,180,253,195,213,156,145,148,237,230,243,254,135,136,142,245,10,14,2,102,66,8,94,81,67,95,40,37,125,47,111,77,94,28,11,236,229,
239,246,204,201,131,134,228,164,163,179,181,180,205,174,129,196,134,111,54,124,113,80,6,100,19,53,103,34,33,68,1,28,17,29,251,254,185,238,175,170,158,135,139,143,238,247,234,238,207,214,219,56,40,57,60,32,56,24,28,0,
25,8,12,107,122,107,111,82,10,82,95,231,232,171,255,208,243,143,239,192,226,252,140,232,170,154,128,159,148,153,44,116,115,126,81,15,93,105,100,45,34,52,69,27,8,5,0,11,224,178,226,251,252,206,210,149,220,172,169,191,
129,144,192,179,132,44,41,104,127,113,48,6,27,31,26,74,59,50,53,127,17,6,11,243,225,252,164,230,151,133,133,215,192,164,173,166,191,181,176,219,222,219,147,108,100,125,76,4,119,88,124,62,52,109,55,58,24,78,45,90,
12,94,250,249,187,246,211,217,213,178,183,224,183,215,210,197,220,192,196,38,63,35,39,54,30,3,15,23,14,115,104,112,81,85,89,64,176,180,176,161,160,151,154,211,155,150,222,160,243,136,175,132,192,167,136,43,53,85,32,82,
81,91,68,95,33,100,45,58,55,40,71,5,94,91,26,250,252,188,210,193,220,200,179,171,233,185,176,132,134,139,220,149,100,97,112,118,111,55,107,76,21,96,33,38,57,72,77,64,65,229,227,254,233,247,248,221,135,154,153,252,
205,181,168,172,140,129,139,190,110,106,101,105,77,81,68,7,18,83,37,43,89,94,82,121,29,30,92,242,229,238,250,196,209,129,219,240,234,226,168,167,137,136,155,154,152,149,56,61,56,112,79,71,88,81,97,26,61,99,25,27,
74,8,29,245,171,208,191,225,187,217,218,152,213,176,180,176,175,146,205,146,201,53,42,59,62,39,11,26,30,6,27,125,97,97,116,109,80,68,85,76,177,181,165,168,149,138,155,159,242,235,250,254,226,251,221,192,204,212,205,48,
37,53,44,16,20,22,15,115,127,102,127,82,87,22,70,83,19,227,176,203,236,199,146,234,205,150,240,152,231,173,150,148,131,128,100,41,104,103,114,90,4,70,29,24,89,63,49,121,47,4,17,15,12,236,166,254,254,193,203,206,
129,208,167,162,179,181,172,244,174,129,208,221,100,120,126,55,10,15,3,31,55,47,46,33,115,26,13,7,7,29,249,185,227,171,177,137,208,207,208,161,178,163,176,141,207,194,207,104,103,111,113,120,56,114,69,8,66,64,97,48,
53,44,66,57,87,9,163,238,229,175,205,216,205,217,198,203,229,170,226,238,241,195,198,207,210,51,55,46,51,18,22,30,3,117,120,125,124,101,89,93,93,67,78,81,163,167,171,178,147,151,138,147,242,247,243,204,213,216,220,220,
197,56,60,61,36,40,36,30,7,11,14,63,126,123,59,12,71,52,244,223,171,211,228,191,152,240,140,198,205,188,187,184,189,240,129,159,154,141,43,113,34,0,65,70,72,16,55,44,57,36,39,55,78,6,23,24,18,231,185,248,
240,205,196,221,180,236,151,184,249,197,140,131,149,220,209,39,62,113,127,106,84,82,85,73,107,110,114,39,22,9,28,0,233,236,255,220,252,217,221,215,210,249,209,188,187,191,176,148,137,213,32,97,102,104,43,44,32,36,88,83,
106,60,51,33,61,59,7,95,13,77,175,176,250,213,202,203,216,168,170,167,229,248,245,134,129,145,151,150,47,76,99,38,100,94,24,90,47,54,104,19,77,19,73,4,31,166,227,254,243,255,232,220,155,204,140,141,239,233,237,209,
200,217,204,48,41,56,61,38,10,18,28,30,15,13,99,98,102,107,115,69,72,79,172,181,184,172,220,140,137,201,222,230,149,186,137,245,180,155,216,198,166,194,103,108,110,73,74,79,19,34,45,40,63,74,16,67,78,23,24,239,
175,225,242,239,234,198,214,156,180,165,187,177,132,203,138,130,108,101,107,122,58,73,95,6,19,82,85,52,125,112,117,73,68,13,21,228,235,169,255,195,209,217,203,198,239,189,253,255,255,189,133,154,155,136,105,107,119,53,8,5,
69,81,33,39,38,110,13,19,86,20,14,87,29,255,230,184,195,140,195,153,212,175,229,160,174,131,143,152,157,218,124,60,61,63,38,29,1,24,9,13,113,121,104,109,86,73,81,76,174,191,189,162,146,150,155,131,130,135,255,252,
229,232,237,157,220,217,153,110,37,69,106,121,5,117,90,104,118,22,114,32,35,30,25,26,31,82,242,253,248,239,137,211,147,158,167,168,174,238,145,130,159,154,129,102,44,100,117,122,112,84,27,90,82,47,38,59,42,74,57,30,
86,163,226,229,235,186,128,133,156,211,221,200,182,176,183,171,201,223,212,185,112,103,122,111,79,66,89,103,92,39,39,2,53,54,10,20,92,89,24,239,242,144,151,171,175,195,217,227,181,170,184,131,141,152,216,130,202,33,57,115,
108,115,66,66,83,81,44,110,114,127,15,8,8,14,232,168,211,228,169,227,208,145,211,214,207,242,137,246,168,194,143,149,223,106,119,106,102,86,91,4,75,3,123,97,96,100,104,113,67,71,75,82,179,182,172,179,155,148,135,241,
245,250,224,225,228,216,193,192,197,200,209,35,38,42,99,11,23,95,80,99,24,63,59,71,55,24,91,69,212,176,226,225,235,199,220,209,148,221,170,182,169,247,149,206,203,101,106,108,44,98,64,93,88,67,91,25,58,51,52,54,
59,76,20,20,17,224,230,232,136,251,220,133,144,160,167,169,248,253,240,199,210,130,146,155,125,55,105,126,84,84,89,52,108,62,126,124,77,15,24,31,22,254,231,253,248,178,183,147,219,212,220,162,171,252,191,144,213,151,124,37,
111,98,99,53,117,2,68,22,83,80,115,62,43,62,10,10,15,168,255,191,190,141,148,152,156,157,132,251,255,254,231,234,216,223,207,200,211,50,41,46,12,21,24,29,109,116,121,124,125,87,90,94,15,95,90,235,252,183,196,235,
248,155,227,180,239,249,128,220,150,157,159,152,104,109,32,113,126,123,93,27,65,18,31,49,54,56,64,22,13,9,244,247,231,173,229,199,200,194,215,152,168,160,189,180,186,171,220,167,136,41,36,109,115,69,12,1,4,110,33,47,
58,53,51,5,25,91,94,85,56,230,249,236,208,200,220,207,137,170,166,166,177,150,143,139,150,223,43,106,125,115,17,57,61,49,85,38,100,43,60,22,2,12,25,170,240,184,162,186,193,222,193,208,195,210,191,186,240,245,192,136,
150,158,96,105,41,65,86,27,81,83,18,33,36,61,115,8,119,6,84,17,18,160,252,233,252,200,215,218,150,185,254,249,226,227,215,218,195,194,199,52,60,37,40,46,12,13,9,17,112,116,126,114,83,86,82,66,178,183,179,163,
164,167,128,129,133,137,144,241,228,237,241,216,220,214,207,50,55,119,39,3,67,68,15,108,67,23,115,11,44,119,64,40,68,14,245,247,243,240,197,136,201,198,162,181,227,185,250,200,137,158,144,216,142,116,97,108,111,79,5,78,
95,32,42,47,113,0,8,5,12,18,252,164,207,224,177,188,212,219,221,148,233,255,243,254,150,142,143,145,35,117,106,120,96,77,88,24,66,10,97,121,51,44,51,2,2,19,17,236,174,163,191,207,200,200,206,168,232,147,164,233,
163,144,209,147,150,143,33,73,54,104,2,79,85,31,42,55,42,38,22,27,68,11,76,75,161,160,165,168,177,131,134,130,146,243,246,233,243,219,215,199,222,53,63,32,33,36,17,1,0,5,1,17,101,102,118,111,83,87,87,78,
178,179,167,153,157,132,157,128,133,180,228,241,177,182,253,173,130,161,221,93,99,48,46,126,26,88,52,54,33,34,55,122,10,5,16,7,81,248,187,182,255,240,198,151,201,218,183,178,185,142,196,156,141,146,105,108,35,114,122,119,
77,83,66,18,97,54,126,123,58,13,3,85,168,173,164,235,245,209,206,200,223,195,145,231,252,145,168,191,131,135,151,154,113,87,105,76,72,110,67,66,38,44,100,113,48,4,10,120,127,115,119,250,241,187,237,194,208,219,165,176,
224,186,211,201,193,139,132,155,105,122,123,121,116,54,26,23,87,80,32,57,48,64,59,28,81,250,248,169,235,254,231,138,241,158,192,154,166,189,247,178,175,130,145,142,115,44,115,59,18,9,24,28,1,106,123,126,96,122,107,94,
66,10,82,95,231,247,188,255,208,243,158,158,177,226,252,140,219,153,154,128,159,148,104,61,116,115,126,70,16,74,105,100,45,51,5,69,27,8,5,243,248,224,178,226,202,205,223,210,149,220,187,182,191,129,144,192,162,117,44,41,
104,76,66,3,6,27,31,107,59,59,50,53,85,125,113,117,137,237,255,189,211,196,222,202,167,178,226,184,224,248,162,129,149,152,215,56,114,109,114,67,80,80,82,47,109,96,109,14,9,9,15,30,167,212,251,174,236,230,144,210,
215,206,224,155,245,171,193,140,135,222,107,118,107,103,96,84,3,84,5,0,23,97,101,105,112,81,68,72,81,176,181,177,178,147,150,154,130,131,246,250,227,226,230,213,220,197,201,204,125,60,57,121,78,5,118,74,25,101,21,58,
72,86,54,82,0,3,254,249,250,255,178,195,221,216,207,233,179,243,254,135,136,142,206,113,98,127,122,97,121,12,68,85,90,80,52,123,58,50,15,6,27,10,170,217,254,167,131,194,197,203,154,224,229,249,244,172,180,148,155,217,
143,96,114,105,123,86,14,92,13,109,14,37,41,60,68,68,22,1,22,31,229,252,246,243,137,159,154,210,173,165,171,179,195,184,159,210,136,117,44,118,123,106,13,110,25,79,29,40,56,122,55,18,7,3,13,240,175,240,185,147,
132,157,129,133,148,252,224,228,245,236,209,206,214,207,50,54,55,46,18,22,7,30,117,113,96,97,101,104,16,88,85,29,18,178,201,238,197,129,249,207,148,242,154,246,188,144,154,133,158,147,39,110,121,116,107,53,68,31,26,91,
44,34,123,45,6,19,30,242,234,168,248,241,246,197,200,159,214,214,211,177,183,174,246,189,131,210,223,102,105,111,9,12,1,0,87,81,61,42,52,59,47,70,91,88,61,12,227,231,235,243,198,213,232,175,171,164,168,191,146,135,
196,209,144,151,106,24,31,19,23,43,94,93,31,49,38,43,7,1,28,68,6,183,167,196,255,243,246,130,154,208,207,208,176,163,178,176,141,207,213,32,104,103,111,113,73,9,114,69,8,49,51,114,48,53,44,83,40,87,9,163,
238,242,128,205,216,205,168,183,186,229,170,226,221,194,195,198,207,210,34,38,46,51,18,9,9,108,117,120,125,77,84,89,93,93,67,189,162,163,167,171,131,130,134,138,147,242,232,228,204,213,216,220,45,52,56,60,61,23,27,23,
30,7,11,127,46,126,123,59,12,88,35,244,223,171,194,213,142,152,240,140,181,190,188,187,184,189,193,144,159,154,141,60,110,53,0,65,70,89,97,55,44,57,36,20,4,78,6,23,233,227,246,185,248,240,218,219,221,180,236,151,
169,200,197,140,131,102,47,34,39,59,54,95,71,86,89,27,77,53,47,47,5,16,81,11,179,171,192,227,196,201,134,134,212,195,165,172,167,190,180,158,220,209,220,108,107,122,124,77,5,118,89,127,61,55,110,52,8,25,79,44,
91,13,176,253,246,188,201,212,216,212,179,182,225,165,213,209,198,223,194,50,39,62,34,34,55,1,5,13,16,113,101,104,113,80,85,89,82,180,177,166,191,163,150,135,158,130,134,224,225,228,224,240,209,197,201,209,48,52,56,50,
19,23,19,2,114,118,123,50,122,119,8,31,84,39,8,219,182,198,233,138,148,231,131,177,178,184,167,141,128,197,140,155,150,126,56,98,49,60,84,91,93,29,51,32,46,43,16,8,74,26,226,229,231,234,189,203,195,222,215,217,
200,249,138,173,244,193,128,148,154,43,46,35,51,68,66,95,72,86,38,58,120,125,118,27,3,20,9,13,237,243,232,211,203,213,217,218,167,132,164,160,191,140,131,135,154,209,45,116,123,125,23,40,63,51,55,43,32,106,45,2,
16,12,10,240,160,250,162,186,209,195,215,218,149,149,167,163,180,189,150,143,148,145,43,46,43,99,75,75,77,92,20,103,57,108,46,36,125,20,25,8,94,221,170,237,191,202,201,139,198,180,169,165,162,167,193,150,198,199,213,204,
35,39,54,47,19,23,23,14,115,112,103,88,86,68,85,71,88,184,188,161,185,168,173,129,154,139,142,243,170,242,255,135,136,203,95,112,83,47,79,96,2,28,108,8,74,58,32,63,52,57,76,20,19,30,241,175,253,137,132,205,
194,212,229,187,168,165,160,171,128,210,130,155,156,110,114,53,124,76,73,95,33,48,96,19,36,76,73,8,31,17,80,166,187,191,186,234,219,210,213,159,177,166,171,147,129,156,196,134,55,39,68,127,115,69,2,26,80,79,80,48,
35,50,48,13,79,85,160,232,231,239,192,201,137,242,197,136,177,179,242,176,181,172,211,168,215,137,35,113,114,0,77,88,77,40,55,58,101,42,98,88,66,67,71,75,163,162,166,170,179,146,136,139,236,252,250,224,216,210,197,220,
192,54,38,63,34,37,54,30,3,6,70,22,99,60,51,64,59,28,38,162,218,253,166,160,251,151,221,198,196,211,161,180,249,184,183,149,138,212,118,45,40,120,79,65,9,95,84,50,63,60,60,118,31,14,17,27,30,81,247,247,
242,195,197,220,149,158,177,224,237,135,136,142,199,218,223,39,104,118,99,124,122,90,78,20,105,106,30,47,0,21,25,1,231,244,194,225,253,253,249,206,221,208,222,249,244,189,178,132,238,240,244,8,12,96,107,2,84,75,89,85,
34,63,103,37,101,117,57,26,30,19,172,172,255,232,207,198,221,215,173,168,226,231,242,139,132,140,146,155,219,79,96,37,103,93,21,95,82,51,101,22,114,20,70,3,0,82,238,251,238,250,229,223,152,207,143,142,236,228,232,236,
205,212,216,207,46,55,58,57,15,31,24,3,2,6,126,124,101,104,109,76,68,73,76,173,180,170,174,223,143,138,202,172,231,148,187,136,244,179,132,223,201,161,44,102,109,111,72,75,93,16,33,46,43,60,75,17,66,79,22,230,
232,176,230,253,232,196,199,215,157,181,164,184,178,135,200,137,144,109,100,106,123,59,119,88,25,20,93,82,53,124,113,116,72,86,14,22,231,232,170,237,194,208,216,202,199,224,186,226,250,145,131,151,154,213,213,103,99,116,125,86,
79,69,81,107,110,107,35,11,11,13,28,84,39,249,172,238,228,189,199,217,200,158,157,234,173,255,138,137,203,134,116,105,101,98,103,48,86,6,7,21,12,99,103,118,111,83,87,87,78,179,176,167,183,151,132,157,129,134,229,252,
225,228,245,236,194,199,214,207,50,54,102,54,3,67,68,96,27,60,23,115,11,29,70,64,40,68,14,230,228,243,240,197,153,216,215,162,181,227,150,205,200,137,158,144,41,127,116,97,108,92,92,22,78,95,32,59,62,113,0,8,
5,227,229,252,164,207,209,128,141,212,219,221,231,250,255,246,185,135,131,156,154,109,113,52,9,10,111,94,81,53,57,33,52,39,17,1,29,29,41,14,246,242,255,182,131,194,210,164,206,193,197,217,236,128,139,209,135,107,121,117,
115,110,54,69,5,21,118,45,33,51,76,76,14,25,239,230,253,228,254,251,130,135,146,218,213,221,178,187,251,128,151,197,135,125,36,110,99,83,5,118,1,71,21,35,32,114,63,42,14,26,5,8,87,248,160,175,140,149,152,157,
237,244,249,245,253,215,218,220,222,206,202,35,34,38,44,51,18,8,4,108,117,120,101,77,82,89,65,64,183,187,162,163,167,174,131,138,142,151,142,228,233,161,201,196,140,146,33,90,125,86,50,121,94,5,3,107,118,60,39,37,
50,49,19,86,31,232,229,250,181,215,140,137,200,172,162,234,188,183,162,158,157,157,215,143,158,118,116,121,14,71,86,83,34,36,61,101,61,18,67,78,23,24,239,166,187,190,178,144,192,208,217,174,228,171,188,150,150,140,153,42,
112,56,32,91,73,77,64,31,31,93,37,58,59,40,9,11,23,85,168,165,229,241,193,199,198,142,237,179,246,180,174,247,189,159,134,216,163,44,99,57,116,79,5,64,78,35,47,56,61,122,28,83,92,95,70,188,161,184,169,172,
152,153,136,141,243,233,241,238,206,215,219,217,47,54,59,55,63,38,28,8,24,15,12,108,100,104,108,77,84,75,74,174,191,179,162,146,151,154,210,154,151,168,191,244,135,168,170,214,166,137,42,52,71,35,81,82,88,71,45,32,
101,44,59,9,30,88,2,81,92,244,251,253,189,211,192,206,203,176,168,234,171,130,133,135,138,221,107,99,126,119,121,104,25,106,77,20,97,51,52,58,75,78,67,83,228,226,255,232,246,198,218,152,157,150,138,163,180,169,173,141,
147,136,174,119,106,102,89,76,85,72,74,109,104,41,62,48,82,100,120,124,28,19,229,156,147,151,199,200,223,159,166,169,175,197,237,141,130,148,221,216,82,86,92,107,41,86,2,107,11,13,119,54,51,84,44,6,22,190,198,227,
228,253,207,212,153,151,254,207,179,166,170,178,135,148,219,190,115,119,103,73,65,76,13,18,24,123,100,91,48,55,57,91,124,112,33,216,193,247,174,213,202,153,183,240,130,161,154,224,144,134,196,207,184,106,118,90,123,124,71,91,
19,29,161,199,223,64,48,26,3,7,224,229,173,115,21,13,140,155,188,229,228,148,187,234,169,142,213,139,52,78,101,70,36,92,66,24,11,116,93,42,1,58,51,58,22,5,83,87,229,242,242,195,208,193,195,222,237,224,237,189,
186,137,143,158,214,165,138,46,108,102,63,69,72,78,96,27,100,58,65,12,7,77,24,5,235,231,224,229,178,229,139,131,151,142,242,236,240,209,213,217,192,48,52,48,33,32,37,27,2,3,6,2,99,101,97,119,110,82,79,80,
177,180,189,160,144,149,145,129,128,246,250,226,228,225,246,217,203,138,210,223,103,119,60,127,80,115,30,30,49,98,124,12,91,25,26,0,31,20,232,189,244,243,254,198,144,202,233,228,173,179,133,197,155,136,133,115,120,96,50,98,
74,77,95,82,21,92,59,54,63,1,16,64,34,245,172,169,232,204,194,131,134,155,154,176,155,182,175,175,226,220,158,137,110,103,109,116,78,75,1,4,98,42,37,45,51,58,75,48,7,74,0,237,180,254,243,210,132,230,145,183,
229,160,163,194,143,154,143,155,117,120,39,104,33,45,28,5,9,11,108,117,105,104,77,84,89,70,174,183,186,190,190,148,153,131,133,128,151,230,236,165,245,192,145,150,221,94,113,82,61,125,82,1,31,111,122,56,59,33,62,2,
23,90,27,20,225,231,177,235,136,133,204,208,166,230,184,171,151,146,153,129,211,131,109,114,120,125,50,67,90,87,94,32,49,114,1,22,79,74,11,237,227,162,167,186,187,232,213,210,217,201,189,161,228,237,207,213,202,207,46,75,
99,96,30,23,5,31,3,121,96,29,53,32,97,64,89,43,18,244,235,254,247,204,193,151,140,239,132,170,163,191,138,141,147,159,197,154,100,123,122,105,72,89,84,22,56,111,106,56,6,19,12,10,29,254,164,185,186,204,223,222,
194,220,209,131,163,179,178,134,165,133,144,111,99,100,120,74,21,86,16,81,86,41,44,124,83,2,59,32,22,79,244,235,169,232,151,237,198,229,240,177,167,229,238,153,137,149,166,149,148,118,115,104,54,10,64,78,81,32,51,34,
32,10,64,69,80,24,230,238,240,249,185,194,198,139,193,195,226,160,180,173,195,184,199,118,36,97,98,48,125,89,76,88,71,74,21,41,110,110,114,83,70,79,83,178,182,186,140,149,153,149,156,133,249,252,253,228,233,214,222,193,
205,210,59,32,55,46,17,23,7,118,114,100,125,97,81,69,92,65,64,85,183,171,186,171,174,149,155,138,142,246,186,245,192,128,135,204,175,113,82,46,78,97,50,31,111,11,73,74,33,62,53,56,77,4,20,225,246,160,250,185,
133,204,195,213,149,184,171,166,163,168,176,211,131,154,157,111,98,50,67,75,70,79,32,49,97,18,37,124,74,11,28,18,83,86,186,187,224,203,198,192,200,253,236,174,185,143,134,157,132,158,155,34,39,50,122,117,76,82,91,27,
96,55,101,39,29,68,14,3,243,165,214,161,231,134,195,192,146,223,202,174,186,165,168,247,152,207,203,44,61,63,49,16,23,25,1,2,116,102,120,100,122,107,94,71,91,74,79,161,180,165,153,136,153,141,246,233,248,252,228,155,
195,206,150,153,43,80,103,76,56,64,64,19,13,29,121,59,41,19,12,7,10,172,229,226,239,224,190,221,134,147,210,213,219,244,170,185,148,145,139,147,33,113,104,111,78,67,4,77,93,88,40,46,39,127,4,4,93,88,25,238,
224,176,181,136,137,237,200,164,167,191,162,166,218,210,214,223,186,146,126,41,41,48,109,69,65,0,120,124,101,12,13,19,4,10,27,233,236,178,163,187,216,209,216,212,222,161,182,178,224,135,144,135,157,118,111,101,96,58,93,2,
15,84,82,56,55,49,54,42,72,92,87,41,243,234,254,251,206,235,203,214,129,181,162,172,184,164,209,138,212,157,146,100,104,48,23,126,127,108,82,115,48,39,124,20,83,33,2,57,67,245,251,161,162,221,213,209,234,209,168,161,
191,172,202,206,140,155,109,100,127,102,124,70,4,25,20,84,83,50,52,53,125,62,17,71,5,255,166,236,240,209,135,244,131,197,232,165,190,244,177,172,144,156,139,142,41,109,34,42,14,23,27,11,111,118,122,126,127,89,93,73,
88,73,189,160,185,168,173,153,154,140,136,238,247,251,235,207,214,219,218,40,49,53,60,37,40,26,29,2,15,17,112,102,111,114,83,86,73,83,178,183,186,163,149,153,154,156,133,136,248,253,228,233,228,222,199,202,207,127,47,59,
123,76,7,116,91,31,107,19,36,127,88,48,76,6,13,15,251,248,253,176,193,206,218,205,235,177,226,192,129,134,136,208,134,108,121,100,103,119,61,70,87,88,82,39,121,56,48,13,4,10,244,172,215,248,185,180,204,195,213,156,
145,231,254,173,142,187,154,131,198,215,101,114,101,67,80,65,67,94,109,96,109,61,58,58,15,30,86,37,10,191,236,230,191,197,200,206,224,155,228,186,240,140,135,205,152,133,152,103,96,101,50,101,5,1,23,14,114,115,112,81,
84,93,64,73,188,165,188,161,162,134,157,128,154,141,136,255,230,235,234,207,214,204,50,40,57,60,16,9,24,28,7,25,123,126,103,122,107,110,74,91,74,79,178,229,181,128,192,199,140,158,177,146,238,142,161,193,223,175,203,137,
123,97,126,117,120,13,91,84,33,54,96,58,72,69,12,3,21,166,248,235,230,227,232,193,147,195,218,221,175,189,242,131,139,134,158,96,113,33,82,101,15,10,75,92,82,19,103,122,123,31,58,18,25,9,236,240,181,164,152,156,
133,224,216,168,247,253,226,250,166,142,139,202,194,198,45,52,78,79,81,70,89,40,43,46,112,82,74,41,15,30,26,233,238,240,252,166,249,193,214,223,180,173,182,179,201,159,192,205,101,99,126,105,119,120,93,7,26,25,111,34,
59,47,57,12,38,11,20,226,238,197,228,196,195,222,199,223,162,246,181,243,178,181,148,137,209,246,95,94,79,113,16,83,68,12,53,114,0,35,24,83,18,4,70,77,58,244,240,218,233,212,193,214,211,233,237,175,171,140,133,158,
135,157,105,35,38,51,123,67,83,85,84,28,31,33,100,38,28,69,15,17,240,166,213,162,213,135,194,193,147,222,188,177,189,170,175,200,142,207,200,45,52,43,44,14,23,27,28,111,118,123,119,127,102,94,65,88,75,78,189,173,
173,177,144,148,142,146,243,247,251,226,210,214,210,195,194,56,61,60,37,40,36,76,28,25,89,46,101,5,42,57,69,53,11,168,182,214,178,224,220,222,217,218,223,146,178,189,184,175,201,128,211,222,103,104,110,63,81,66,95,90,
65,38,108,36,53,58,1,20,91,26,18,239,245,251,234,138,249,222,150,227,162,165,171,205,192,197,220,146,141,99,114,97,112,114,79,30,19,52,75,50,58,44,8,73,28,14,237,252,164,160,186,172,132,145,197,218,220,190,186,242,
184,151,136,152,139,106,104,101,39,13,34,37,57,82,38,63,113,10,117,43,64,86,19,16,162,246,250,246,209,212,131,167,161,188,171,179,252,157,159,132,144,208,212,50,114,117,62,75,81,27,75,58,55,46,72,18,90,69,77,73,
161,235,228,251,250,218,219,217,212,150,235,247,183,176,128,134,135,32,91,124,49,107,88,9,75,94,71,25,17,126,32,122,55,12,87,18,15,226,238,238,211,140,211,157,129,243,229,244,230,249,224,214,222,199,202,198,63,38,43,46,
94,14,28,36,43,104,19,36,62,74,50,5,94,187,211,175,229,238,236,218,217,220,145,160,175,189,146,204,158,197,33,96,103,105,49,103,79,90,71,68,84,30,39,54,57,51,6,86,31,239,234,235,237,213,141,246,217,152,149,175,
160,182,255,242,198,211,131,147,154,109,18,21,41,45,65,74,97,55,40,58,54,3,30,70,4,68,86,167,245,226,245,252,215,209,211,174,236,225,253,141,138,138,140,157,38,85,122,47,109,103,15,85,88,73,31,11,116,42,64,13,
6,93,232,245,232,228,227,213,130,213,139,131,231,246,235,251,234,238,195,212,205,48,49,36,44,17,29,5,28,114,118,102,119,103,122,82,86,95,70,74,78,184,169,173,145,136,136,141,249,233,248,253,210,202,219,223,195,218,58,62,
42,59,42,1,4,69,21,96,32,54,125,62,17,50,78,221,242,161,191,207,154,216,219,193,222,213,183,250,187,180,129,150,209,139,40,37,108,112,70,6,88,75,70,50,57,33,115,35,58,18,24,29,82,227,250,247,254,192,209,129,
225,182,239,234,171,188,131,194,199,218,222,44,100,124,125,114,0,71,88,74,50,32,61,118,20,84,70,70,229,242,229,236,231,254,195,222,156,145,156,172,186,186,188,141,197,165,138,63,125,119,46,69,72,89,15,108,27,58,112,61,
54,124,24,5,24,20,243,246,178,229,155,147,134,151,251,235,250,254,228,196,221,192,193,212,205,33,45,53,44,17,21,22,7,119,106,115,102,79,86,90,94,95,185,189,161,184,169,172,137,153,136,141,241,250,235,239,211,202,219,206,
58,43,58,62,35,85,5,16,80,87,109,14,33,2,126,62,2,81,79,223,187,249,235,209,206,197,200,234,171,164,177,166,240,155,216,213,156,147,101,54,104,123,86,83,73,81,99,51,42,45,8,13,66,19,27,22,238,240,225,177,
194,198,159,154,219,172,162,242,247,202,203,219,198,36,109,98,116,30,32,36,56,92,95,29,32,55,45,57,7,18,83,9,177,171,163,198,209,198,207,196,221,166,163,249,252,249,177,157,149,155,146,34,72,111,34,88,90,11,38,43,
58,108,15,120,31,77,24,27,89,231,226,247,243,236,209,159,192,137,245,235,250,209,211,196,221,192,48,37,60,33,45,53,31,2,6,22,8,117,123,106,110,82,75,77,177,181,164,189,160,157,133,156,129,133,149,255,227,231,246,239,
194,206,215,206,50,55,97,9,4,76,67,16,26,61,22,114,10,30,69,67,43,71,13,231,229,242,241,196,137,223,168,165,186,228,151,204,201,136,159,145,42,124,119,98,111,108,93,23,79,94,33,52,57,78,7,7,2,226,228,253,
165,206,225,131,142,215,216,222,230,251,254,242,255,151,144,153,110,36,122,109,86,86,76,89,25,48,120,98,122,48,47,1,16,3,18,16,237,176,181,128,200,199,222,160,169,233,146,165,219,145,147,210,144,149,125,51,72,55,105,20,
81,82,96,45,56,60,8,23,26,69,10,176,188,162,163,167,156,131,130,135,142,147,229,232,228,204,213,216,205,45,51,62,33,19,23,27,2,3,7,122,99,98,103,99,115,69,72,76,172,181,168,172,141,148,152,148,238,247,251,254,
175,255,203,139,156,215,164,100,79,59,67,84,15,8,96,124,54,61,63,11,8,13,64,17,239,234,253,187,225,178,144,209,214,216,224,182,188,169,148,151,135,222,118,103,104,98,119,9,72,64,93,84,90,36,124,7,40,73,85,28,
19,229,172,161,183,142,193,207,218,213,162,165,185,251,254,194,164,134,151,139,101,121,91,104,72,73,77,125,45,41,38,42,12,16,5,70,83,18,226,244,158,145,149,169,220,223,157,179,164,173,185,135,146,194,152,49,43,35,105,102,
121,79,68,93,87,82,121,124,121,49,14,6,27,18,162,217,254,179,216,218,139,201,220,186,236,143,248,174,252,152,155,217,148,113,100,115,108,81,14,81,8,112,107,122,126,99,68,93,64,70,84,77,160,164,228,180,129,210,213,158,
157,178,145,252,188,147,192,222,174,53,127,100,102,113,67,86,27,90,85,32,36,114,40,75,70,15,17,231,167,249,234,208,221,222,222,148,204,172,179,185,188,243,130,153,148,157,99,114,51,64,87,14,11,74,42,44,101,120,125,113,
77,16,27,29,93,224,247,237,249,199,210,147,201,241,233,130,161,130,135,192,216,146,124,99,114,97,112,114,92,30,19,30,46,41,56,62,15,71,52,244,185,243,241,176,242,198,223,145,234,149,203,242,191,180,254,139,135,154,150,113,
116,35,91,19,31,0,9,3,101,124,99,101,117,88,68,90,75,79,182,187,170,175,150,139,146,249,232,249,252,231,201,216,220,196,136,208,46,118,121,58,65,86,108,24,96,55,108,109,61,89,27,24,2,236,231,234,191,246,241,207,
192,158,204,151,243,178,181,187,195,149,153,116,113,122,98,48,81,72,79,93,80,100,45,61,56,57,63,7,95,36,11,170,167,249,206,192,129,132,232,236,233,185,185,176,132,206,128,151,141,141,118,99,51,105,17,22,117,46,34,39,
96,73,3,28,3,18,1,227,225,252,190,179,143,223,216,216,222,175,248,131,148,217,147,145,33,99,102,127,49,121,6,88,18,95,84,111,58,39,58,54,17,11,84,251,179,191,177,152,146,133,156,131,246,230,248,228,250,235,222,199,
219,202,207,33,52,37,25,8,25,13,118,105,120,124,100,27,67,78,22,25,171,208,231,204,184,192,192,147,141,157,249,187,169,147,140,135,138,44,101,98,111,96,62,93,6,19,82,85,91,116,42,57,20,17,11,19,161,241,232,239,
206,195,132,205,221,216,168,174,167,255,132,132,221,216,153,110,96,48,53,8,9,78,72,54,33,47,32,36,79,66,65,39,5,20,231,241,244,209,193,220,251,207,168,166,162,173,203,198,143,128,150,13,2,6,26,126,125,16,70,89,
75,39,48,45,117,23,87,69,86,228,243,228,237,230,206,196,193,155,158,236,188,187,187,189,140,213,166,137,60,126,116,62,68,73,88,14,28,107,61,111,58,57,76,25,4,25,21,242,230,177,230,150,150,150,143,243,246,230,255,211,
213,199,222,194,198,113,57,52,124,115,17,106,77,102,98,26,46,117,83,59,87,29,247,245,226,225,244,134,207,216,213,202,148,167,252,249,184,143,129,218,140,103,114,127,109,77,7,95,78,81,36,41,126,55,55,50,18,20,13,85,
222,226,179,190,199,200,206,150,235,238,226,239,178,134,136,208,134,153,122,118,112,109,53,87,4,20,119,44,32,37,115,75,1,30,1,231,252,229,255,250,176,132,145,217,214,222,160,186,250,129,150,219,128,130,35,97,100,125,4,119,
0,70,20,81,35,113,60,41,60,27,4,9,86,249,176,173,179,146,150,159,131,245,248,249,252,237,208,193,192,197,206,209,37,32,54,47,18,19,23,14,115,117,103,81,84,89,64,65,69,191,161,160,165,172,177,131,134,131,146,243,
231,234,162,202,199,143,111,36,87,120,75,55,118,89,26,4,100,115,33,34,40,55,12,16,85,28,235,230,249,136,210,129,140,213,171,173,237,163,176,173,155,128,152,218,138,99,117,119,122,13,68,83,46,39,41,56,120,58,29,68,
81,16,23,234,187,190,179,183,147,195,211,218,173,231,174,129,147,155,137,132,45,127,63,63,92,68,72,93,26,18,88,38,57,56,43,10,8,18,168,173,168,224,206,198,200,193,145,234,190,243,169,171,250,184,156,133,219,160,47,110,
60,73,74,8,69,49,36,32,63,34,125,17,88,68,90,75,190,167,187,170,175,150,148,133,249,232,249,252,214,201,222,219,221,55,58,59,62,39,42,29,31,6,11,14,111,105,109,86,72,89,77,180,169,184,189,168,138,155,158,131,
203,147,239,183,184,251,128,128,163,223,95,112,35,44,124,24,90,89,67,47,36,41,124,53,3,14,1,95,13,86,180,253,242,196,132,218,216,181,176,187,163,194,146,139,140,158,147,37,108,124,121,120,126,64,16,99,52,109,121,56,
15,1,64,69,171,170,237,235,230,241,206,193,197,159,146,254,128,170,179,151,129,149,191,115,108,106,102,110,79,76,75,70,46,38,42,122,119,62,30,16,114,117,137,141,240,251,129,215,200,201,165,163,190,230,164,213,199,199,149,130,
149,115,96,113,115,78,29,16,29,45,42,42,63,14,70,53,26,79,252,246,175,245,248,222,144,235,148,202,224,188,183,253,136,149,136,151,112,117,34,117,20,20,7,30,2,7,96,97,100,106,112,81,68,72,0,168,165,254,241,130,
249,222,245,224,152,191,228,226,138,209,131,128,138,149,127,114,55,126,73,68,72,22,52,111,106,43,13,3,75,29,22,252,249,226,250,184,232,208,215,213,216,239,166,181,176,129,135,158,215,92,115,34,47,118,70,72,25,28,17,21,
113,52,55,57,65,4,27,9,229,227,254,183,213,149,133,230,221,174,163,252,252,190,152,159,150,141,148,110,120,50,55,2,74,69,92,34,43,107,16,16,85,23,13,84,30,226,227,181,198,177,215,150,211,208,226,175,171,190,138,149,
152,199,127,62,58,60,37,41,26,29,4,9,8,126,103,106,102,78,87,75,79,175,177,188,163,149,153,157,156,133,248,252,253,228,233,229,222,199,202,206,46,55,42,46,15,22,26,121,104,121,125,96,41,64,77,21,26,89,34,230,
205,185,193,214,156,138,226,254,180,191,146,141,134,139,222,151,97,108,99,61,111,7,18,83,84,90,98,37,62,43,22,21,5,160,240,233,238,252,192,135,206,222,219,218,175,166,254,133,170,203,215,158,145,103,46,52,9,13,8,88,
88,32,39,109,35,52,46,29,23,2,82,8,161,185,210,241,197,200,144,232,162,189,162,179,145,128,130,159,221,35,46,126,121,121,127,95,23,100,75,126,60,33,64,2,7,30,161,218,165,251,177,252,196,142,219,198,219,215,161,164,
243,164,213,206,208,49,53,63,32,16,21,28,1,0,5,114,98,99,102,106,67,69,64,87,78,178,169,176,145,149,153,128,240,245,241,225,224,214,218,194,195,199,203,35,34,38,34,51,18,9,12,61,109,104,57,14,69,54,25,42,
165,213,250,185,167,199,146,192,195,201,214,186,191,242,131,140,137,143,41,115,32,45,116,72,78,14,64,83,63,58,33,57,123,43,21,26,16,229,170,235,242,207,198,200,217,234,153,190,231,242,179,133,139,218,223,210,211,115,125,104,
71,65,87,75,105,108,103,25,16,9,29,11,30,52,254,230,255,243,216,223,219,212,216,175,179,183,244,193,128,135,137,8,15,3,7,123,65,11,93,82,64,92,53,32,112,42,82,72,81,27,244,235,234,234,203,201,196,134,155,231,
167,160,176,182,183,208,171,140,193,123,104,57,123,78,87,9,97,110,48,106,39,60,71,2,31,18,30,254,227,188,227,165,149,153,128,138,237,244,248,232,206,215,219,216,47,62,60,35,42,46,0,1,4,15,16,121,96,117,100,88,
73,75,79,179,170,187,191,146,139,154,159,139,155,253,224,228,244,237,192,196,213,204,48,60,54,47,19,22,87,7,99,35,36,111,12,28,55,83,43,12,87,160,200,164,238,213,215,211,208,165,232,169,183,130,149,195,153,218,40,105,
126,112,56,110,84,65,76,79,47,118,46,63,0,10,15,81,224,232,229,236,242,220,132,239,192,145,237,180,187,189,244,201,223,211,222,118,110,111,113,3,85,74,88,55,45,56,120,34,106,65,89,19,12,19,226,226,243,241,204,142,
146,159,175,168,168,174,136,200,179,132,201,131,112,49,115,118,111,18,105,22,72,98,47,53,127,10,23,10,6,246,251,164,235,173,156,129,136,130,149,140,227,224,246,239,211,208,215,198,52,43,50,25,8,25,28,7,24,112,120,125,
108,96,113,67,71,75,82,179,166,170,179,146,151,147,236,245,248,252,252,229,216,220,221,196,200,55,62,39,43,46,95,30,27,91,44,103,20,20,63,75,51,4,174,184,208,172,230,237,220,219,216,221,144,161,191,186,173,203,145,213,
32,97,102,104,48,87,76,89,68,71,87,110,38,55,56,50,22,89,24,16,237,228,253,212,140,247,216,153,229,172,163,181,252,194,199,222,198,211,222,118,121,127,21,42,46,89,46,32,104,41,15,1,99,100,20,27,238,167,178,201,
221,215,193,131,223,139,146,237,147,209,137,132,219,74,104,112,55,95,122,94,71,84,79,18,109,7,37,52,40,6,20,92,193,244,248,224,200,192,205,140,147,234,248,231,216,179,180,139,218,253,241,160,89,78,112,17,82,69,15,54,
113,3,32,27,82,19,5,71,76,59,235,247,219,250,253,209,212,148,226,38,72,73,193,168,136,152,157,38,232,142,134,52,2,37,108,109,109,83,101,46,49,82,19,92,55,236,207,189,244,201,147,144,239,214,210,152,163,186,179,190,
173,220,208,154,117,106,122,105,72,74,71,5,107,102,38,33,49,55,7,79,44,3,70,235,233,184,250,207,214,153,226,237,179,233,164,140,198,131,158,147,110,121,124,59,108,44,7,24,1,11,108,117,104,106,77,84,89,70,174,190,
185,162,163,151,147,131,138,128,151,225,228,225,240,214,194,213,203,57,120,32,62,70,73,10,113,70,28,104,16,39,124,93,45,73,11,8,242,252,247,250,143,198,193,223,176,238,188,231,195,130,133,139,211,133,105,100,97,106,114,0,
65,88,95,45,32,116,61,13,8,9,15,247,175,212,251,186,183,201,222,208,145,148,248,249,162,137,132,157,142,195,42,96,127,96,64,83,66,64,93,96,101,112,56,55,63,16,25,89,34,245,184,225,227,130,192,197,205,227,152,231,
185,243,129,130,208,157,136,157,120,103,106,53,90,14,9,18,115,118,114,115,90,80,71,94,67,177,160,163,166,180,155,134,153,143,133,188,255,250,186,141,198,181,139,88,36,84,123,15,25,113,13,71,76,63,56,59,62,115,2,30,
27,12,170,240,178,191,198,201,207,143,182,173,184,165,166,182,205,133,148,155,145,119,56,121,113,76,69,90,75,107,24,63,102,68,13,2,20,93,161,164,189,209,252,251,211,195,214,202,255,246,245,239,211,214,199,77,109,102,49,32,
58,25,29,0,25,116,92,42,107,107,114,48,24,14,17,231,238,229,199,153,155,128,243,213,165,161,179,180,186,133,207,144,143,144,97,99,114,112,77,15,81,105,100,47,41,36,2,12,3,7,93,80,160,193,250,251,243,225,216,212,
211,167,168,171,142,217,146,204,149,107,109,112,56,31,70,116,100,90,11,72,62,101,44,107,41,10,54,180,253,227,185,170,228,205,201,226,217,163,170,183,164,242,246,149,130,149,156,119,110,115,78,12,1,12,45,42,42,44,61,117,
53,26,79,13,7,94,245,248,233,191,252,148,202,224,173,166,236,136,149,136,132,131,134,34,117,37,33,54,22,4,27,10,14,116,116,109,80,92,68,91,183,169,184,189,160,138,147,153,158,135,139,253,255,225,236,243,213,192,129,41,
36,108,114,1,122,93,118,18,25,62,101,99,11,103,28,7,5,18,17,243,182,255,200,197,218,149,183,236,233,168,191,130,202,156,151,130,126,125,125,55,111,126,86,84,89,110,39,39,51,2,4,29,69,221,242,163,174,247,248,207,
134,155,158,151,196,128,189,164,148,217,209,155,116,107,106,121,75,73,68,6,27,22,39,32,48,54,55,80,43,12,65,251,249,185,251,206,215,137,242,238,176,234,167,188,199,130,159,146,158,137,99,60,99,43,22,8,8,13,112,105,
112,105,78,87,91,92,94,180,185,163,165,160,183,134,140,197,149,224,177,182,253,190,145,178,221,93,114,33,63,79,26,88,91,65,94,34,55,122,59,52,1,7,81,11,168,165,236,240,198,134,216,203,183,178,185,161,243,163,141,146,
152,157,210,99,122,119,126,64,81,18,97,54,111,106,43,13,3,66,71,90,91,200,245,242,249,233,221,193,132,141,239,245,234,239,206,171,131,128,62,55,37,63,35,25,0,125,85,64,1,96,121,11,50,20,11,30,23,236,225,183,
172,143,228,202,195,223,170,173,179,191,229,186,132,155,154,137,104,121,116,54,88,15,10,88,38,51,44,42,61,30,68,89,90,52,232,240,229,218,242,206,218,222,209,181,168,247,165,195,130,133,139,121,33,6,79,78,78,65,0,67,
84,15,54,98,16,51,40,82,2,20,182,189,202,235,192,234,217,196,192,215,163,249,253,191,168,156,149,142,151,109,104,51,54,3,75,68,76,37,36,108,15,32,84,22,12,85,31,18,224,182,197,178,212,134,210,209,227,174,187,129,
141,154,159,216,143,63,56,61,36,40,47,30,7,11,12,110,102,107,103,79,86,89,177,168,187,190,188,163,158,129,136,130,149,255,227,225,246,239,210,207,134,214,35,99,100,0,123,92,119,19,26,61,102,96,8,100,29,6,4,19,
16,229,185,248,247,194,213,148,182,237,232,169,190,129,201,159,148,129,140,124,124,54,110,127,81,91,94,17,32,40,50,3,5,28,68,47,241,160,173,244,251,206,135,154,159,150,216,166,185,184,171,138,136,146,40,45,2,5,85,68,
90,70,31,66,43,39,38,126,106,112,71,94,91,15,224,249,240,204,140,206,217,175,166,189,164,190,187,194,199,248,255,243,105,124,101,59,64,15,78,14,96,45,38,108,17,4,0,31,2,174,237,235,230,241,249,135,199,197,206,218,
234,241,252,132,139,200,148,103,37,125,116,97,67,2,88,0,31,7,114,123,49,46,49,23,12,21,239,234,160,180,129,201,198,206,208,170,234,145,166,235,144,146,211,145,148,141,52,71,48,86,4,65,83,97,44,57,44,11,20,25,
70,9,71,186,185,191,174,172,179,141,128,144,241,244,225,241,208,213,216,144,43,38,110,97,50,73,95,116,16,104,79,123,101,5,97,19,16,11,20,239,226,167,238,202,199,216,134,196,238,235,170,189,179,251,130,145,140,137,114,106,
57,105,64,71,69,91,108,37,37,32,49,6,31,71,44,3,82,176,241,246,248,137,157,144,157,181,173,172,176,232,239,227,231,155,97,43,125,114,96,75,85,64,16,74,114,121,113,59,20,11,10,10,235,233,228,166,138,135,199,192,
208,214,160,240,139,172,225,155,136,217,155,110,119,58,65,14,80,10,71,45,103,34,63,50,62,30,3,92,3,75,162,185,168,172,145,137,139,142,240,234,251,255,210,154,194,207,151,103,44,79,96,67,63,110,65,18,12,28,120,41,
42,16,15,4,24,173,228,227,238,225,128,218,153,148,221,210,181,245,171,184,149,131,136,144,34,114,107,125,79,66,5,76,92,38,47,49,32,112,50,5,92,89,24,239,242,179,182,139,143,138,222,173,163,235,189,133,159,139,149,128,
208,123,35,59,80,115,71,89,22,22,36,51,53,60,23,14,4,1,172,161,172,252,251,251,204,221,149,230,201,239,173,167,254,132,137,137,223,92,43,125,47,77,70,12,89,68,40,36,35,38,113,38,74,69,86,79,178,190,183,166,
148,139,154,240,253,228,250,231,248,216,220,192,217,200,204,35,58,43,46,26,27,10,15,115,107,122,81,85,68,93,65,77,165,188,160,165,228,135,146,210,213,158,157,163,128,252,188,147,192,49,89,53,127,100,87,64,67,86,27,90,
38,51,36,114,40,75,87,30,17,231,167,238,197,208,221,222,222,229,189,172,179,185,188,192,145,153,148,157,114,99,51,64,87,14,28,37,42,44,101,120,76,64,77,5,29,239,224,178,228,251,233,192,210,207,151,181,245,242,169,138,
142,131,45,45,111,120,127,118,94,71,93,88,18,23,115,59,52,60,2,20,92,223,240,181,247,220,133,207,194,195,149,149,226,164,246,179,129,211,158,139,158,106,106,111,8,95,16,31,109,116,121,117,125,95,93,66,67,70,67,163,
165,160,183,174,146,137,144,241,245,249,241,208,213,209,193,192,54,58,34,35,39,43,3,2,6,2,19,101,105,108,29,77,72,25,238,165,214,249,202,133,245,218,153,135,150,242,160,163,169,182,154,159,210,99,108,105,111,9,83,0,
13,39,40,46,110,32,51,31,26,1,25,91,11,245,250,240,197,138,218,210,175,166,168,185,202,185,158,199,210,147,101,107,58,63,50,28,83,93,72,39,33,55,43,73,76,71,62,238,231,231,205,253,200,199,203,220,192,213,249,244,
189,178,132,238,240,244,8,108,111,62,80,71,93,73,87,51,99,57,97,123,115,22,1,22,31,244,252,246,243,137,140,137,210,173,165,171,162,242,184,159,210,136,138,44,118,123,106,60,127,25,79,29,40,43,105,55,18,7,3,28,
240,175,240,184,160,187,157,129,132,148,141,240,231,245,236,208,212,135,215,34,98,101,46,124,83,112,12,108,67,103,97,9,101,47,5,7,16,19,230,171,249,246,195,212,130,216,234,231,174,161,183,200,158,149,128,141,142,127,53,109,
124,67,73,95,16,33,41,36,60,2,19,67,48,7,161,172,245,250,252,181,153,156,144,157,160,184,190,254,144,135,157,152,102,115,35,121,33,6,101,94,82,87,97,121,51,44,51,2,2,19,17,236,174,163,191,207,200,200,206,168,
232,147,164,233,163,144,209,147,150,143,33,73,54,104,2,79,85,31,42,55,42,38,22,27,68,11,67,78,161,160,165,168,177,139,129,150,143,243,244,247,233,212,203,218,222,53,36,61,33,37,5,28,1,13,21,12,98,102,118,111,
83,87,87,78,178,190,167,145,149,152,209,153,148,173,162,241,138,173,134,209,169,142,213,51,74,38,108,87,85,66,46,35,102,47,56,53,27,69,7,92,89,235,252,242,186,236,199,195,206,205,173,231,191,129,134,132,137,222,102,102,
99,114,116,109,6,109,66,19,30,39,57,63,118,75,78,85,160,240,224,233,254,133,219,204,198,198,220,186,250,160,232,240,186,153,157,144,47,47,122,85,74,75,88,89,42,39,101,120,117,6,1,17,23,22,94,204,227,166,228,222,
135,218,175,182,232,147,205,147,201,132,159,213,99,126,115,127,104,109,27,76,12,9,111,105,108,81,72,81,91,173,180,184,191,189,163,157,130,131,135,139,227,226,230,234,243,210,200,196,44,53,56,60,13,20,24,28,29,119,123,119,
126,103,107,95,14,94,91,27,236,184,195,212,255,139,226,181,238,248,144,236,149,158,156,155,152,157,33,112,127,122,109,28,78,21,96,33,38,57,65,23,12,25,4,244,228,174,230,247,201,195,214,153,216,208,186,187,189,148,204,183,
137,40,37,108,99,70,15,2,7,30,81,46,59,52,50,53,41,92,81,82,204,225,248,237,226,202,198,193,166,169,189,160,251,246,142,129,151,253,242,25,29,113,122,0,86,88,74,38,32,61,101,20,84,70,70,20,242,229,236,231,
254,244,222,156,145,156,172,171,186,188,141,197,182,138,63,125,119,46,116,72,89,15,108,27,77,112,61,54,124,9,5,24,20,243,246,161,229,155,147,134,159,131,242,231,254,227,239,192,201,195,212,205,48,44,53,36,20,9,16,7,
110,119,123,127,79,86,90,94,95,70,188,168,184,169,172,144,153,136,140,240,233,235,239,219,202,219,223,51,122,34,47,119,120,12,111,64,99,31,14,33,114,108,60,88,9,10,240,239,228,233,141,196,195,206,193,224,186,249,244,189,
178,149,213,139,152,117,112,104,112,2,82,75,93,47,34,101,44,60,6,15,17,0,80,35,229,188,185,248,207,210,147,150,235,239,234,171,139,130,133,207,129,105,123,99,113,108,5,71,7,21,21,39,35,52,61,22,15,5,17,171,
174,171,227,203,203,205,220,148,231,185,236,174,164,253,135,153,136,222,93,42,109,63,74,73,11,70,52,41,37,34,39,112,22,72,64,85,76,163,163,182,175,146,158,151,134,244,235,250,255,221,196,213,197,216,48,52,61,36,40,44,
30,7,11,15,110,119,107,103,79,86,91,176,168,185,189,161,184,152,156,136,153,136,140,226,171,243,254,134,152,219,160,119,92,40,127,80,3,29,109,9,58,57,35,60,55,9,92,21,18,31,240,191,237,182,131,194,197,164,228,186,
169,164,144,155,131,209,129,152,108,126,115,52,125,77,89,88,94,55,111,3,20,77,72,9,30,225,160,165,184,185,169,135,146,211,212,218,217,222,210,214,138,129,220,114,101,127,107,117,81,1,91,3,25,98,40,39,56,57,42,26,
24,21,87,170,167,240,207,199,201,192,225,154,189,240,170,168,202,136,157,132,218,161,63,97,59,118,77,24,85,48,37,33,62,18,77,18,84,68,89,187,190,170,186,171,159,130,155,130,136,239,233,237,210,200,209,217,45,60,48,33,
32,23,27,2,3,7,11,99,98,103,99,115,82,72,76,172,181,185,172,141,148,152,148,157,247,251,254,175,255,250,139,156,215,164,139,79,59,67,84,15,25,96,124,54,61,63,56,8,13,64,17,30,234,253,187,225,178,191,209,214,
216,224,182,173,169,148,151,135,205,118,103,104,98,119,56,72,64,93,84,90,75,124,7,40,73,68,28,19,229,172,161,164,139,134,222,198,215,216,235,189,178,160,168,149,128,208,138,50,40,49,123,84,75,74,89,43,41,36,102,123,
71,7,0,16,22,23,176,203,236,161,219,217,153,219,174,183,233,129,206,144,202,135,156,39,98,127,114,126,105,67,28,67,5,117,121,104,109,89,73,88,78,179,170,179,185,190,150,154,157,159,142,249,252,237,225,240,209,196,200,209,
48,52,56,50,19,22,18,2,114,119,123,99,98,102,93,92,69,73,69,172,164,168,173,220,140,154,218,173,230,149,186,184,196,180,155,216,198,81,45,103,108,110,88,91,94,19,34,45,59,44,74,16,67,78,230,233,239,175,225,205,
216,197,198,214,156,165,180,187,177,132,203,153,145,108,101,107,107,11,120,95,6,19,45,34,52,125,112,117,93,69,80,93,228,248,254,148,171,175,163,214,165,231,185,174,164,143,137,132,220,142,63,61,61,127,104,79,85,78,87,45,
40,98,118,67,11,4,12,229,228,172,207,224,165,214,204,149,223,210,179,246,133,242,148,198,146,145,35,110,123,110,77,90,95,24,79,0,126,125,100,105,101,94,79,77,82,179,182,162,179,149,144,135,158,245,249,224,225,229,216,193,
192,197,193,209,35,38,42,50,19,23,10,19,114,118,114,76,85,89,92,13,93,169,233,254,181,198,233,233,149,229,202,233,230,134,226,144,147,153,105,106,111,34,115,124,72,95,25,67,16,110,55,56,62,126,16,18,15,10,241,233,
171,212,197,202,192,213,235,170,162,191,182,184,154,218,169,142,215,34,114,117,123,10,15,21,105,100,60,36,53,11,73,31,16,2,10,235,230,190,236,172,159,159,221,202,173,164,168,137,139,134,196,217,37,101,98,114,116,70,14,109,
66,7,69,46,119,61,48,17,71,35,172,242,168,229,207,133,192,221,208,220,184,189,250,173,226,237,223,198,203,199,47,33,43,12,21,24,21,109,115,126,97,96,100,91,66,67,71,75,163,162,167,163,179,146,136,140,236,245,249,253,
205,212,216,212,221,55,59,62,111,63,58,75,92,23,100,75,24,123,3,20,79,89,32,188,246,253,255,248,200,205,128,209,222,219,189,251,161,242,255,145,150,152,32,118,109,105,84,87,71,13,69,39,40,34,55,120,8,0,29,20,
26,11,188,199,232,137,132,205,211,165,236,225,228,206,129,143,154,149,147,101,121,59,62,53,76,88,89,81,3,43,54,49,5,10,30,3,171,166,239,224,246,156,162,166,186,222,221,240,166,185,171,135,129,141,213,119,55,37,37,68,
83,68,77,70,46,36,33,123,126,123,28,27,27,29,236,164,198,233,156,222,212,158,164,169,184,238,141,203,157,207,154,153,219,121,100,121,117,82,70,17,70,118,115,101,111,82,87,70,87,69,171,186,190,161,187,154,135,152,137,141,
241,249,232,236,208,201,216,206,58,42,59,62,19,11,26,30,2,27,125,97,109,116,109,81,69,4,84,161,225,245,190,253,210,241,141,156,179,224,254,142,234,159,132,134,145,146,118,59,122,117,64,87,18,72,107,102,47,32,7,71,
25,10,7,253,254,254,180,236,253,211,217,220,147,162,170,180,189,131,146,194,160,119,46,43,106,125,76,5,24,29,17,28,37,61,60,51,65,4,27,9,241,227,254,183,213,149,135,135,213,189,162,179,160,177,130,159,221,208,221,109,
121,121,127,78,6,117,75,126,60,54,111,2,7,30,80,43,84,251,177,252,247,189,200,198,219,215,176,181,243,164,212,209,199,222,52,57,32,41,35,52,28,0,7,21,11,101,122,107,111,83,74,74,78,178,171,186,191,156,132,157,
128,132,229,252,224,228,245,236,195,207,214,207,51,54,102,54,3,67,68,96,27,60,23,115,11,29,70,64,40,68,14,230,228,243,240,197,153,216,215,162,181,227,150,205,200,137,158,144,41,127,116,97,108,92,92,22,78,95,32,59,
62,113,0,8,5,227,229,252,164,207,209,128,141,212,219,221,231,250,255,246,185,135,131,156,154,109,113,52,9,10,100,73,81,53,10,34,62,57,61,1,5,24,83,94,246,249,255,149,170,174,181,169,162,232,190,177,146,142,136,133,
221,124,60,62,62,124,107,93,84,79,86,44,41,116,73,68,4,3,226,228,229,173,206,225,151,213,207,150,220,209,161,247,132,243,149,216,149,110,36,97,124,64,76,91,94,25,78,115,123,126,111,109,67,66,70,77,83,178,169,170,
140,157,159,128,248,252,229,252,225,209,198,215,199,218,195,54,63,38,42,46,15,9,13,113,104,121,109,89,73,88,93,65,170,187,191,163,186,171,158,138,155,138,142,228,165,245,192,128,135,221,94,113,82,46,78,82,1,31,111,11,
56,59,33,62,53,56,90,27,20,225,246,160,235,136,133,204,195,166,230,184,171,166,163,153,129,211,131,154,157,120,125,50,67,75,87,94,32,49,97,18,22,79,74,11,28,18,162,167,186,190,187,196,220,221,210,224,182,184,170,146,
128,157,197,116,52,38,38,116,82,69,76,71,94,84,62,124,113,124,12,11,26,28,237,165,214,234,159,221,215,142,212,168,185,239,140,251,173,208,157,150,220,105,101,120,116,83,86,1,69,123,115,102,119,101,75,90,94,69,91,189,
161,162,180,165,151,153,128,132,237,244,249,233,206,223,223,194,58,62,39,62,34,38,0,1,5,9,16,113,101,97,113,80,85,74,82,179,183,187,162,146,150,146,131,130,134,252,173,253,248,184,158,213,166,137,90,38,69,106,9,23,
119,19,48,51,57,38,61,15,66,19,28,25,14,185,227,176,189,196,203,222,158,176,163,190,170,145,137,203,155,146,106,96,117,58,123,115,95,86,88,73,105,9,46,119,66,3,4,27,170,175,162,163,163,129,140,213,218,220,199,216,
220,208,180,135,214,136,159,117,97,111,107,11,81,25,3,108,46,57,62,55,44,4,30,27,81,84,161,250,245,253,195,202,155,224,183,250,176,178,196,142,131,130,212,167,33,103,53,112,115,18,95,74,95,43,52,40,119,24,80,88,
67,181,185,188,188,165,153,159,157,132,136,140,175,255,250,186,141,198,164,139,88,36,84,84,15,25,113,13,71,61,63,56,59,62,115,17,30,27,12,170,225,178,191,198,201,207,224,182,173,184,165,166,135,205,133,148,155,98,119,56,
121,113,76,84,90,75,107,24,63,73,68,13,2,20,172,161,164,184,181,248,192,214,150,200,223,181,176,190,171,203,145,206,46,77,102,106,127,9,1,75,68,91,90,58,59,57,52,118,90,87,23,16,224,230,240,128,251,220,145,203,
184,233,171,190,167,202,177,222,128,218,151,125,55,114,111,66,78,78,51,108,51,116,82,73,88,93,73,89,179,185,190,167,170,167,159,129,130,147,242,233,236,204,213,216,220,45,50,63,33,40,34,6,31,2,5,71,102,115,51,52,
127,60,12,39,163,219,252,167,144,248,148,222,197,180,163,160,181,248,185,135,146,133,211,137,42,56,121,78,64,8,79,36,49,60,63,63,70,30,15,16,26,31,161,240,248,245,252,213,204,148,159,176,225,253,132,139,141,196,217,47,
35,46,102,126,78,65,19,69,90,72,39,61,40,72,18,90,83,200,235,239,226,142,142,204,219,220,213,191,166,188,185,243,246,212,148,147,99,101,117,61,126,81,20,86,63,102,44,33,32,118,52,67,5,87,18,254,180,241,236,193,
205,203,206,233,190,241,254,206,215,218,214,222,62,60,35,34,39,34,28,2,1,16,113,117,105,113,80,85,89,82,181,176,166,183,165,139,154,159,128,202,146,240,176,183,252,191,129,162,222,94,113,34,47,127,27,89,90,64,46,37,
40,125,52,4,17,6,80,10,169,181,252,243,197,133,219,219,182,179,184,160,195,147,138,141,159,146,34,115,123,118,127,65,65,17,98,53,108,122,59,12,2,67,70,170,171,187,161,163,167,157,153,148,221,210,181,223,208,212,132,139,
158,222,103,104,110,4,42,66,69,75,26,104,19,23,29,42,104,21,65,40,72,206,180,247,242,149,237,199,198,249,137,164,187,186,142,149,216,214,181,157,100,121,57,92,81,70,86,87,39,34,107,125,79,85,66,101,22,230,232,185,
158,146,242,235,227,213,140,183,187,232,169,214,172,135,181,55,126,96,58,30,105,72,84,120,89,47,52,57,113,127,131,246,238,94,201,231,239,254,205,198,139,77,68,92,238,249,222,135,183,167,153,200,139,127,36,109,42,104,75,113,
11,58,44,126,117,37,12,8,35,24,224,233,244,231,177,181,212,195,212,221,182,175,180,177,203,206,203,108,107,107,109,124,52,118,89,12,78,68,29,52,57,40,126,61,91,13,95,234,233,171,201,212,201,197,194,199,225,182,230,224,
245,215,197,218,203,207,52,59,34,40,15,22,26,112,104,113,123,124,83,81,65,64,69,72,162,163,166,168,178,148,128,151,137,251,186,245,192,128,135,204,175,113,82,46,78,97,50,31,111,11,73,74,33,62,53,56,77,4,20,225,
246,160,250,185,133,204,195,213,149,184,171,166,163,168,176,211,131,154,157,111,98,50,67,75,70,79,32,49,97,18,37,124,74,11,28,18,83,86,186,187,224,203,198,192,200,253,236,174,185,143,134,157,132,158,155,34,39,50,122,117,
76,82,91,27,96,55,101,39,29,68,14,3,243,165,214,161,231,134,195,192,146,223,202,174,186,165,168,247,152,206,196,44,53,56,44,13,20,25,31,29,119,122,118,126,103,106,94,95,78,66,83,165,169,170,140,151,154,145,247,242,
229,251,233,155,195,206,150,153,43,80,103,76,56,64,64,19,13,29,121,59,41,19,12,7,10,172,229,226,239,224,190,221,134,147,210,213,219,244,170,185,148,145,139,147,33,113,104,111,78,67,4,77,93,88,40,46,39,127,4,4,
93,88,25,238,224,176,181,136,137,237,200,164,167,191,162,166,218,219,193,195,198,215,93,125,118,33,16,10,9,13,112,105,4,63,26,91,91,66,32,232,254,225,247,254,245,215,137,139,144,131,180,181,177,131,132,138,149,63,96,127,
96,113,83,66,64,93,31,54,121,116,63,57,20,18,28,19,247,173,160,176,233,199,222,207,173,166,143,170,181,187,137,147,128,187,184,61,111,57,120,79,65,71,23,72,25,16,24,15,86,29,2,65,0,184,218,249,210,168,200,222,
140,135,128,161,190,141,142,143,142,139,113,47,35,105,102,70,79,68,93,87,82,121,124,121,49,14,6,27,18,162,217,254,162,216,218,139,201,220,186,236,143,248,174,252,152,155,217,148,113,119,115,108,81,14,81,8,118,107,114,120,
127,89,93,70,88,65,186,189,164,168,173,141,143,141,146,244,254,230,238,211,214,199,222,52,58,32,38,44,52,28,0,2,21,12,112,98,39,119,66,2,20,95,220,243,208,172,251,220,135,129,233,133,190,165,167,176,179,149,216,153,
150,99,116,51,105,10,7,78,65,32,104,62,53,32,28,31,31,85,13,28,240,250,255,176,193,201,213,220,162,179,227,191,144,193,204,149,154,109,36,57,60,53,102,102,83,66,74,127,127,61,42,13,4,31,233,235,230,164,185,180,
197,194,210,212,213,238,141,162,231,165,159,215,157,144,113,39,84,12,82,8,69,94,101,32,61,48,60,43,29,90,13,76,70,174,166,171,174,143,150,140,242,232,249,252,232,201,216,221,192,217,192,55,62,39,43,40,31,4,9,19,
117,127,112,81,85,95,64,65,180,189,161,168,162,134,159,131,128,150,143,227,226,247,238,210,214,208,49,53,56,113,8,5,77,66,17,106,62,21,113,9,46,117,66,42,70,12,247,234,245,206,195,134,207,169,164,187,229,167,252,202,
139,156,146,218,125,118,99,110,109,77,24,72,33,38,36,41,79,6,6,3,18,231,254,166,205,226,179,143,214,217,223,150,235,241,240,164,129,142,156,116,105,125,48,33,8,18,2,127,95,84,114,99,121,107,111,69,84,49,225,252,
181,175,141,247,198,216,223,162,163,160,181,235,216,195,176,150,151,147,118,121,127,75,25,78,72,47,38,61,36,13,8,66,20,91,86,236,234,231,240,254,241,194,144,149,238,143,184,169,128,139,136,169,103,96,102,107,113,98,111,90,
65,86,79,57,59,54,97,26,68,28,19,229,248,160,135,253,252,252,194,131,177,166,253,164,227,145,157,190,204,133,107,49,35,92,69,65,107,75,54,50,37,32,122,79,13,26,29,20,15,249,251,246,180,137,149,213,210,162,164,165,
254,189,146,215,149,143,39,109,96,97,55,115,28,66,24,85,46,117,48,45,0,12,27,13,170,253,188,187,143,150,154,157,159,134,253,226,248,233,236,216,217,200,207,48,41,41,44,14,17,31,2,122,112,103,126,98,97,64,73,67,
84,77,160,165,181,164,150,216,147,158,166,169,234,145,151,188,200,176,135,35,61,77,41,107,104,67,92,87,90,111,38,50,63,16,78,28,86,163,226,229,235,179,218,201,196,193,202,210,241,161,184,191,141,147,212,157,109,104,105,126,
87,15,116,91,26,104,41,62,48,113,69,88,89,31,8,239,245,238,247,205,200,130,150,201,206,191,174,151,131,194,135,149,145,121,57,37,55,41,8,22,74,93,35,42,55,119,5,18,5,12,240,225,227,254,188,177,167,184,188,223,
210,160,246,133,242,148,212,219,150,109,39,123,110,77,90,95,24,83,44,57,54,54,113,41,0,3,31,87,171,166,255,240,131,206,205,224,176,177,188,181,252,159,223,216,200,196,213,116,99,116,125,86,94,84,81,107,110,107,12,11,
11,13,28,84,214,249,172,238,228,142,212,217,200,158,157,251,173,255,138,137,203,105,116,105,101,98,86,1,86,0,4,15,98,107,97,118,103,90,91,74,79,187,171,173,144,149,213,133,144,161,166,237,142,161,130,205,173,130,209,207,
78,42,104,107,81,78,82,39,106,43,36,49,23,65,27,88,85,239,224,246,182,232,251,199,194,201,209,227,179,189,130,136,141,194,98,106,103,110,112,97,2,113,70,31,26,91,61,51,114,119,74,88,8,232,225,230,134,168,172,160,
196,215,149,184,175,165,177,191,155,219,129,201,211,43,126,105,78,71,92,69,46,43,97,100,113,10,5,13,19,26,90,208,231,170,224,226,131,222,211,178,228,151,241,151,197,128,131,209,111,122,111,123,100,105,7,72,1,3,19,101,
104,109,76,85,88,79,173,180,185,181,189,151,154,159,158,143,242,227,226,230,237,243,194,207,208,49,53,57,49,16,20,24,1,115,118,114,98,99,102,91,67,66,70,74,83,165,169,165,140,149,136,141,188,236,233,169,141,198,181,154,
169,213,84,123,56,38,70,13,71,76,78,41,42,62,115,2,13,8,31,170,240,163,174,247,201,207,143,193,210,207,165,166,182,252,148,133,155,145,100,43,106,113,76,69,75,90,26,24,63,102,115,50,53,20,93,80,85,169,181,237,
245,196,203,137,204,163,177,185,171,166,207,157,221,223,223,106,101,122,123,104,73,90,87,21,104,101,37,49,1,7,6,78,220,243,182,244,238,183,202,223,198,152,227,236,163,249,180,143,197,147,142,99,111,120,125,11,92,29,23,31,
6,124,97,120,105,108,67,89,72,77,185,169,171,174,147,138,147,151,239,246,250,249,255,222,219,220,197,201,205,61,36,40,44,13,20,10,6,110,119,122,111,79,86,90,94,95,185,189,169,184,169,173,129,200,144,157,165,185,250,129,
150,189,201,160,119,44,58,82,46,91,88,66,93,86,42,127,54,49,60,19,94,12,87,162,227,228,251,131,213,206,219,177,186,162,240,160,185,143,157,144,215,158,110,120,121,127,86,14,100,75,106,103,46,33,0,65,68,89,88,31,
232,229,242,252,243,196,158,147,144,137,167,175,190,141,134,175,138,98,100,105,115,96,106,105,24,21,92,83,54,92,83,87,107,15,29,95,241,230,252,199,193,220,132,198,134,229,229,183,160,183,190,134,159,149,144,42,62,59,115,76,
68,74,44,100,23,56,109,47,20,77,23,26,11,174,205,186,236,190,203,217,155,214,179,166,162,146,151,192,151,198,61,37,60,33,36,53,31,2,4,22,15,114,111,119,110,83,86,80,185,189,164,189,161,147,133,155,137,153,136,255,
229,250,235,239,199,219,194,200,47,54,45,22,8,25,28,5,105,120,124,96,121,91,95,66,11,83,94,247,248,187,192,215,252,159,159,176,227,253,188,216,154,153,131,156,100,105,60,117,114,127,65,31,77,22,99,61,50,4,68,26,
9,245,240,251,227,177,225,203,204,222,211,148,172,188,185,184,190,151,208,163,116,45,40,105,79,65,0,5,24,111,106,58,58,51,52,79,1,22,12,12,230,236,180,214,150,132,149,167,176,167,174,165,143,133,128,218,223,218,99,124,
116,122,115,20,103,72,125,63,53,125,7,10,27,77,46,170,252,174,251,248,139,198,195,214,210,205,167,240,167,214,220,196,204,49,52,37,60,18,20,6,31,2,14,103,126,99,102,119,102,77,84,77,177,178,181,171,153,137,152,156,
245,234,251,255,230,250,210,216,223,198,202,38,56,41,44,21,8,8,12,112,105,120,124,82,27,67,78,22,232,171,208,231,204,184,239,192,147,141,157,249,170,169,147,140,135,153,44,101,98,111,96,15,93,6,19,82,85,52,116,42,
57,20,0,11,19,161,241,232,252,206,195,132,205,221,169,168,174,167,255,179,132,221,216,153,110,113,48,53,8,9,78,91,54,33,47,32,21,79,66,65,56,22,248,241,250,249,216,197,211,213,216,162,177,158,171,144,135,158,135,108,
105,34,47,118,121,72,58,61,49,89,63,49,121,56,15,1,112,119,231,232,238,167,131,248,236,230,193,252,168,228,133,237,147,192,152,149,202,74,104,99,36,108,73,94,86,37,62,99,109,24,9,24,17,26,25,92,208,229,233,241,
200,211,222,159,224,234,248,246,233,130,133,139,218,2,6,79,78,78,65,0,67,84,15,54,98,16,51,40,82,19,20,182,189,202,235,192,228,205,210,209,212,229,243,55,89,73,193,189,148,151,100,99,59,253,163,179,9,6,78,23,
22,6,56,105,27,28,71,14,73,216,251,208,170,219,205,142,133,130,163,175,156,136,129,136,149,134,33,37,119,96,119,126,70,95,85,80,106,111,123,51,12,4,10,236,164,215,248,173,239,212,141,215,218,203,157,141,250,172,254,139,
153,219,150,115,102,98,82,87,0,87,7,1,101,124,96,101,117,95,66,67,86,79,178,165,183,174,147,150,135,247,246,228,253,224,212,197,212,198,217,200,63,42,58,43,44,19,27,3,12,111,118,109,82,72,89,92,64,248,160,173,
245,250,185,241,198,237,153,225,167,252,234,130,222,148,136,114,109,102,107,62,70,65,76,67,29,60,103,114,51,52,58,83,5,30,11,246,245,242,128,208,201,206,173,160,231,174,190,187,137,143,134,222,165,138,58,55,126,113,71,17,
20,105,104,51,24,4,29,29,80,89,19,255,224,241,226,243,192,221,159,146,159,175,183,191,129,136,200,179,117,56,114,112,49,64,69,92,18,105,22,57,115,62,53,127,10,8,29,233,246,251,181,218,146,155,129,128,246,251,226,235,
225,246,222,194,207,215,206,38,41,48,19,22,4,5,114,105,120,124,99,74,91,94,67,90,186,191,162,187,170,175,132,197,149,224,160,167,253,190,145,178,206,93,114,33,63,79,43,88,91,65,94,85,88,122,59,52,1,22,81,11,
168,165,236,227,198,134,216,203,198,195,185,161,243,163,186,146,152,157,210,99,107,119,126,64,81,1,114,54,111,106,43,60,3,66,71,90,91,63,245,242,249,233,204,208,132,141,239,245,248,242,175,143,132,211,194,41,59,63,34,59,
86,81,76,5,13,108,7,54,40,15,1,0,16,229,187,185,162,209,198,199,195,209,214,175,187,233,190,169,142,150,141,148,110,107,33,100,11,6,77,75,55,32,46,33,37,127,69,94,63,22,21,230,240,209,248,192,211,195,253,134,
251,176,238,134,137,143,146,218,253,83,74,66,116,45,71,88,11,74,117,15,55,20,86,31,1,91,185,198,239,235,209,221,216,196,219,214,148,249,179,172,179,130,145,147,145,108,46,35,63,79,72,72,78,95,104,19,36,105,35,33,
81,19,22,15,161,201,182,232,130,207,196,159,170,183,170,166,161,155,196,139,194,205,33,32,36,43,49,16,7,8,18,115,118,114,115,82,85,90,67,183,186,160,167,161,180,156,128,133,149,140,241,227,246,239,210,212,215,206,51,54,
118,38,4,76,67,16,107,76,22,114,10,45,118,67,43,71,13,246,244,242,241,196,137,200,199,165,186,228,166,253,201,136,159,145,217,143,119,98,111,108,76,6,79,94,33,43,46,78,7,7,2,19,21,253,165,206,225,176,189,215,
216,222,151,234,254,247,185,150,137,136,116,109,103,98,56,61,35,36,69,84,74,37,124,33,59,55,22,95,75,81,183,174,171,208,199,201,192,220,237,175,184,191,182,173,135,157,152,210,215,8,30,18,121,76,85,28,31,104,62,126,
112,12,7,77,1,20,16,252,225,190,253,251,199,208,216,151,183,181,169,133,205,193,204,148,106,41,100,119,53,94,87,66,83,18,72,97,126,102,98,75,1,9,238,231,252,229,206,203,129,132,145,217,165,173,179,186,250,129,135,202,
128,130,35,126,115,82,4,119,0,55,101,32,35,113,60,26,15,27,4,9,167,232,166,170,169,143,129,139,236,253,240,224,208,213,209,193,192,54,59,115,59,54,126,64,19,104,79,100,96,7,40,75,85,53,64,242,241,251,228,255,
193,132,205,218,215,200,231,165,254,251,186,154,156,220,114,97,124,104,83,75,9,89,80,36,38,43,124,53,4,1,16,22,15,87,203,236,181,128,193,198,217,232,237,224,237,150,142,143,128,248,255,2,6,122,113,59,109,85,79,91,
37,48,113,43,83,73,65,11,247,232,233,250,251,249,197,135,154,151,215,191,183,185,176,192,187,141,192,122,120,41,107,77,84,10,113,30,49,107,38,61,119,50,0,21,17,14,243,172,226,170,147,137,152,142,243,234,243,249,254,214,
218,215,223,198,201,33,56,46,41,12,4,8,11,109,116,120,104,78,95,93,66,75,190,167,190,163,160,128,134,131,148,141,241,228,245,236,208,212,197,207,50,62,38,63,19,23,7,30,2,6,96,97,101,97,112,81,68,73,0,168,
165,254,241,130,249,222,245,224,152,191,228,226,138,209,131,128,138,149,127,114,55,126,73,68,72,22,52,111,106,43,13,3,75,29,22,252,249,226,250,184,232,208,215,213,216,239,166,181,176,129,135,158,215,92,115,34,47,118,70,72,
25,28,17,21,113,33,49,56,15,86,8,31,245,245,239,235,139,209,153,131,155,174,185,190,183,172,132,158,155,209,212,33,122,117,125,67,74,10,96,55,122,48,50,68,14,3,2,84,39,161,231,181,240,243,129,223,202,223,171,180,
168,247,152,208,217,195,53,56,61,60,45,47,1,0,4,1,17,99,100,107,114,84,83,87,78,178,177,167,190,149,158,128,137,131,229,244,232,249,232,237,197,218,204,201,46,55,42,46,15,22,26,113,104,121,124,104,120,88,93,65,
89,72,76,163,186,171,175,155,155,138,142,243,186,226,192,128,135,204,175,128,82,46,78,97,50,31,111,11,73,74,48,62,53,56,77,4,3,225,246,160,250,185,133,204,195,213,149,203,171,166,163,168,176,194,131,154,157,111,98,50,
67,75,70,79,81,49,97,18,37,124,121,11,28,18,83,86,186,187,252,250,215,192,217,174,178,224,229,254,174,135,132,151,144,66,107,115,96,99,93,119,30,27,90,45,35,86,105,109,97,5,231,165,251,236,230,242,207,218,154,192,
136,146,251,177,174,177,128,140,149,111,106,32,37,1,73,70,78,80,89,106,17,38,107,33,18,83,17,20,13,163,199,176,214,132,193,194,225,172,185,172,184,148,153,198,137,192,207,35,34,38,45,51,18,9,10,108,125,127,113,88,
92,69,92,65,177,166,184,165,186,171,158,130,155,138,142,229,244,237,208,220,196,204,49,53,37,60,32,23,6,31,3,15,103,126,98,103,38,118,84,28,19,160,219,252,198,130,250,221,134,243,155,247,189,166,164,130,129,148,217,152,
151,117,106,52,86,13,25,88,47,33,105,63,7,18,31,28,28,86,255,238,241,251,254,158,215,215,210,163,165,173,245,190,145,192,205,103,104,110,39,58,14,2,15,71,95,94,62,116,42,61,23,23,28,9,169,243,187,178,138,192,
223,192,209,179,162,160,189,255,242,208,152,151,159,97,121,57,66,85,24,82,67,98,32,37,60,114,56,71,25,83,30,226,176,253,232,253,201,199,202,149,186,243,252,242,211,215,220,194,50,54,61,35,42,32,0,9,13,20,13,112,
98,117,107,86,73,75,79,179,170,187,191,146,139,154,159,139,155,253,224,228,244,237,192,196,213,204,48,60,54,47,19,22,87,7,99,35,36,111,12,28,55,83,43,12,87,160,200,164,238,213,215,211,208,165,232,169,183,130,149,195,
153,218,40,105,126,112,56,110,84,65,76,79,47,118,46,63,0,10,15,81,224,232,229,236,242,220,132,239,192,145,237,180,187,189,244,201,223,214,153,103,114,109,122,77,81,3,6,106,3,34,57,50,61,37,20,20,15,4,194,210,
179,190,199,200,223,181,202,206,174,161,128,200,137,158,144,242,4,116,123,125,52,18,105,125,119,48,114,63,107,50,82,36,94,233,228,187,219,249,208,151,255,218,205,212,180,175,242,252,169,136,146,153,102,39,74,80,84,68,69,85,
80,104,111,125,103,112,87,23,24,30,87,136,157,196,197,245,203,154,182,169,250,187,228,158,132,167,197,140,146,59,40,87,126,122,110,86,89,90,47,111,105,130,228,252,76,35,230,240,249,249,240,185,76,50,34,152,151,200,136,129,
137,143,214,138,109,54,127,56,90,72,99,25,72,94,12,116,19,50,62,13,31,30,31,26,241,175,180,198,209,198,207,196,172,166,163,249,252,202,130,157,149,155,146,51,72,111,34,88,90,28,38,43,58,108,62,73,31,77,24,27,
170,231,226,247,243,236,192,159,192,135,240,244,229,217,200,217,222,48,41,56,60,39,57,27,30,6,26,11,127,98,123,109,103,79,65,75,172,181,185,185,141,148,153,153,157,240,253,226,228,238,167,198,211,147,148,223,92,108,71,3,
123,92,22,112,24,116,62,37,20,3,0,21,88,25,231,242,229,179,233,157,152,217,174,160,232,175,132,145,156,159,159,38,126,111,112,122,78,1,80,88,85,92,53,44,116,63,16,65,93,228,235,237,164,138,143,134,213,230,211,179,
187,238,255,189,170,154,155,136,105,107,119,53,8,5,69,66,33,39,38,110,13,34,86,20,14,87,29,255,230,184,195,140,210,153,212,175,229,160,189,131,143,152,157,218,124,61,55,63,46,44,28,5,9,9,108,117,105,105,77,86,
91,82,180,177,166,184,170,218,130,143,215,216,155,143,160,131,255,191,129,210,204,92,56,122,106,80,79,68,73,28,36,35,46,33,127,26,89,84,29,18,228,181,235,248,213,208,219,208,226,178,171,172,143,130,197,140,156,153,111,113,
96,48,67,84,28,25,88,47,33,115,118,75,74,46,11,229,230,254,227,231,170,156,158,132,136,141,253,152,176,179,220,213,212,206,50,55,38,67,66,95,22,30,31,26,35,37,58,60,53,31,18,68,78,173,198,251,242,206,196,203,
220,168,250,173,186,189,139,152,153,155,150,212,107,60,57,122,68,66,93,91,44,48,98,118,77,52,8,22,7,224,233,212,245,235,197,242,218,214,209,165,185,173,176,223,156,202,154,109,99,118,38,46,119,118,102,88,9,59,60,103,
46,105,43,27,48,74,251,237,174,165,226,195,207,252,168,161,168,181,166,240,197,151,128,151,158,102,127,117,112,10,15,27,83,44,36,42,35,68,55,24,77,15,244,173,247,250,235,189,237,154,204,158,171,168,251,182,147,134,130,114,
119,32,119,40,39,5,20,8,25,8,15,99,122,107,111,84,91,74,79,183,171,186,144,149,132,154,136,152,240,250,253,228,232,219,222,199,202,202,46,33,35,51,18,22,28,108,117,121,120,45,76,73,9,30,85,38,250,201,181,197,
234,137,134,230,130,176,179,174,137,138,143,194,147,109,104,127,57,99,48,14,87,88,94,30,33,50,47,42,17,9,92,244,229,234,224,245,139,202,194,223,214,171,186,250,137,174,247,211,146,149,155,42,47,53,12,95,124,73,57,49,
116,101,55,32,4,13,6,31,21,16,187,190,187,243,204,219,221,172,228,151,184,220,158,148,205,151,154,120,46,77,58,108,15,90,89,27,86,51,57,53,18,23,64,23,183,189,165,180,166,138,155,159,135,154,139,255,231,251,232,237,
207,206,196,44,53,57,42,13,20,24,25,29,127,125,98,99,103,108,67,66,71,78,83,165,169,173,140,149,153,141,188,236,233,169,190,198,181,154,169,213,84,123,56,38,70,34,71,76,78,41,42,47,115,2,13,8,31,170,240,163,
174,247,248,207,143,193,210,207,202,166,182,252,148,133,155,145,100,43,106,98,76,69,75,90,26,105,63,102,115,50,53,20,93,80,85,172,192,252,251,192,208,197,217,255,246,228,255,234,208,222,195,190,158,149,45,36,54,44,21,8,
116,92,57,120,120,114,48,9,31,0,22,238,229,232,174,164,183,243,213,212,208,162,180,186,182,220,131,156,144,97,114,99,97,124,15,81,6,19,80,41,36,51,61,50,22,93,80,83,210,230,240,234,202,195,238,207,176,175,143,186,
161,182,152,153,155,150,193,122,53,124,115,69,88,19,52,29,28,28,34,82,17,6,93,4,67,198,253,222,172,229,218,128,131,252,165,161,152,171,150,146,133,128,43,47,109,122,125,75,88,89,91,86,20,120,117,53,50,2,4,22,
94,221,242,183,228,222,135,205,192,193,232,147,252,162,248,181,159,213,144,141,96,127,104,109,10,93,28,10,111,118,122,125,127,89,93,66,88,73,189,169,185,168,175,144,154,137,140,238,254,249,243,218,222,199,222,54,57,32,33,37,
46,1,0,5,13,17,112,102,107,35,75,70,31,16,163,216,255,212,135,247,216,155,133,229,240,162,161,171,180,156,145,212,157,106,103,105,55,85,14,11,74,42,44,108,34,49,29,24,3,27,89,9,243,244,246,251,140,197,212,209,
160,166,191,200,187,156,197,208,145,103,105,56,61,48,49,84,67,84,93,54,62,52,49,75,78,97,137,240,233,255,251,186,222,204,216,193,145,254,252,226,243,254,146,148,154,147,111,47,109,85,74,75,88,89,42,39,101,120,95,80,
103,20,25,8,94,221,187,237,173,131,206,210,224,180,169,165,162,150,193,138,148,129,158,109,58,98,104,107,86,30,18,31,39,40,124,9,2,72,24,9,245,236,165,231,167,131,147,143,158,220,203,189,180,175,182,140,137,212,41,36,
100,99,66,68,69,13,110,65,119,53,47,118,60,49,1,87,36,83,245,184,245,206,132,193,220,160,172,187,190,249,174,219,223,196,218,195,56,63,46,35,51,18,8,4,108,117,120,125,28,76,73,9,30,166,213,250,201,181,197,219,
152,134,230,130,176,172,174,137,138,143,211,98,109,104,127,57,80,3,14,87,88,94,111,33,50,47,42,6,22,92,244,229,234,241,196,139,202,194,223,165,171,186,250,137,159,198,211,146,149,155,61,48,53,0,80,64,88,47,79,64,
68,107,15,12,78,0,23,252,232,246,227,179,233,134,148,148,166,177,183,190,149,140,134,131,42,47,42,98,125,117,74,67,19,104,79,109,47,37,124,6,11,11,93,222,169,255,173,203,200,138,199,194,166,162,189,160,255,160,201,193,
212,205,48,52,53,36,22,9,24,15,119,106,123,126,102,75,82,90,95,78,66,188,165,169,173,140,132,136,140,237,244,249,230,206,215,218,222,222,54,58,62,63,38,29,9,24,9,13,112,40,112,125,5,10,73,33,246,221,169,209,
215,140,154,242,142,196,184,162,189,182,187,206,150,145,156,115,45,108,55,2,67,68,74,99,53,46,59,38,37,2,80,0,25,30,253,240,183,254,206,203,217,223,182,238,149,186,202,199,142,129,151,33,36,57,61,56,104,89,80,87,
29,51,36,45,45,7,18,66,9,177,171,163,233,230,198,207,196,221,215,210,249,252,249,177,142,149,155,146,34,89,126,34,88,90,11,73,92,58,108,15,120,46,77,24,27,89,20,241,247,243,236,209,142,209,134,246,235,250,255,212,
196,213,199,216,201,60,36,57,40,45,21,26,3,11,110,127,98,115,82,86,90,67,181,185,189,188,165,168,149,157,132,137,141,254,231,235,239,206,215,202,198,47,54,58,63,89,1,12,84,91,105,18,37,14,122,2,6,93,75,35,
191,245,239,237,202,201,204,238,167,160,173,162,252,159,196,209,144,151,153,50,100,127,106,87,69,85,31,55,38,41,12,1,70,15,31,26,234,236,229,189,198,218,155,150,223,208,166,254,243,246,207,215,194,32,97,102,104,26,44,32,
36,88,83,25,60,51,33,61,59,22,95,13,77,175,175,250,213,202,203,216,217,170,167,229,248,245,181,129,145,151,150,222,76,99,38,100,94,7,90,47,54,104,19,124,19,73,4,31,85,227,254,243,255,232,237,155,204,141,135,239,
254,235,204,213,217,217,45,52,57,57,61,35,29,2,3,7,11,18,98,102,106,115,82,72,68,172,181,184,188,141,148,152,156,157,132,251,247,254,231,235,223,142,222,219,155,108,56,67,84,127,11,115,53,110,120,16,108,21,30,28,
27,24,29,161,240,255,250,237,139,206,149,224,161,166,185,193,151,140,153,132,116,100,46,102,119,120,67,86,25,88,80,58,59,61,20,76,55,9,168,165,236,227,245,143,130,135,155,150,191,167,182,185,251,173,149,143,143,101,112,32,
107,19,9,1,75,55,40,41,58,59,57,5,71,90,87,23,16,247,249,240,128,251,205,128,186,184,233,171,141,148,202,177,222,128,43,102,125,55,114,64,85,81,78,51,108,34,107,89,73,80,90,174,183,187,187,190,150,155,155,159,
129,140,252,229,233,237,204,213,200,204,45,52,57,38,14,23,26,30,30,118,122,126,127,102,106,73,88,73,77,176,232,176,189,197,202,137,225,182,157,233,145,166,204,218,178,206,132,120,98,125,118,123,14,86,81,92,51,109,63,119,
66,3,4,10,163,245,238,251,230,229,194,144,192,217,222,172,176,247,190,142,139,153,159,118,46,85,122,10,7,78,65,87,30,100,121,120,63,57,5,18,28,19,247,173,179,176,241,197,211,218,171,162,143,174,160,128,175,159,155,148,
152,126,98,119,52,1,64,84,90,72,79,67,86,10,1,75,29,18,255,235,245,224,176,234,131,153,145,219,180,184,185,170,139,137,132,215,42,39,103,96,112,73,64,16,107,76,112,42,40,121,59,14,4,90,33,174,240,170,246,205,
135,194,223,165,161,190,163,252,163,219,201,217,192,202,45,39,43,43,14,23,11,11,111,113,115,99,85,89,91,92,69,73,185,189,172,174,177,131,135,140,146,243,246,238,243,210,214,218,195,53,57,60,109,61,9,73,94,21,102,73,
9,117,5,42,73,87,38,66,240,243,249,201,202,207,130,211,220,168,191,249,163,240,253,151,152,158,222,112,114,111,106,81,73,11,52,37,42,32,53,122,10,2,31,22,24,250,186,201,238,183,130,210,213,219,234,239,226,201,196,156,
132,149,107,41,127,112,98,106,75,70,30,76,12,110,127,61,42,13,4,8,233,235,230,164,185,133,197,194,210,212,213,238,141,162,231,165,142,215,157,144,113,39,67,12,82,8,69,94,101,32,61,48,60,24,29,90,13,76,70,191,
174,172,179,146,150,137,236,245,248,248,205,211,209,193,192,196,61,34,35,39,46,50,10,0,23,14,114,110,112,81,84,93,64,176,180,184,161,160,164,154,211,155,150,222,160,243,136,175,132,192,167,136,43,53,85,49,82,81,91,68,
95,33,100,45,58,55,40,71,5,94,91,26,237,252,188,210,193,220,200,179,171,233,185,176,132,134,139,220,149,149,97,112,118,111,55,107,76,21,96,33,38,57,72,77,64,65,22,227,254,233,247,248,221,135,154,153,232,220,173,172,
180,133,160,137,142,105,65,124,127,67,82,67,65,92,31,107,42,61,51,81,86,125,113,21,230,164,235,252,214,194,204,217,234,176,248,226,250,176,158,129,144,131,146,127,122,48,53,0,72,86,94,32,41,105,18,22,91,17,19,82,
225,228,253,179,200,183,198,148,209,210,224,173,169,188,136,151,154,214,121,49,57,34,35,22,27,3,2,7,9,124,101,105,109,29,92,89,25,238,165,214,234,249,133,245,218,153,246,150,242,160,163,158,153,154,159,210,99,125,120,111,
9,83,0,30,39,40,46,110,17,2,31,26,1,25,172,228,245,250,240,197,155,218,210,175,166,187,170,202,185,158,199,35,98,101,107,58,63,5,25,20,89,82,53,117,43,60,22,2,31,10,170,240,184,160,234,201,205,192,159,224,
170,165,186,187,168,152,154,151,213,40,37,118,113,65,71,70,31,28,51,118,52,46,72,10,31,6,88,35,189,227,185,244,207,150,211,206,163,175,184,172,203,156,221,215,223,49,59,60,37,41,24,29,4,9,9,109,96,109,114,83,
87,91,83,178,182,186,163,149,152,148,156,133,136,253,253,228,232,236,205,199,203,199,46,55,42,47,94,14,11,75,43,104,19,36,15,123,50,5,94,72,32,175,229,238,236,203,200,220,145,160,175,170,189,204,158,197,208,145,103,105,
49,103,124,105,71,68,84,30,54,39,57,51,6,73,8,239,234,235,237,228,188,246,217,152,149,220,211,182,255,242,247,203,215,143,151,102,105,43,82,69,95,95,85,64,97,59,99,123,16,0,20,25,86,86,228,226,245,252,215,206,
196,174,236,225,236,188,138,138,140,157,213,166,122,47,109,103,62,68,88,73,31,28,107,42,64,13,6,76,25,245,232,228,227,230,177,213,132,142,150,135,228,251,234,238,214,203,205,48,48,36,58,39,9,24,28,0,25,123,127,99,
122,107,110,75,91,74,79,179,171,173,145,149,132,157,240,252,229,252,224,229,151,199,210,146,149,222,76,99,64,60,124,76,23,113,25,117,63,21,23,0,3,22,91,233,230,243,228,178,217,154,151,222,209,167,248,174,133,144,157,158,
111,37,125,108,115,74,79,0,81,89,84,44,50,35,115,0,23,81,92,229,234,236,180,137,140,133,202,212,178,173,171,188,160,242,198,221,164,152,134,96,112,121,100,69,91,85,2,42,38,33,53,9,29,0,91,86,238,225,247,157,
146,150,189,209,218,224,182,169,170,134,128,157,197,116,52,38,38,116,99,69,76,71,94,84,81,124,113,124,12,11,26,28,237,165,214,249,159,221,215,142,212,217,185,239,140,251,173,208,157,150,220,105,116,120,116,83,86,1,86,117,
117,102,127,99,87,71,94,67,69,87,161,165,169,225,137,132,221,210,225,154,189,133,193,185,158,197,195,90,54,124,103,101,114,94,83,22,95,40,52,43,117,23,76,73,27,236,226,170,252,247,211,222,221,221,151,184,177,182,180,185,
206,150,150,147,98,100,125,54,125,82,3,14,38,41,47,102,123,126,69,80,21,22,24,160,231,248,234,198,192,206,150,180,244,228,135,141,129,132,195,219,145,121,126,119,108,117,94,91,17,20,97,41,53,61,3,10,74,49,247,186,
240,242,179,206,195,194,148,231,144,167,245,176,179,193,140,138,159,107,116,121,55,88,17,19,3,10,127,96,97,101,109,112,64,69,77,81,183,174,182,175,147,145,134,142,242,243,231,246,228,196,221,193,194,212,60,33,32,53,44,16,
7,22,15,115,118,55,118,67,3,4,79,219,252,215,179,203,236,134,128,232,132,206,181,164,179,176,133,200,152,151,98,117,35,121,13,8,73,94,80,24,63,52,33,44,47,28,86,14,31,224,234,254,177,192,200,197,204,165,188,228,
143,160,192,205,148,155,157,212,58,63,51,62,86,78,94,81,99,53,42,23,23,13,24,88,2,187,163,216,251,255,242,158,158,220,203,172,180,175,182,140,137,195,41,36,100,99,115,117,69,13,110,65,4,53,47,118,60,49,16,87,
36,83,245,167,226,206,132,193,220,209,172,187,190,249,174,239,214,222,207,205,210,51,38,46,51,18,23,8,108,114,112,96,97,84,94,65,64,68,77,162,171,161,182,175,130,129,151,142,243,242,240,209,213,217,192,193,52,57,112,56,
53,78,65,18,105,78,101,112,8,47,116,82,58,65,243,240,250,229,207,194,135,206,217,212,184,230,164,255,250,187,157,147,219,141,102,108,105,82,74,8,88,32,39,37,40,127,54,5,0,17,23,14,167,204,227,178,191,198,214,216,
233,236,225,224,134,128,157,138,148,104,124,38,59,56,73,76,74,67,83,90,7,57,47,8,32,29,15,224,241,224,226,255,143,138,203,220,210,176,198,218,178,181,187,212,157,146,100,14,1,120,79,65,0,13,110,1,3,60,102,50,
95,62,70,56,74,18,248,175,215,205,221,146,243,174,177,160,171,155,206,200,189,145,143,127,103,118,55,90,111,68,84,85,37,32,120,127,77,87,64,103,231,232,238,167,152,156,244,245,229,219,138,166,185,234,171,212,174,148,183,53,
124,98,56,24,103,78,74,126,38,41,42,63,127,121,146,244,236,92,211,244,252,252,211,133,75,62,86,228,227,196,141,189,189,131,194,129,150,34,99,44,86,77,127,13,68,42,112,115,31,6,2,57,2,27,227,238,253,187,191,202,
197,218,219,200,169,186,183,245,200,197,133,145,97,103,102,46,124,83,22,84,78,23,42,63,38,120,3,76,3,89,20,239,165,243,238,195,207,216,221,235,188,243,252,255,230,221,194,216,201,204,32,57,32,42,13,20,11,10,110,126,
126,98,82,87,95,67,66,185,184,188,165,169,173,157,132,136,132,237,243,237,242,212,222,151,214,35,99,100,47,76,92,119,19,107,76,23,96,8,100,46,21,4,19,16,229,168,233,247,194,213,131,217,154,232,169,190,176,248,159,148,
129,140,143,111,54,110,127,64,74,79,17,32,40,37,44,5,28,68,47,0,81,173,244,251,253,180,137,159,150,197,150,163,163,171,222,207,141,154,106,107,120,121,123,118,5,24,21,85,82,49,55,54,126,61,18,70,4,254,167,237,
224,214,136,243,156,194,233,164,191,245,176,173,147,159,136,141,42,125,35,43,15,22,27,116,104,121,125,100,120,88,92,64,89,72,76,171,186,169,172,142,129,140,147,245,255,182,201,196,140,131,208,171,125,86,50,74,109,5,3,107,
7,77,54,37,50,49,4,73,8,232,229,250,164,230,140,137,200,223,209,153,188,183,162,175,172,140,215,143,158,97,107,121,14,71,71,66,83,36,61,101,14,33,112,78,23,24,30,87,187,190,183,219,198,193,221,181,168,188,241,224,
203,217,221,192,217,71,103,124,43,42,48,3,7,10,19,14,38,36,93,85,68,62,238,240,231,233,248,251,205,147,129,154,249,223,191,187,185,190,128,147,193,102,113,102,111,85,76,70,67,25,79,99,110,53,51,46,8,22,25,13,
87,170,182,207,208,193,201,222,149,173,187,162,166,165,133,129,158,146,149,120,125,42,97,63,70,86,88,61,109,66,2,59,51,5,92,7,235,184,249,166,220,247,229,135,206,208,138,238,153,184,132,183,132,148,101,96,123,37,57,64,
95,64,81,66,34,32,61,127,114,127,24,23,31,225,232,168,194,213,152,210,208,226,160,165,188,242,137,199,153,211,158,149,223,125,104,125,73,86,74,21,58,125,122,97,83,87,88,66,67,70,186,163,170,160,183,129,133,140,144,246,
241,245,236,209,220,197,220,50,63,38,63,35,22,86,6,19,83,84,112,11,44,7,67,59,13,86,176,216,180,237,214,212,195,192,213,233,168,167,178,165,243,134,221,216,153,110,113,57,111,68,81,92,76,44,102,62,47,48,11,14,
65,16,24,226,243,245,236,180,255,193,144,157,164,171,173,247,202,207,198,149,87,98,115,123,46,63,74,69,90,91,72,41,58,55,117,72,69,22,17,225,231,230,174,252,211,150,212,206,151,170,191,166,248,131,221,131,217,148,111,37,
115,110,67,79,88,93,107,60,124,120,127,81,91,92,69,74,76,189,166,171,177,151,144,150,143,242,255,230,238,211,222,199,222,194,57,113,57,52,124,115,17,106,77,102,98,9,46,117,83,59,87,12,247,245,226,225,244,134,207,216,
213,202,229,167,252,249,184,143,146,218,140,103,114,127,109,77,7,95,78,38,36,41,126,55,55,3,18,20,13,85,222,226,179,190,199,200,223,150,235,238,231,139,129,142,141,133,152,140,48,40,44,53,80,91,88,7,15,110,11,58,
39,94,94,82,67,214,231,249,254,240,192,195,214,136,137,145,145,183,182,178,128,135,152,148,62,97,126,78,71,92,69,95,90,97,55,120,117,62,56,6,17,31,16,244,191,178,177,240,215,206,161,182,133,173,168,149,132,128,158,200,
131,46,119,120,126,99,11,61,100,101,21,43,122,22,9,90,27,68,207,228,199,165,236,242,155,136,247,222,218,128,162,175,171,140,137,212,40,98,125,98,115,81,64,66,95,29,16,110,62,57,57,63,31,87,36,11,190,252,225,128,
194,199,222,144,154,229,187,241,188,132,206,155,134,155,151,97,100,51,100,21,18,16,113,117,122,96,80,84,91,65,64,69,178,162,163,164,171,178,128,133,151,135,240,244,237,209,214,196,221,49,52,37,52,38,57,27,31,6,75,19,
111,55,56,123,0,23,35,95,223,240,163,189,252,152,218,217,195,175,164,169,252,181,178,142,129,223,141,214,35,125,114,68,4,90,88,53,48,59,35,113,18,11,12,30,19,84,236,252,249,248,254,192,144,227,180,237,232,184,143,129,
192,197,216,42,108,123,124,117,95,70,92,89,19,22,94,81,40,1,23,3,83,246,228,224,249,138,150,132,154,155,150,187,172,178,187,183,247,146,141,146,99,112,112,114,79,13,0,39,75,79,44,33,32,118,52,67,5,69,91,249,
250,184,236,193,205,203,206,233,162,172,185,133,133,194,154,128,114,110,38,58,55,127,95,20,81,90,96,48,32,45,4,77,31,76,171,187,183,166,244,210,197,204,199,222,212,190,252,241,252,140,154,154,156,109,37,86,106,31,93,87,
14,84,40,57,111,12,123,26,80,29,22,92,233,229,248,244,211,214,129,197,243,247,252,226,218,208,199,214,203,219,61,32,44,52,45,16,4,68,20,97,33,53,126,61,18,49,77,220,243,160,190,206,170,223,196,198,209,210,182,251,
186,181,128,151,210,136,43,38,111,96,71,7,89,74,71,61,62,62,116,44,61,19,25,28,83,226,234,244,253,195,210,130,224,183,238,235,170,189,140,197,216,221,216,136,121,112,119,23,40,63,51,87,36,102,56,62,20,0,14,27,
91,254,190,188,188,254,216,223,214,205,212,174,184,242,247,194,138,133,156,98,107,43,80,80,21,87,77,20,94,34,35,117,6,113,23,86,19,16,162,239,235,254,202,213,216,135,191,241,249,252,229,233,219,221,196,201,201,62,39,43,
42,14,23,10,14,111,118,122,118,72,81,89,92,77,176,161,160,164,168,177,131,135,139,146,243,246,227,243,210,215,219,44,53,57,61,60,37,24,20,29,4,8,13,47,127,122,58,13,87,36,11,216,164,212,212,143,153,241,141,199,
189,191,184,187,190,192,145,158,155,140,42,97,50,63,70,73,79,96,54,45,56,37,23,7,77,5,20,27,226,247,184,249,241,204,212,218,203,235,152,168,201,196,141,130,148,44,33,36,56,53,109,70,87,88,26,76,50,32,40,58,
23,79,10,178,168,160,234,229,203,202,217,216,218,164,230,251,246,182,177,144,150,151,223,92,115,33,91,89,8,74,46,55,105,18,125,35,74,7,28,86,19,14,242,254,233,236,139,195,133,245,232,249,253,215,201,216,221,197,217,59,
63,38,58,43,30,2,27,10,14,122,116,101,85,72,81,85,173,180,184,188,189,151,155,159,158,135,138,247,255,230,235,239,207,201,205,49,40,57,44,24,9,24,28,1,59,99,110,54,57,122,48,7,44,88,32,224,179,173,253,153,
219,201,179,172,167,170,255,133,130,143,128,222,125,38,51,114,117,123,20,74,89,52,49,58,51,65,17,8,15,238,227,164,237,253,248,200,206,199,159,228,203,253,248,185,142,128,208,213,40,41,57,36,2,67,68,74,56,63,66,70,
58,49,123,2,21,15,27,229,240,177,235,147,137,129,203,183,168,169,186,187,136,133,199,218,215,151,127,119,121,112,0,123,77,0,58,56,105,56,13,20,74,49,94,241,171,230,253,183,242,192,213,209,206,179,253,162,229,213,201,216,
206,54,42,59,63,38,11,26,30,2,27,125,97,109,116,106,87,89,72,76,176,169,184,175,147,138,155,158,251,235,250,255,227,251,221,193,197,212,205,49,44,53,44,16,21,71,23,98,34,37,110,60,19,48,76,44,3,167,161,201,
165,239,197,199,208,211,166,235,185,182,131,148,194,152,42,39,110,97,119,8,94,85,64,77,78,63,117,45,60,3,9,31,80,225,233,228,252,194,211,131,240,199,225,236,181,186,188,245,217,220,208,221,117,126,127,112,2,84,75,72,
48,34,63,103,37,90,64,88,18,13,227,242,225,240,242,207,158,147,158,174,169,169,190,143,199,180,155,57,115,113,48,114,119,95,17,106,21,75,97,63,52,126,11,22,26,22,241,244,163,244,156,156,128,129,132,140,225,224,228,237,
241,195,199,203,210,51,55,34,51,21,16,7,30,117,121,96,97,101,88,65,64,69,65,81,163,166,170,178,147,151,138,147,242,246,242,204,213,217,220,141,221,41,105,126,53,70,105,105,21,101,74,105,102,6,98,16,19,25,233,234,
239,162,243,252,200,223,153,195,144,238,183,184,190,254,144,146,143,138,113,105,43,84,69,74,64,85,107,42,34,63,54,56,26,90,41,14,87,162,242,245,251,138,143,149,236,163,173,184,183,128,135,155,217,220,215,93,98,115,123,108,
103,95,73,80,52,4,51,15,8,12,3,7,235,160,173,244,251,206,164,187,191,179,215,181,247,169,190,148,128,153,116,44,126,62,13,13,79,88,95,86,62,39,61,56,114,119,83,27,20,28,226,244,188,255,208,149,215,188,229,175,
162,163,245,181,194,132,214,147,97,51,126,107,126,74,74,79,104,63,113,121,77,92,94,65,64,183,188,162,163,167,172,131,138,128,151,134,250,244,237,208,211,196,196,52,41,48,52,61,23,27,31,30,7,11,126,127,102,107,103,88,
73,76,176,168,185,172,144,137,152,156,136,234,251,255,226,171,194,207,151,152,219,160,96,67,63,127,80,3,12,28,120,58,57,16,15,4,9,92,21,227,238,225,191,237,182,148,221,210,164,228,171,184,149,144,155,131,34,114,107,108,
126,115,5,76,92,89,88,49,32,112,3,20,77,89,24,239,225,160,165,139,143,138,218,218,162,165,239,161,182,172,131,145,140,212,118,54,53,53,71,80,71,93,54,47,37,32,122,78,75,3,28,20,26,252,180,199,232,157,206,196,
157,167,170,187,254,189,202,156,206,155,105,43,102,99,118,69,66,71,16,71,121,96,117,100,86,73,88,79,180,170,187,191,149,139,146,152,159,142,245,252,229,232,235,204,204,204,209,56,60,54,47,19,23,6,31,114,118,103,126,99,
111,64,65,68,72,80,160,164,168,177,144,148,131,146,243,247,250,179,202,199,143,128,211,87,120,75,55,71,104,26,4,100,0,50,49,40,55,12,1,68,28,235,230,249,167,229,129,140,213,218,220,156,163,176,173,168,147,152,218,138,
99,100,102,122,13,68,68,65,80,41,56,120,11,44,68,81,16,23,25,168,190,179,178,146,143,138,218,173,163,193,198,237,225,133,150,212,138,108,102,114,124,105,9,64,8,18,106,32,46,49,0,19,2,0,234,160,165,176,248,247,
206,208,217,153,226,166,235,161,163,194,128,148,141,35,88,39,121,4,65,66,16,93,57,44,56,39,42,117,9,65,73,82,179,183,171,179,146,151,153,236,245,249,253,173,253,201,137,158,213,166,137,73,53,69,106,9,6,102,2,48,
51,57,9,10,15,66,19,28,232,255,185,227,176,142,215,216,222,158,176,178,175,170,145,137,203,116,101,106,96,117,11,74,66,95,86,88,58,122,9,46,119,66,18,21,27,170,175,181,137,132,201,194,212,229,187,172,166,178,188,154,
218,128,200,208,90,121,125,112,15,15,90,53,42,43,56,57,10,7,69,88,85,230,225,241,247,246,190,236,195,134,196,190,231,186,143,150,200,179,45,115,41,100,127,53,67,94,83,95,72,77,123,44,108,104,79,65,75,172,181,186,
188,141,147,156,129,128,133,243,226,227,230,227,195,194,198,202,130,42,56,120,79,4,119,88,26,102,22,57,122,87,55,83,1,2,8,230,253,240,181,252,203,217,206,232,178,225,253,132,139,141,205,131,99,126,123,96,120,58,91,82,
85,87,90,122,59,51,14,7,9,9,169,218,253,164,177,195,196,202,155,158,226,230,243,163,179,186,154,216,142,97,115,123,120,85,13,95,31,108,15,36,40,61,122,67,9,6,25,24,11,253,247,242,136,141,153,209,174,166,168,161,
194,185,158,211,137,139,43,105,124,101,59,111,24,78,28,41,42,121,52,17,4,0,31,241,174,241,185,165,139,146,152,159,134,137,224,248,238,233,204,213,201,196,45,52,57,39,14,23,27,31,79,110,107,43,60,119,4,4,47,91,
35,244,190,168,192,156,214,221,204,171,168,173,224,177,143,138,157,219,129,37,48,113,118,120,0,71,92,73,52,55,39,126,22,7,8,2,230,169,232,224,253,244,205,196,156,231,200,233,245,188,179,133,204,210,215,46,97,111,122,68,
66,69,89,27,30,98,3,36,61,61,3,56,24,5,192,232,247,241,139,134,207,192,167,205,194,198,218,129,138,208,134,153,139,118,112,109,53,87,23,22,22,36,51,36,60,23,14,4,1,91,161,172,252,251,251,253,221,149,230,201,
252,173,167,254,132,137,152,223,92,43,125,47,122,70,12,89,68,89,36,35,38,113,38,86,65,86,71,181,170,187,173,147,139,157,154,232,249,252,233,248,233,221,200,217,200,204,48,107,51,62,70,73,27,96,55,28,104,16,16,67,
93,45,73,11,249,227,252,247,250,156,213,210,223,176,238,173,246,195,130,133,139,36,122,105,100,97,91,67,17,65,88,95,62,51,116,61,13,8,24,30,247,175,212,212,141,136,201,222,208,224,229,248,252,249,169,154,147,148,222,112,
118,108,108,70,83,3,54,118,100,100,54,33,7,14,5,28,22,224,186,191,186,242,205,212,218,211,227,152,191,221,159,149,204,150,106,123,45,78,57,111,14,91,88,26,87,50,54,50,45,16,79,7,183,179,164,181,167,137,152,159,
129,153,143,251,254,231,234,231,223,198,203,198,47,54,45,17,89,1,12,84,42,105,18,37,14,73,49,6,93,75,35,174,228,239,237,202,201,219,238,167,160,173,147,205,159,196,209,144,100,106,50,100,127,106,70,69,85,31,55,57,
62,12,1,70,15,238,235,234,236,229,189,245,218,155,150,223,161,183,254,243,246,207,159,153,116,99,109,98,87,13,0,3,98,54,47,47,32,27,59,23,50,26,22,16,170,184,249,206,192,162,180,200,204,160,171,241,148,139,153,149,
147,142,39,101,37,55,55,82,77,82,35,48,33,50,15,77,64,77,29,233,233,239,254,182,244,219,142,204,198,159,178,183,174,192,187,196,139,33,108,103,45,75,86,75,71,64,69,99,52,106,98,119,102,67,84,77,176,189,181,172,
145,156,133,156,243,247,183,231,242,178,132,207,172,131,160,51,75,108,55,17,121,4,78,53,55,32,35,5,72,9,6,19,245,163,249,186,183,254,222,208,152,206,165,176,172,175,143,197,157,159,96,106,111,32,113,72,69,76,82,67,
19,15,32,113,124,5,27,29,84,169,172,160,190,214,206,207,192,146,181,170,184,160,178,152,216,130,202,208,40,115,108,115,66,81,64,81,44,110,99,110,15,8,8,14,31,87,211,228,169,227,225,128,211,214,207,225,154,246,168,194,
143,132,206,106,119,106,102,97,100,4,75,13,13,16,104,98,117,108,81,92,86,79,178,191,166,191,146,150,214,134,147,172,163,240,139,172,135,210,170,141,214,48,88,39,109,86,84,67,81,36,105,40,39,50,26,68,6,93,88,25,
255,241,185,239,196,194,207,204,172,230,190,190,129,139,142,193,144,103,98,115,117,108,5,110,65,16,29,36,56,62,119,74,79,70,24,230,243,236,234,202,222,132,153,154,235,189,180,180,171,144,128,142,187,147,111,105,50,63,70,73,
79,37,77,65,69,57,50,120,31,16,2,30,24,230,190,236,172,142,142,221,202,173,164,191,166,139,134,196,217,212,101,98,114,116,117,61,109,66,7,69,63,102,61,48,17,71,52,172,242,168,229,254,180,192,221,208,220,203,206,250,
173,236,235,206,198,203,198,47,54,59,25,8,25,29,1,73,96,109,53,58,121,49,6,45,89,33,246,188,170,194,158,212,223,178,173,166,171,254,134,129,140,131,221,143,39,50,115,116,122,2,69,94,75,54,53,50,64,16,9,14,
28,224,167,238,254,251,250,207,198,158,229,202,250,247,190,177,135,206,212,41,45,40,120,120,64,71,13,67,84,61,61,55,34,114,40,65,91,83,25,246,233,255,212,205,199,194,233,236,233,161,190,182,139,130,210,169,142,195,104,106,
59,121,76,74,28,31,104,62,108,8,11,73,4,1,20,227,252,225,190,225,153,134,155,138,143,250,244,237,208,221,196,221,48,52,116,36,49,66,69,14,109,66,97,108,12,35,112,110,62,69,15,244,246,225,243,198,139,202,197,208,
180,226,184,251,246,191,129,151,215,137,154,96,109,110,78,4,92,92,35,41,44,99,50,9,4,13,19,2,163,208,231,190,187,250,218,220,149,232,237,228,186,132,145,142,136,108,112,34,39,60,69,91,74,82,69,118,94,44,25,49,
13,11,80,93,228,235,237,135,171,175,163,199,212,150,185,174,164,176,190,132,220,142,206,44,44,127,104,79,70,93,68,45,40,98,103,114,11,4,12,18,27,91,207,224,165,231,221,132,223,210,179,229,150,242,148,198,131,128,210,110,
123,110,122,101,104,24,79,15,15,108,100,104,109,77,84,89,76,174,183,187,191,239,142,139,203,220,151,147,164,143,251,131,148,222,200,160,60,118,125,108,75,72,77,0,32,47,42,61,123,33,69,80,17,22,24,160,231,252,233,212,
215,212,158,182,167,168,162,134,201,136,128,157,148,109,100,60,71,104,24,21,92,83,37,108,114,119,75,70,11,0,231,167,249,238,228,207,201,196,156,206,142,255,156,183,187,142,201,210,152,119,104,105,107,74,72,69,7,26,104,32,
63,55,57,48,81,42,13,64,250,235,186,248,205,212,138,224,239,177,235,166,189,200,133,128,149,145,127,98,61,98,37,21,26,11,14,118,106,123,110,87,75,90,94,181,164,189,161,173,180,155,134,153,136,140,240,250,235,239,211,202,
202,207,59,43,58,63,20,4,29,1,5,20,124,96,108,117,108,67,70,7,87,162,226,244,191,252,211,240,140,155,188,231,225,137,212,158,133,135,144,147,117,56,121,118,67,84,19,73,106,103,46,14,0,72,30,21,0,252,255,255,
181,237,252,208,218,223,144,161,184,181,188,130,147,195,95,112,33,44,117,122,77,4,25,28,16,110,38,62,63,48,66,5,26,8,240,226,255,136,210,154,130,249,171,175,162,253,253,191,155,156,149,142,151,109,121,51,54,3,75,83,
35,37,36,108,15,17,84,22,12,85,31,225,224,182,197,178,197,151,210,209,227,174,172,129,141,154,159,216,126,49,57,61,36,26,26,30,7,11,10,127,102,106,110,79,86,77,185,168,190,187,141,148,152,156,157,132,251,255,254,231,
234,230,223,198,203,207,47,41,45,17,8,25,29,120,105,120,124,97,40,67,78,22,25,90,208,231,204,184,192,215,147,141,157,249,187,184,147,140,135,138,223,101,98,111,96,62,108,6,19,82,85,91,99,42,57,20,17,26,19,161,
241,232,239,253,195,132,205,221,216,217,174,167,255,132,171,221,216,153,110,96,33,53,8,9,78,72,69,33,47,32,36,126,66,65,32,7,30,30,230,204,244,210,203,223,254,174,170,165,169,141,145,132,199,210,147,101,107,25,30,18,
122,90,92,28,37,42,61,87,104,0,7,9,171,166,213,201,219,228,159,203,135,230,142,159,229,181,176,215,175,148,132,59,75,102,121,75,64,83,6,16,20,59,42,50,37,123,49,4,8,16,233,225,253,188,131,137,155,151,200,163,
164,170,251,237,225,176,169,161,151,33,98,117,46,87,1,115,80,11,113,48,53,87,92,43,10,22,203,234,237,246,251,132,146,86,56,40,224,151,184,169,149,137,140,222,67,126,111,46,193,167,191,13,26,61,19,10,2,52,109,22,
24,75,10,181,207,247,212,150,223,193,155,249,134,175,171,128,187,133,148,145,138,212,57,115,108,115,66,81,83,81,44,110,99,110,15,8,8,14,31,168,211,228,169,227,225,145,211,214,207,225,154,246,168,194,143,132,223,106,119,106,
102,97,91,4,75,2,13,16,96,103,105,113,80,70,75,82,186,181,166,174,146,149,135,158,131,253,224,225,229,232,193,199,194,213,203,57,107,51,62,70,73,10,96,55,28,104,16,16,67,93,45,73,11,249,227,252,247,250,143,213,
210,223,176,238,173,246,195,130,133,139,36,122,105,100,97,106,67,17,65,88,95,62,51,116,61,13,8,24,30,247,175,212,251,141,136,201,222,208,224,229,248,249,162,137,151,142,142,195,42,96,110,113,64,83,66,47,42,96,101,112,
56,6,14,16,25,89,34,230,171,225,227,130,209,212,205,227,152,231,150,196,129,130,208,157,121,108,120,103,106,6,73,14,9,18,115,102,105,115,82,87,94,172,181,185,188,188,150,155,129,135,130,149,248,234,171,243,254,134,152,219,
160,119,92,63,127,80,3,29,109,120,58,57,35,60,55,9,92,21,18,31,225,191,237,182,131,194,210,164,228,186,169,164,144,155,131,209,129,107,108,126,115,52,125,92,89,88,94,55,111,3,20,77,72,9,239,225,160,165,184,185,
238,203,212,215,207,210,167,234,235,241,211,200,205,44,73,97,98,28,21,7,29,1,4,102,3,51,46,103,94,95,37,20,10,237,252,245,206,195,149,159,237,134,168,161,189,132,139,141,153,203,156,122,125,116,111,118,76,86,20,58,
109,104,58,4,17,14,8,31,240,162,167,188,212,251,219,199,219,222,254,172,189,143,144,141,134,190,110,106,101,105,126,81,68,19,72,22,46,33,55,42,114,85,43,34,42,236,181,254,240,147,210,157,231,175,140,254,183,185,227,209,
174,151,147,168,147,125,124,121,82,12,17,91,52,43,42,57,11,9,4,70,91,86,231,224,240,246,247,144,235,204,129,187,185,249,187,142,151,201,178,46,112,42,103,124,7,66,95,82,94,73,35,124,35,106,85,72,72,79,177,169,
184,174,147,138,146,157,158,246,250,253,255,230,235,197,216,201,205,48,57,47,37,13,20,24,9,110,119,123,122,47,78,75,11,28,87,211,228,207,187,195,212,158,136,224,252,182,189,172,139,136,141,192,96,111,106,125,59,97,5,16,
81,86,88,96,39,60,41,20,23,20,94,246,231,232,226,198,137,200,192,221,212,173,164,252,135,168,216,213,156,147,101,44,50,55,14,93,126,75,59,51,118,103,53,29,2,19,0,17,19,255,189,176,189,205,202,217,223,174,230,149,
171,222,156,150,207,149,103,126,48,75,52,106,17,92,87,29,40,38,59,55,16,21,66,4,187,180,167,190,162,154,128,129,132,141,225,224,228,233,241,210,196,214,200,58,42,59,46,20,11,26,30,112,100,117,103,120,105,92,71,89,
72,77,180,186,171,175,147,138,138,142,243,186,226,239,128,135,204,175,128,163,46,78,97,50,44,111,11,73,74,48,47,53,56,77,4,3,14,246,160,250,185,180,204,195,213,149,203,216,166,163,168,176,194,146,154,157,111,98,37,67,
75,70,79,81,64,97,18,37,124,121,56,28,18,83,86,171,187,223,250,197,198,222,172,176,245,252,254,230,220,193,188,156,151,51,34,56,42,43,14,122,90,71,126,118,103,50,11,29,2,20,236,231,234,172,166,181,237,211,218,214,
220,163,180,176,226,133,146,146,99,112,97,99,126,13,83,4,17,82,92,58,53,51,52,40,91,94,85,61,226,243,232,204,193,233,212,213,150,185,164,191,145,159,156,147,130,147,145,125,42,97,63,70,73,88,61,109,66,19,59,51,
5,92,7,24,184,249,166,220,247,212,135,206,208,138,249,153,184,132,166,157,152,117,106,103,37,57,115,95,64,81,66,83,32,61,127,114,127,15,23,31,225,232,168,211,213,152,210,208,145,160,165,188,242,137,246,153,211,158,149,223,
106,104,125,73,86,91,21,58,115,124,97,96,87,88,66,67,71,72,163,162,167,163,179,133,138,141,236,247,250,241,215,211,197,212,198,42,59,63,36,58,26,30,5,27,10,15,108,116,109,80,85,68,78,179,169,191,184,142,151,152,
158,158,135,251,254,174,254,251,187,155,216,163,116,95,58,66,85,14,24,112,127,53,62,60,59,56,12,65,16,31,26,226,188,238,181,128,193,215,217,225,183,172,185,151,148,132,206,134,102,105,99,118,57,120,95,90,91,93,52,108,
6,41,72,69,12,16,230,175,162,167,190,193,222,193,208,195,210,191,186,240,245,234,252,141,156,114,110,39,105,67,79,94,6,2,105,127,102,115,39,15,17,24,20,84,230,224,247,254,213,204,198,208,234,239,192,199,234,129,132,157,
211,168,32,102,38,56,117,78,21,73,92,40,55,41,118,5,3,30,9,224,175,255,253,230,242,133,153,148,220,211,241,188,191,253,149,156,138,155,42,112,56,39,30,26,3,73,70,38,47,36,61,55,50,89,92,89,17,238,230,251,
242,130,249,222,130,184,186,235,169,188,154,204,175,216,142,220,120,123,57,116,81,87,83,76,49,110,49,110,82,81,71,86,68,164,181,168,184,169,157,137,153,136,141,240,171,243,254,134,137,202,160,119,92,40,80,80,3,29,109,9,
75,57,35,60,55,58,79,21,18,31,240,174,237,182,131,194,197,203,228,186,169,164,161,170,131,209,129,152,159,126,115,52,125,77,72,88,94,55,111,20,59,77,72,9,30,16,160,165,184,181,237,245,215,216,176,183,203,207,178,185,
195,149,138,119,99,109,120,56,98,27,1,25,83,76,83,49,34,51,49,12,95,82,95,239,232,232,193,200,136,243,196,137,178,176,241,179,182,156,210,169,214,136,34,126,117,63,74,87,74,41,54,59,100,43,92,92,65,64,68,76,
162,163,167,168,178,147,135,142,147,242,246,236,204,221,221,192,201,60,37,60,32,36,53,31,3,7,22,15,99,111,119,110,83,87,80,177,181,185,160,161,148,144,129,128,132,250,179,251,246,190,177,211,168,143,164,32,88,104,11,21,
117,17,50,49,59,36,63,50,68,13,26,23,8,86,229,190,187,250,205,220,156,178,161,188,185,147,139,201,153,144,151,102,107,60,117,117,65,80,86,79,23,28,44,117,64,1,6,8,168,173,160,164,177,210,194,203,220,150,200,174,
164,164,190,171,203,142,206,44,44,110,104,79,70,93,68,94,40,98,103,114,58,53,12,18,27,91,32,224,165,231,221,132,206,210,179,229,150,225,167,198,131,128,210,159,123,110,122,101,104,55,79,1,9,108,117,121,104,77,84,88,
95,174,183,186,187,190,167,154,159,159,142,142,147,237,225,240,209,213,200,209,48,52,56,33,19,22,18,2,3,6,123,99,98,102,106,92,69,73,69,172,181,168,173,220,140,137,201,173,230,149,186,137,196,180,155,216,198,166,45,103,
108,110,73,74,94,19,34,45,40,44,74,16,67,78,23,233,239,175,225,242,239,197,198,214,156,180,180,187,177,132,203,138,145,108,101,107,122,58,120,95,6,19,82,34,52,125,112,117,76,69,80,93,228,235,237,148,171,175,163,199,
165,231,185,174,164,176,137,132,220,142,206,44,61,127,104,79,70,78,87,45,40,98,103,67,11,4,12,18,27,172,207,224,165,231,204,149,223,210,179,229,133,242,148,198,131,128,35,110,123,110,122,90,95,24,79,0,15,125,100,104,
111,77,84,74,75,174,183,187,175,143,145,156,131,130,249,253,252,229,233,237,221,196,201,197,45,39,42,46,14,23,27,14,111,118,122,118,127,89,93,64,9,81,173,245,250,185,194,213,237,153,225,182,237,251,130,222,148,159,157,109,
102,107,62,119,112,76,67,29,79,20,97,51,52,58,66,20,30,11,246,245,229,175,208,201,206,220,209,150,174,190,187,186,188,134,222,165,138,43,38,126,113,71,14,3,6,109,104,56,56,49,7,77,3,20,14,14,247,226,178,232,
144,138,147,217,182,169,168,148,141,135,130,216,221,41,97,126,118,120,113,18,105,78,3,57,42,123,57,12,21,75,223,168,254,172,249,250,137,196,193,212,208,188,161,254,161,230,209,219,202,206,49,43,58,16,17,4,29,1,117,101,
123,102,121,104,95,67,90,75,79,179,187,170,175,155,139,141,240,244,228,253,225,212,197,220,192,204,213,63,35,38,103,55,19,83,84,31,28,51,7,67,59,28,71,65,216,180,254,229,231,195,192,213,152,217,214,178,165,243,169,202,
199,153,110,96,40,126,68,81,92,95,95,21,62,47,48,58,63,112,16,24,21,28,226,236,180,255,208,129,140,164,171,173,228,249,252,198,137,151,130,157,106,125,97,51,54,13,122,93,52,48,36,41,32,29,12,62,1,239,228,205,
253,249,246,203,220,192,213,150,227,189,178,132,238,225,244,8,108,111,45,99,71,93,73,87,66,18,57,97,123,115,57,1,22,31,244,237,231,243,137,140,137,193,222,165,171,162,242,137,159,210,136,138,219,153,123,106,60,127,8,94,
29,40,43,105,36,18,7,3,28,1,94,240,183,160,187,170,174,134,148,141,240,241,245,236,208,213,197,219,58,42,59,63,37,58,26,30,7,27,2,103,120,105,109,86,72,72,77,180,169,184,188,147,138,155,159,130,186,226,239,183,
184,251,175,128,163,223,95,112,50,44,124,24,90,74,48,47,36,41,124,4,3,14,1,95,13,185,180,253,242,196,149,203,216,181,176,187,176,194,146,139,140,158,98,37,108,124,121,79,81,64,16,99,52,124,121,56,15,1,64,86,
171,175,170,250,203,194,197,143,193,214,187,163,177,172,244,150,199,213,213,103,112,116,125,86,79,69,64,107,110,107,35,60,52,13,28,84,39,8,172,238,228,189,199,202,200,158,157,234,188,238,138,137,203,134,131,105,101,98,103,48,
103,9,6,21,12,112,119,118,111,82,83,70,78,178,183,167,185,171,132,157,129,131,148,141,224,225,245,228,214,218,203,207,52,42,59,47,22,11,26,30,2,100,125,97,100,37,68,81,17,22,93,222,226,193,189,253,210,129,142,158,
250,184,187,150,129,130,151,218,155,101,112,103,49,107,8,22,95,80,38,102,41,58,23,18,25,1,164,252,237,242,248,253,131,210,218,215,222,179,162,242,129,150,207,219,154,109,99,34,39,13,4,75,85,64,46,40,63,35,113,116,
92,52,27,10,246,234,254,222,219,194,248,176,173,166,136,165,166,136,153,152,154,151,212,50,115,116,122,40,62,50,54,42,33,107,18,5,31,11,21,0,161,251,163,185,177,200,199,216,217,202,171,184,181,247,202,199,135,111,103,105,
96,48,122,93,16,74,72,25,40,61,36,122,1,78,1,91,22,237,167,245,208,197,193,222,195,237,178,244,228,249,224,217,222,199,203,200,63,38,42,41,15,30,11,108,125,113,96,97,85,94,65,72,64,166,183,171,186,171,175,130,
155,138,142,242,235,237,208,220,196,221,49,53,37,60,32,36,6,31,3,15,22,15,98,103,38,118,67,28,19,160,219,252,215,130,250,221,134,128,232,247,189,166,164,179,129,148,217,152,151,98,106,52,86,13,8,73,47,33,105,63,
52,18,31,28,28,86,14,238,241,251,254,177,192,215,210,163,165,188,245,190,145,192,205,148,104,110,39,58,63,51,15,71,95,94,81,116,42,61,23,23,13,9,169,243,187,161,185,192,223,192,209,194,162,160,189,255,242,255,152,151,
159,97,104,40,66,85,24,82,80,98,32,37,60,114,9,71,25,83,30,21,95,253,232,253,201,214,202,149,186,252,252,225,219,209,198,223,195,192,39,62,34,33,55,9,3,20,5,121,104,104,109,86,73,80,88,174,191,179,162,163,
150,154,131,130,134,138,252,229,232,228,204,213,201,205,45,52,56,47,14,23,27,23,30,118,122,127,46,126,123,20,27,88,35,244,206,186,194,213,142,152,227,255,181,190,188,187,137,140,193,144,159,109,98,60,110,53,0,80,87,89,
97,55,44,42,23,20,4,78,247,230,233,227,246,185,207,223,218,219,221,180,253,134,169,200,197,159,144,102,47,34,39,15,23,2,15,86,89,40,90,93,81,85,24,19,89,15,224,242,253,251,214,142,220,156,239,239,173,186,189,139,
152,153,155,150,212,56,53,117,114,66,68,86,30,29,50,119,36,30,71,13,0,1,168,211,188,226,184,245,223,149,208,205,160,191,168,173,202,157,221,204,47,54,58,63,63,25,28,2,24,9,124,96,40,112,125,5,25,90,33,246,
221,169,192,215,140,154,242,249,187,184,162,189,182,138,223,150,145,156,115,62,108,55,2,67,85,91,99,53,46,59,17,26,2,80,0,25,239,253,240,183,254,221,216,217,223,182,238,132,171,202,199,142,129,96,33,36,57,61,9,76,
95,81,25,79,51,33,61,59,22,78,13,77,173,206,229,198,203,132,132,214,193,167,174,165,188,182,179,218,223,218,146,109,116,122,115,3,120,95,125,63,53,108,54,59,27,77,46,89,15,174,251,248,186,247,210,214,210,205,176,239,
176,216,215,196,221,193,55,37,60,33,32,53,31,3,6,22,8,117,123,106,110,82,75,77,177,181,164,189,160,157,133,156,129,133,149,255,227,231,246,239,194,206,215,206,50,55,97,9,4,76,67,16,26,61,22,114,10,30,69,67,
43,71,13,231,229,242,241,196,137,223,168,165,186,228,151,204,201,136,159,145,42,124,119,98,111,108,93,23,79,94,33,52,57,78,7,7,2,226,228,253,165,206,225,131,142,215,216,222,230,251,254,242,255,151,144,153,110,36,122,109,
86,86,76,89,25,48,120,96,27,56,60,0,95,95,29,10,237,251,232,201,203,198,149,232,229,165,162,178,135,134,206,173,130,199,116,110,55,125,112,70,24,99,108,50,104,52,15,69,0,29,16,239,248,253,186,237,147,156,159,134,
138,141,248,233,236,213,200,217,204,49,41,63,58,14,23,27,31,30,7,122,126,127,102,107,103,88,73,76,176,168,168,172,144,137,152,156,251,234,251,255,226,171,194,207,151,152,219,79,96,67,63,127,80,18,12,28,120,58,57,16,
15,4,9,92,228,227,238,225,191,237,153,148,221,210,164,228,171,184,149,144,155,144,34,114,107,108,126,66,5,76,92,89,88,49,32,112,3,20,92,89,24,239,225,160,182,139,138,205,203,198,160,174,161,165,255,197,222,182,153,136,
116,121,124,92,89,64,122,78,43,40,9,33,12,11,15,0,4,25,165,176,241,246,248,170,188,176,180,168,163,250,172,131,145,141,139,119,47,125,61,63,63,74,69,90,91,72,56,58,55,117,72,69,22,17,225,231,230,174,252,211,
150,212,206,232,170,191,166,248,131,221,131,217,148,111,37,115,110,67,79,88,76,107,60,124,124,127,89,93,64,88,73,76,163,185,168,172,144,203,147,158,166,169,234,128,151,188,200,176,135,35,61,77,41,107,89,67,92,87,90,111,
53,50,63,16,78,28,86,163,226,229,235,132,218,201,196,193,202,163,241,161,184,191,141,147,212,157,109,104,120,126,87,15,116,91,109,104,41,62,48,113,69,88,92,89,28,252,242,186,236,195,209,220,218,183,239,189,253,202,161,130,
150,155,37,37,119,96,119,126,70,95,85,80,106,111,123,51,12,4,10,236,164,215,248,173,239,212,141,215,218,203,157,141,250,172,254,139,153,219,150,115,102,98,82,87,0,87,8,7,101,124,96,103,117,95,66,67,86,79,179,167,
183,169,155,139,154,241,243,228,253,225,209,197,212,198,217,200,63,36,58,43,46,23,27,10,14,114,107,109,81,84,21,69,80,225,230,173,206,225,194,141,237,194,145,143,142,234,168,171,145,142,146,103,42,107,100,113,87,1,91,24,
21,47,32,54,118,40,59,7,2,9,17,163,243,253,194,200,205,130,162,170,167,174,176,161,194,177,134,223,218,155,125,115,50,55,10,17,28,52,44,45,34,65,23,8,26,2,16,254,166,228,164,180,230,221,209,212,147,235,190,169,
142,135,156,133,110,107,33,36,49,74,69,77,83,90,26,16,39,106,32,34,67,30,19,242,164,215,177,215,133,192,195,145,175,186,175,187,164,169,199,136,207,200,211,37,41,46,12,21,24,8,109,116,120,125,125,80,82,66,67,71,
188,163,162,166,175,179,141,143,144,241,245,254,241,208,213,220,193,51,55,59,34,35,39,27,82,26,23,95,80,116,7,40,59,71,38,9,170,180,212,176,209,210,216,199,220,209,229,172,187,182,169,216,130,209,220,101,106,125,61,83,
64,93,88,48,40,106,58,51,5,7,10,93,20,20,254,247,249,232,136,251,205,148,225,160,167,186,203,206,195,194,149,98,127,104,118,121,109,24,29,22,126,33,33,45,49,4,36,17,27,209,246,227,224,214,210,217,206,199,222,163,
190,253,248,185,142,145,243,244,8,96,103,122,2,67,68,74,73,78,46,33,55,126,76,47,51,49,14,180,241,173,204,148,234,139,211,174,241,129,163,154,221,165,128,135,158,106,105,60,58,94,80,65,77,81,36,101,27,38,7,70,
43,30,243,235,226,234,247,137,142,156,134,145,182,180,187,189,244,235,239,165,164,84,106,59,105,78,21,92,27,121,37,6,100,45,51,105,75,52,29,25,205,247,248,251,206,142,136,93,67,83,235,130,186,134,133,151,129,150,45,243,
149,141,63,8,60,101,100,20,42,123,41,14,85,28,91,206,229,198,164,237,243,152,139,244,221,217,146,186,179,186,135,148,211,215,101,114,101,108,80,65,67,94,28,17,109,61,58,58,60,30,86,37,10,191,253,230,191,197,200,217,
143,155,228,186,240,189,135,205,152,133,152,148,96,101,50,101,21,17,23,14,115,114,103,81,85,88,64,65,68,188,161,160,165,170,177,131,135,141,146,243,230,235,243,219,212,199,49,52,60,32,33,37,24,1,0,4,8,98,99,103,
108,114,84,64,87,73,187,250,162,128,192,199,140,239,177,146,238,142,161,242,223,175,203,137,138,112,126,117,120,13,68,84,33,54,96,58,121,69,12,3,21,85,11,235,230,227,232,240,147,195,218,221,175,162,242,131,139,134,143,145,
113,33,82,101,60,10,75,92,82,19,22,122,123,32,11,6,31,8,189,172,238,249,207,198,221,196,222,219,226,231,242,186,181,189,146,155,219,160,119,37,103,93,4,78,67,51,101,22,97,39,117,3,0,82,31,10,238,250,229,232,
183,216,128,143,236,245,248,248,205,212,216,220,221,55,59,63,62,39,43,25,31,4,9,19,117,111,112,86,92,21,84,161,225,230,173,206,210,241,141,237,194,145,254,142,234,168,171,134,145,146,103,42,107,117,64,87,1,91,24,102,
47,32,54,118,25,10,7,2,9,17,180,236,253,194,200,205,147,162,170,167,174,131,146,194,177,134,223,43,106,125,115,50,55,29,20,120,37,34,56,40,13,17,84,93,172,182,186,191,190,219,194,193,142,135,149,224,228,233,240,173,
133,129,192,49,43,56,33,112,73,95,64,86,46,37,40,110,100,119,51,21,20,16,226,229,250,246,156,195,220,208,161,178,163,161,188,207,145,198,211,144,158,100,115,125,114,86,29,16,19,12,44,39,55,5,19,4,61,26,232,228,
251,208,248,195,220,208,215,203,174,232,163,253,132,139,141,131,43,12,85,84,117,75,26,89,94,5,59,100,30,53,22,84,12,18,72,187,196,254,250,241,202,195,202,166,181,227,231,181,162,130,147,128,145,147,127,61,48,61,77,74,
89,95,46,102,21,58,94,28,22,79,21,231,254,176,203,180,234,145,220,215,157,168,181,187,183,144,149,194,132,52,48,39,62,35,29,0,1,5,8,16,96,101,108,113,80,70,73,82,179,183,189,179,146,150,155,131,133,253,224,225,
228,225,193,192,197,192,209,48,39,43,99,11,6,78,80,99,24,63,20,71,55,24,91,69,37,176,226,225,235,244,207,209,148,221,170,167,169,247,149,206,203,138,106,108,44,98,113,108,88,67,91,25,73,51,52,54,59,76,5,20,
17,224,230,255,167,251,220,133,144,209,167,169,248,253,240,241,137,162,159,134,118,59,51,121,86,73,72,52,45,39,34,120,125,73,1,30,22,24,17,178,201,238,163,217,202,155,217,172,181,235,191,200,158,204,153,154,41,100,97,116,
112,92,65,30,65,9,117,123,98,104,79,86,89,176,168,187,190,188,147,156,129,128,133,128,226,227,230,227,242,211,198,202,130,42,39,120,79,4,119,88,107,102,22,57,122,100,4,83,1,2,8,23,253,240,181,252,203,198,206,232,
178,225,236,181,139,141,205,131,144,126,123,96,120,58,106,82,85,87,90,109,36,51,14,7,9,24,169,218,253,164,177,240,196,202,155,158,147,146,151,178,189,190,150,148,136,61,61,49,53,13,104,64,67,12,4,122,126,126,27,59,
23,78,78,66,70,175,202,243,213,202,204,197,175,162,244,253,253,165,139,130,158,148,155,108,120,42,125,106,77,91,72,41,43,38,117,27,76,73,10,20,242,237,235,252,224,178,134,157,250,210,209,189,191,169,142,169,137,133,64,104,
100,98,44,92,10,75,92,82,54,102,89,8,1,9,24,73,10,237,182,255,169,235,200,227,153,187,173,255,244,147,178,143,188,159,158,159,154,102,48,52,70,81,87,94,53,44,38,35,74,79,74,2,29,21,234,227,179,200,239,141,
207,197,156,166,171,171,253,190,201,159,205,107,104,42,103,98,70,66,93,64,31,64,103,99,116,109,80,81,85,76,176,181,165,175,146,147,134,159,130,244,231,254,226,224,247,193,197,200,208,56,38,53,44,16,23,5,15,114,119,102,
127,98,86,71,94,67,71,160,166,162,180,173,145,132,149,140,240,244,229,239,211,211,198,223,50,49,118,38,51,115,67,16,107,76,103,99,10,45,118,80,56,71,13,246,244,227,224,196,137,200,199,210,197,228,166,253,248,185,159,145,
217,143,100,113,111,108,76,6,94,79,33,43,46,97,48,7,2,19,21,12,84,206,225,176,189,196,203,222,151,234,239,230,164,183,130,147,155,206,32,106,101,122,123,104,88,90,87,21,104,118,54,49,1,7,6,95,220,243,182,244,
238,136,202,223,198,152,146,253,163,249,180,143,214,147,142,99,111,120,108,11,92,29,24,104,121,124,100,120,97,90,93,68,72,73,173,167,170,173,142,151,139,138,239,246,250,255,200,217,220,195,216,203,63,61,45,42,49,3,7,8,
18,115,118,106,115,82,87,90,67,181,184,188,188,167,155,129,135,131,149,140,227,231,246,239,211,215,215,206,50,50,39,17,21,30,81,25,20,45,34,113,10,45,6,81,41,14,85,179,202,166,236,215,213,194,174,163,230,175,184,181,
155,197,135,220,217,107,124,114,58,108,71,67,78,77,45,103,63,1,6,4,9,94,230,230,227,242,244,237,134,237,194,147,158,167,185,191,246,203,206,208,68,97,110,109,101,73,93,16,1,27,12,98,31,63,52,99,94,71,85,74,
175,202,253,216,153,153,128,226,170,188,163,181,188,132,137,207,196,214,189,114,123,119,125,66,68,87,125,34,61,34,2,17,0,2,31,93,240,167,178,241,255,234,212,210,213,201,235,241,242,173,141,134,133,102,112,103,78,121,116,88,
73,91,88,93,28,35,50,62,59,33,23,19,243,240,181,246,129,192,199,201,204,239,192,145,136,128,182,222,133,154,201,136,55,82,113,106,16,81,86,116,127,8,41,53,53,6,7,22,19,8,167,187,241,238,241,215,204,213,175,170,
224,244,193,137,134,142,144,106,42,81,102,43,80,82,19,81,84,77,116,7,112,22,68,1,19,161,236,249,236,203,212,217,134,201,129,252,227,226,231,238,243,197,201,204,44,53,41,40,13,20,25,30,110,119,123,121,126,103,90,95,
95,79,76,188,165,168,169,140,149,136,141,237,244,249,253,206,222,223,194,195,54,57,114,58,55,127,95,20,103,72,27,103,6,41,74,84,52,67,241,242,248,231,252,192,133,204,219,214,201,248,162,241,252,133,155,157,221,115,96,125,
107,80,72,10,90,83,37,39,42,125,52,3,30,23,25,8,168,202,237,180,129,192,199,218,235,238,227,226,152,179,142,151,135,202,36,118,97,118,127,84,92,86,83,105,108,122,50,13,5,11,2,163,216,255,178,232,234,140,214,219,
202,156,142,249,175,253,136,139,218,151,114,103,99,124,80,15,80,23,4,100,125,96,97,116,109,64,69,85,76,177,181,182,170,151,138,146,138,239,246,250,253,255,219,222,220,195,206,208,32,37,40,49,16,7,10,18,115,118,121,115,
82,86,93,67,66,184,184,237,189,184,201,222,149,230,201,154,245,133,170,201,215,183,194,112,115,121,102,74,79,2,83,92,89,63,121,35,112,125,4,24,30,94,240,227,239,234,209,201,139,219,165,170,160,181,250,187,130,159,150,152,
137,58,73,110,55,2,67,85,91,106,111,98,99,32,13,10,17,1,229,249,172,165,183,173,130,135,150,243,171,168,230,239,205,215,219,49,40,69,109,104,41,25,3,9,25,107,82,39,56,62,55,12,16,70,76,175,196,234,204,200,
202,205,211,223,244,171,164,187,186,154,155,153,148,214,120,62,59,120,70,83,76,37,42,62,100,121,75,36,4,31,28,30,251,252,193,243,240,198,226,203,243,166,169,187,148,140,213,150,208,96,103,105,108,60,19,113,104,96,86,15,
37,58,105,40,87,45,17,202,176,241,231,165,159,232,201,213,247,191,186,166,185,180,246,219,145,142,145,96,115,117,79,74,0,5,97,41,38,46,48,57,74,49,6,75,1,3,179,241,244,237,131,231,144,182,228,161,162,193,140,153,
140,152,135,121,38,105,32,47,3,2,6,9,19,114,105,110,76,85,88,84,173,180,187,188,189,149,152,130,133,129,150,254,227,226,247,238,210,200,208,49,52,61,49,16,21,26,1,0,119,125,98,99,103,106,18,90,87,31,16,180,
199,232,251,135,247,201,234,244,148,240,162,146,152,135,156,145,37,108,123,118,105,55,66,17,28,37,42,44,125,19,0,29,24,240,232,170,250,243,244,199,202,157,212,212,209,183,185,168,200,187,141,212,33,96,103,105,11,14,3,2,
84,67,37,44,39,62,52,30,92,81,118,137,240,248,238,202,139,222,204,171,178,226,254,252,211,194,207,131,148,154,124,120,48,122,85,74,90,73,40,42,39,118,75,108,99,103,20,232,249,175,204,187,237,130,148,209,210,224,165,184,
180,147,150,193,153,103,114,109,109,58,83,89,90,86,30,101,112,48,55,124,9,19,89,9,248,245,236,182,212,148,131,147,254,239,173,186,189,180,152,153,155,150,212,41,53,117,114,66,68,86,30,29,50,119,53,30,71,13,0,1,
87,211,188,226,184,245,223,149,208,205,160,172,168,173,202,157,219,223,53,43,50,56,63,17,20,28,5,8,4,125,100,105,108,28,76,90,26,237,166,213,235,248,132,244,219,152,249,145,237,167,172,174,152,155,158,211,98,126,123,108,
10,80,3,31,38,41,47,111,33,13,24,5,6,22,173,229,244,251,241,196,152,217,209,172,165,171,171,203,184,159,198,36,109,98,116,61,48,4,17,65,81,88,47,92,83,87,107,15,29,95,241,230,252,232,193,220,132,198,134,148,
229,183,160,183,190,134,159,149,144,42,47,59,115,76,68,74,67,100,23,56,109,47,20,77,23,26,11,93,205,186,236,190,203,200,155,214,179,166,162,146,151,192,151,201,193,37,60,32,32,53,44,2,2,22,15,115,102,119,110,82,
86,71,177,181,190,160,169,161,133,148,136,153,136,255,227,250,235,239,211,219,202,207,59,43,58,16,20,4,29,1,116,101,124,96,108,117,95,67,70,7,87,162,243,244,191,252,211,231,227,155,188,231,225,184,212,158,133,135,144,96,
117,56,121,118,82,69,19,73,106,103,57,14,0,72,30,21,241,252,255,255,181,222,207,208,218,223,144,176,184,181,188,130,147,212,95,112,33,44,68,75,77,4,25,28,99,110,38,62,63,48,83,5,26,8,240,253,232,136,210,154,
128,233,163,188,163,178,161,131,129,156,222,211,47,127,120,120,126,79,24,99,52,121,51,49,65,3,6,31,81,217,166,248,178,255,244,143,218,199,218,214,177,171,244,155,221,221,209,48,52,60,33,32,22,30,2,3,7,11,99,98,
102,106,115,69,73,74,172,189,189,177,152,156,133,156,128,247,230,255,227,231,199,222,195,207,215,206,36,40,48,17,21,25,17,112,116,112,97,83,87,90,19,91,86,239,224,179,200,239,196,151,231,200,235,245,132,224,146,145,155,132,
108,97,36,109,122,119,89,7,69,30,27,53,58,60,124,18,1,13,8,243,235,169,249,195,196,198,203,156,164,164,161,176,182,175,216,171,140,213,32,97,119,121,8,13,0,18,114,111,106,43,60,3,97,102,122,126,18,246,180,234,
253,215,210,220,201,233,179,251,242,202,128,159,128,145,115,98,96,125,63,5,16,88,87,95,33,57,121,2,21,88,18,3,162,224,229,252,131,248,135,217,147,222,162,240,189,168,189,137,135,138,213,122,61,41,50,19,22,30,2,114,
118,122,99,98,102,93,92,69,73,74,189,163,174,177,144,148,139,146,243,247,251,226,210,215,211,195,194,56,60,60,37,41,45,29,4,8,4,109,116,107,110,31,79,74,27,236,167,212,251,200,139,243,196,159,137,225,236,166,173,175,
136,152,157,208,97,110,107,109,11,81,2,15,86,38,40,112,38,61,25,4,7,23,93,245,247,248,242,199,136,201,208,173,164,170,187,204,183,152,217,212,157,99,117,60,49,52,8,22,78,86,39,40,123,45,2,16,24,10,240,160,
250,162,184,176,203,196,219,218,201,187,185,180,246,203,198,151,144,96,102,103,47,123,92,17,75,73,105,43,62,39,121,2,94,0,90,23,236,166,242,239,194,206,217,179,236,179,244,227,248,216,221,197,217,200,204,35,58,43,47,19,
27,10,14,117,107,125,87,72,89,93,65,88,184,188,160,185,168,158,138,154,139,142,242,251,234,238,210,203,218,49,61,36,61,33,21,84,4,17,81,86,110,13,34,1,125,61,3,80,78,222,186,239,212,214,193,194,215,235,170,165,
176,167,241,152,219,214,159,144,119,55,105,122,87,82,78,46,100,60,45,50,9,12,67,18,26,228,237,243,226,178,193,199,158,155,218,173,163,245,200,205,196,139,100,113,110,104,127,99,2,7,28,123,83,80,58,48,46,49,48,16,
19,239,240,203,227,206,201,205,194,198,219,227,238,183,184,190,229,250,254,242,150,101,56,110,65,83,79,73,53,109,63,127,125,78,12,27,28,21,14,230,252,249,179,182,131,212,211,163,165,164,253,190,145,212,150,140,38,108,97,96,
54,69,3,69,23,82,81,116,49,44,1,13,26,14,169,254,190,190,189,151,155,158,158,135,251,253,255,230,234,238,137,209,220,100,107,40,66,85,126,10,114,54,109,123,19,111,37,31,29,26,25,28,81,247,240,253,210,140,207,148,
225,160,167,169,194,148,143,154,135,132,101,47,103,118,121,92,81,22,95,47,42,58,60,21,77,54,25,171,166,239,224,246,142,131,134,154,151,218,190,176,248,174,129,147,158,152,117,45,127,44,12,111,68,72,93,107,99,41,38,57,
56,4,29,23,18,168,188,185,241,206,198,200,210,226,153,190,243,169,154,203,137,156,133,44,79,56,110,60,73,91,25,84,49,36,32,44,17,78,17,89,180,171,178,184,191,166,158,128,152,142,137,236,228,233,228,205,212,202,199,46,
55,59,63,94,14,11,75,92,23,19,36,15,123,3,5,94,72,32,188,246,238,236,203,200,205,128,160,175,170,189,251,158,197,208,145,150,152,49,103,124,105,84,87,84,30,54,39,40,51,6,73,8,0,29,235,237,228,188,199,232,
152,149,220,211,165,255,242,247,203,198,158,151,102,105,43,125,114,95,95,85,64,16,59,99,123,16,51,7,25,86,86,228,243,228,252,215,206,196,193,236,225,236,188,187,187,140,157,213,166,137,60,109,103,62,68,73,73,31,28,107,
61,111,13,6,76,25,4,25,228,227,230,177,230,133,129,150,135,245,234,234,237,211,203,221,218,40,57,60,41,56,24,29,8,25,8,12,99,43,115,126,6,9,91,32,247,220,168,255,208,131,157,237,137,186,185,163,188,183,186,220,
149,146,159,112,63,109,54,3,66,69,36,100,58,41,36,33,27,3,81,1,24,236,254,243,180,253,205,217,216,222,183,239,148,148,205,200,137,158,97,32,37,56,57,126,75,70,81,95,80,52,127,114,113,46,14,18,233,227,253,226,
221,196,209,236,220,216,214,231,242,179,180,186,249,254,242,246,106,97,60,82,69,95,75,85,49,97,59,99,121,66,8,7,24,25,10,250,248,245,183,138,135,208,175,167,169,160,193,186,157,208,138,136,42,104,125,100,58,65,31,65,
27,86,45,120,53,16,5,1,30,242,173,242,180,164,185,147,153,158,135,138,246,255,230,235,230,207,201,205,49,121,33,44,69,74,9,114,69,29,105,17,38,125,107,50,78,4,15,13,234,246,251,142,199,192,220,179,237,191,228,241,
131,132,138,210,132,159,123,102,101,117,63,64,89,94,44,33,102,62,14,11,10,12,5,174,213,250,187,182,206,193,215,158,147,150,253,248,168,136,129,134,221,115,100,126,126,71,82,2,88,0,26,99,41,38,57,56,43,29,23,18,
168,173,185,241,206,198,200,193,226,153,190,243,169,171,203,137,156,133,219,79,56,110,60,73,74,25,84,49,36,32,63,17,78,17,87,71,171,178,184,191,166,171,137,152,137,140,249,232,232,236,208,152,192,222,102,105,42,81,102,124,
8,112,71,28,10,13,105,43,40,18,28,23,26,175,230,225,255,208,142,220,135,146,162,165,171,243,165,137,132,129,138,146,32,97,120,127,77,64,7,93,45,40,41,47,23,79,52,27,90,87,233,254,240,177,180,137,153,222,216,181,
162,191,176,148,206,195,192,78,110,101,102,116,98,66,125,85,64,125,60,56,54,116,65,0,20,26,136,143,131,135,202,193,139,221,210,191,171,181,160,240,170,195,217,209,155,116,107,121,106,75,73,68,23,106,103,39,32,48,9,0,
80,43,12,65,234,232,185,251,206,196,154,225,238,176,234,182,141,199,130,159,146,97,126,99,60,99,26,2,25,8,12,113,122,107,110,80,74,91,78,178,250,162,175,192,199,140,239,192,227,238,142,161,242,236,188,203,137,138,112,111,
117,120,13,68,67,78,54,96,58,121,116,61,3,21,85,11,24,230,227,232,240,130,210,218,221,175,162,229,172,139,134,143,145,128,33,82,101,60,57,120,92,82,19,22,107,111,123,62,13,3,75,242,229,255,235,245,224,129,219,131,
155,240,211,180,185,246,246,132,130,149,156,119,110,100,78,12,1,12,92,91,42,44,61,117,6,26,79,13,7,94,228,248,233,191,252,139,221,224,173,166,236,185,149,136,132,131,134,209,117,36,33,54,47,18,3,23,6,116,107,109,
81,80,68,93,64,182,165,188,161,160,181,159,131,134,150,143,227,228,247,231,208,203,205,49,54,36,61,32,20,5,28,1,4,102,127,98,102,118,104,69,91,74,78,178,171,173,145,149,132,157,240,240,229,252,224,227,151,199,210,146,
149,222,76,99,64,60,124,76,23,113,25,117,63,21,23,0,3,22,91,233,230,243,228,178,217,154,151,222,209,167,248,174,133,144,157,158,111,37,125,108,115,74,79,0,81,89,84,44,50,35,115,0,23,81,92,229,234,236,180,137,
140,128,141,197,174,175,160,242,164,187,152,128,146,143,215,98,42,50,105,74,78,82,109,109,47,56,63,5,30,7,29,24,163,166,179,251,244,252,213,212,156,159,176,245,166,156,197,143,130,112,38,85,34,100,54,66,65,19,94,75,
94,61,42,47,72,31,79,74,173,180,185,185,142,159,157,130,131,135,255,227,226,231,232,220,197,200,201,44,53,40,45,13,20,25,30,110,126,121,98,99,86,89,67,66,71,74,188,165,168,173,140,149,137,141,237,243,255,242,211,215,
219,194,195,54,58,35,34,38,46,28,5,9,10,61,124,121,57,14,69,54,10,217,165,213,250,185,150,246,146,192,195,190,185,186,191,242,131,157,152,143,41,115,32,62,71,72,78,14,49,34,63,58,33,57,76,4,21,26,16,229,
187,250,242,207,198,219,202,234,153,190,231,195,130,133,139,218,223,37,60,115,125,104,86,80,87,75,105,108,116,19,11,8,3,9,246,233,200,231,242,218,203,217,218,223,239,161,176,188,185,163,138,149,141,118,47,42,122,77,67,33,
38,58,65,37,54,116,42,61,6,18,28,9,169,224,168,178,138,192,223,209,160,179,162,160,189,192,197,208,152,151,110,112,121,57,66,85,11,65,67,98,32,37,45,67,56,71,25,164,225,226,176,253,232,204,216,199,202,149,186,225,
233,242,211,215,203,211,50,55,57,35,21,25,29,77,29,24,41,62,117,6,41,41,85,37,10,169,183,198,162,208,211,217,198,170,175,226,179,188,136,159,217,131,208,221,119,120,126,62,80,67,79,74,49,41,107,20,5,10,0,21,
90,234,226,255,246,248,233,154,233,206,151,226,178,181,187,202,207,194,41,36,105,98,116,52,91,76,70,82,92,58,122,32,104,112,43,25,29,16,175,175,237,213,202,203,216,217,170,167,229,248,245,181,129,145,151,150,222,93,99,38,
100,94,7,90,47,54,104,19,124,19,73,4,31,85,16,254,243,255,232,237,155,204,141,136,239,246,236,212,200,209,219,220,52,56,57,61,36,26,29,30,7,10,11,127,102,106,111,79,86,76,179,168,176,187,141,148,153,152,157,132,
251,254,254,231,234,238,223,207,206,211,50,41,46,12,19,30,0,112,117,120,97,96,100,90,66,67,70,73,163,162,166,173,179,146,136,136,189,237,232,168,142,197,182,153,170,37,85,122,57,39,71,18,64,67,73,86,45,63,114,3,
12,9,15,169,243,160,173,244,200,206,142,192,211,206,186,161,185,251,171,149,154,144,101,42,107,114,79,70,72,89,25,25,62,103,114,51,5,11,90,95,82,86,180,236,244,197,202,136,207,160,178,186,168,150,206,156,220,220,191,101,
105,124,59,51,121,65,86,95,52,45,54,51,73,76,73,1,237,229,235,226,178,201,223,146,200,202,155,182,187,170,252,191,200,143,221,104,107,41,100,82,71,67,92,65,111,48,121,100,123,106,64,64,84,69,183,168,168,172,149,137,
152,142,241,234,251,254,231,203,218,222,195,219,202,32,39,52,36,23,25,8,13,116,105,120,111,82,74,91,94,66,171,179,186,191,166,157,130,152,143,138,236,228,233,236,205,212,216,206,46,55,58,61,15,22,26,25,31,6,124,100,
41,113,124,4,26,89,34,245,222,185,193,214,141,155,243,254,180,191,189,186,185,139,222,151,144,157,99,61,111,52,1,64,84,90,98,52,47,58,22,21,5,79,7,233,238,252,241,182,255,222,219,218,220,181,237,133,170,203,198,143,
145,103,46,35,38,63,79,73,68,83,93,82,39,125,112,115,44,31,20,23,229,243,228,200,202,201,207,250,195,132,169,190,179,172,133,216,213,156,147,101,28,19,23,71,72,78,31,38,41,47,69,109,13,2,20,93,88,210,214,220,
235,169,197,130,235,139,141,247,182,179,212,172,134,150,62,70,99,100,125,126,84,25,23,116,84,60,63,61,43,12,70,58,15,243,235,226,234,192,137,142,156,134,224,199,180,187,189,244,248,252,165,164,84,106,42,105,78,21,92,116,
14,37,6,100,45,2,88,75,52,29,25,222,247,248,251,206,159,153,93,67,83,235,166,136,137,129,149,128,97,127,126,98,124,92,18,212,186,170,96,126,81,0,57,49,7,177,242,229,190,231,145,227,192,251,129,192,165,231,236,155,
186,134,164,151,150,103,98,110,8,12,78,89,94,38,61,36,62,59,113,71,82,26,21,29,242,251,187,192,215,154,199,189,228,174,163,162,197,182,193,135,213,99,96,50,127,106,127,90,69,72,23,56,112,108,76,85,88,84,173,188,
190,161,160,165,147,130,131,134,139,146,235,226,247,238,210,205,208,49,52,57,32,23,18,5,27,9,72,99,110,54,57,122,48,7,44,88,32,247,179,173,253,153,219,216,179,172,167,170,255,133,130,143,128,222,140,38,51,114,117,123,
3,74,89,52,49,58,51,65,17,8,15,29,227,164,237,253,248,249,206,199,159,228,203,253,248,185,142,128,193,213,40,41,114,89,116,94,94,19,26,80,62,33,48,35,50,48,26,80,85,160,232,231,254,192,201,137,242,182,251,177,
179,242,176,132,157,211,168,215,137,52,113,114,0,77,73,92,40,55,58,101,25,81,89,66,67,71,187,163,162,166,173,156,133,136,141,236,245,232,233,205,212,216,221,46,63,61,34,35,23,19,3,0,5,23,104,97,116,109,81,81,
85,76,177,180,165,173,144,138,156,153,158,241,243,178,250,247,191,159,212,167,136,91,54,70,105,10,20,116,3,49,50,56,39,60,0,69,12,27,22,254,184,226,177,188,197,219,221,157,179,160,189,171,144,136,202,154,98,101,103,106,
61,116,67,94,87,89,72,104,10,45,116,65,0,20,26,171,174,163,162,231,194,205,206,198,219,184,237,228,246,236,193,196,213,176,104,107,39,46,12,22,26,31,111,10,42,55,110,88,66,66,65,84,46,254,224,247,249,200,203,221,
131,241,234,137,190,143,139,137,142,144,99,49,118,97,118,127,69,92,86,83,105,44,115,126,5,3,30,24,230,233,253,167,186,134,234,220,213,213,168,165,189,171,178,150,147,136,171,113,99,73,112,76,75,79,64,51,38,113,42,116,
61,3,21,8,80,119,222,204,204,242,147,208,214,141,180,243,129,162,174,220,149,155,193,194,76,117,113,74,113,91,82,95,76,106,110,61,42,13,4,31,6,235,230,164,185,180,197,194,210,212,213,157,141,162,231,165,159,198,157,144,
113,39,84,12,82,8,69,94,20,32,61,48,60,43,46,90,13,77,78,174,166,171,167,143,158,156,236,245,248,245,252,229,217,220,221,195,204,34,35,38,47,50,19,6,15,19,122,127,103,81,84,80,64,73,178,165,188,160,160,181,
159,131,128,150,136,245,251,237,231,158,206,220,100,107,40,83,100,126,10,114,69,30,8,19,111,37,46,44,26,25,28,81,224,239,253,210,140,222,133,144,160,167,169,241,167,143,154,135,132,148,222,103,118,121,115,70,9,95,47,42,
43,45,21,77,54,25,88,85,239,224,246,191,178,183,159,204,239,218,187,172,225,200,130,157,130,98,113,96,98,127,61,3,14,94,89,89,46,63,119,4,43,94,3,1,160,226,231,254,129,250,133,219,145,175,164,238,187,166,187,134,
129,132,211,132,53,45,48,17,20,29,17,112,116,125,97,104,94,70,95,66,78,86,182,164,187,170,174,129,148,141,241,242,228,238,211,201,223,218,221,48,50,115,59,54,79,64,19,104,79,100,119,7,40,75,85,53,64,242,241,251,
228,204,193,132,205,218,215,185,231,165,254,251,186,154,156,220,114,97,109,104,83,75,9,89,35,36,38,43,124,53,4,1,16,22,15,184,203,236,181,128,193,215,217,232,237,224,225,166,131,140,143,135,107,127,50,35,57,43,0,5,
20,113,41,42,100,109,79,85,89,79,174,203,235,246,175,147,135,253,220,194,213,180,189,182,187,221,198,213,190,96,105,101,124,67,69,65,19,84,50,37,44,39,62,3,30,92,2,85,160,242,252,233,198,192,199,200,234,239,228,136,
143,134,134,138,135,159,126,127,99,125,110,97,92,75,95,45,36,41,42,33,9,5,2,231,232,252,225,174,237,140,213,218,220,193,248,223,134,135,183,137,203,136,111,52,125,58,105,74,97,27,74,35,121,106,21,60,56,34,25,16,
25,228,247,178,182,196,211,196,220,183,174,164,161,251,193,204,156,155,155,157,125,53,70,105,28,77,71,30,36,41,56,127,60,75,29,79,26,230,172,249,228,249,196,195,198,145,198,246,230,246,239,210,222,198,198,52,43,58,63,29,
4,29,0,5,20,123,100,121,104,109,88,90,75,78,187,170,170,174,146,218,130,143,160,167,236,143,160,131,206,174,129,210,204,79,43,105,106,80,79,85,88,109,36,35,46,22,64,26,89,84,236,227,245,181,235,248,198,195,200,208,
226,178,186,189,143,130,197,99,107,102,111,113,96,1,114,69,28,25,88,60,50,115,118,75,91,0,43,230,255,255,157,140,206,217,222,215,189,164,190,187,241,199,210,154,149,157,99,123,59,64,87,26,80,61,100,46,35,34,69,54,
65,7,85,16,224,178,255,234,255,203,197,200,151,184,240,235,204,221,223,192,193,55,57,33,34,39,53,24,7,26,11,14,106,123,106,111,90,75,77,177,181,245,165,176,193,198,141,238,193,145,237,141,162,241,239,174,202,136,139,113,
110,114,71,10,75,68,32,55,97,59,120,117,15,0,22,86,8,27,231,226,233,241,131,204,221,162,168,173,226,130,138,135,142,144,129,34,81,102,63,58,74,93,83,18,23,106,116,24,5,2,9,25,237,241,180,180,168,159,134,227,
219,216,135,254,227,231,247,146,130,128,193,57,61,49,49,115,74,92,67,85,47,36,41,111,102,118,44,18,27,23,29,245,251,247,157,194,221,211,162,177,160,162,191,206,144,199,210,145,110,123,116,114,117,105,28,17,18,6,40,41,
48,4,17,1,31,237,241,239,252,223,247,211,238,222,218,212,130,174,248,185,142,128,132,212,11,90,83,91,78,23,92,67,0,65,127,5,62,29,111,9,31,77,70,193,224,253,206,205,204,205,200,176,238,226,168,167,137,136,155,154,
152,149,56,61,56,112,79,71,88,81,97,26,61,99,25,27,74,8,29,245,171,208,191,225,187,217,218,152,213,176,180,176,175,146,205,146,201,50,42,59,62,42,11,18,24,31,6,124,105,120,105,108,81,89,79,69,173,189,185,178,
154,149,215,135,227,163,164,239,140,163,183,211,171,140,215,49,72,36,110,85,87,83,80,37,104,41,38,2,21,67,25,90,87,233,254,240,184,238,212,193,204,207,175,229,174,191,128,138,143,192,96,104,101,108,114,92,4,111,64,17,
28,52,59,61,116,73,76,86,5,214,227,242,235,158,133,239,206,222,169,171,181,251,171,254,221,177,156,155,96,99,118,106,31,19,26,15,111,10,34,33,110,80,89,92,57,25,245,172,172,160,164,141,228,213,203,172,162,163,177,132,
218,219,195,71,105,96,124,118,121,78,90,8,95,72,47,53,46,55,13,8,83,5,170,167,236,234,208,207,201,222,194,144,228,255,147,181,188,159,147,142,150,112,105,108,122,81,99,74,66,37,47,41,0,49,27,62,20,22,22,19,
246,171,224,190,199,200,223,194,234,205,148,186,178,132,221,134,153,59,122,37,95,116,87,6,79,81,11,120,22,63,59,48,11,2,228,225,250,164,184,242,220,195,210,193,208,161,188,254,243,254,142,152,152,158,111,39,84,84,25,83,
81,16,35,38,63,113,10,117,24,82,31,20,94,235,231,250,246,209,212,148,187,243,248,224,225,213,209,193,200,194,213,63,34,47,54,47,3,6,23,9,118,107,109,80,86,68,93,65,179,165,188,161,164,134,159,131,130,150,135,235,
251,234,238,212,203,205,49,48,36,61,16,21,5,27,9,25,123,126,107,122,107,110,64,10,82,95,231,247,188,255,208,243,143,158,177,226,252,140,232,153,154,128,159,148,104,61,116,115,126,81,16,74,105,100,45,34,5,69,27,8,
5,243,248,224,178,226,251,205,223,210,149,220,172,182,191,129,144,192,162,117,44,41,104,127,66,3,6,27,26,65,27,54,47,47,98,92,30,9,238,231,252,244,206,203,129,132,145,170,165,173,179,186,203,176,135,202,128,130,52,126,
115,82,4,119,17,55,101,32,35,66,15,26,15,27,4,248,167,232,161,174,179,133,136,142,236,245,232,235,205,212,217,220,46,55,59,58,62,47,19,3,2,6,12,124,101,105,104,76,85,72,77,173,182,187,161,148,158,134,159,130,
254,231,254,227,228,166,217,212,156,147,32,91,109,70,2,122,93,21,115,27,119,61,38,21,2,1,20,89,24,248,245,234,180,214,156,153,216,175,161,233,172,135,146,159,156,156,39,127,110,113,123,73,30,87,87,82,35,52,45,117,
62,17,64,94,231,232,238,167,139,142,135,235,214,209,173,165,184,172,225,210,192,201,209,76,108,116,35,16,19,6,99,34,63,118,122,99,103,64,34,27,13,18,245,252,247,250,156,149,150,253,163,170,166,172,130,132,128,210,149,125,
98,115,96,113,115,95,29,67,20,97,34,63,42,5,3,4,9,171,174,165,201,255,201,193,213,192,208,206,190,162,188,175,160,144,142,155,112,100,127,109,77,99,74,66,82,47,41,109,46,120,8,31,17,4,84,139,201,192,200,206,
151,220,210,241,176,255,133,137,162,216,137,159,205,55,80,113,125,78,77,95,94,91,48,110,115,57,22,9,8,27,237,231,226,184,189,184,193,222,214,216,209,242,137,174,227,153,155,219,153,108,117,43,80,8,94,12,89,90,105,36,
33,52,48,47,1,94,1,73,178,170,170,175,155,139,146,247,232,249,252,233,248,216,221,192,217,207,200,62,39,42,44,14,6,10,9,111,118,123,81,72,89,93,68,88,176,181,189,164,168,153,158,135,139,138,238,230,234,239,207,209,
211,44,53,57,59,60,20,24,25,76,28,25,42,61,118,5,42,57,84,36,11,168,182,193,157,215,220,222,217,171,174,227,178,189,184,156,218,128,211,222,118,121,127,63,81,66,72,53,54,38,108,36,4,11,1,20,91,233,225,252,
245,251,234,155,232,207,150,227,162,178,132,205,192,197,45,126,93,104,105,97,23,6,84,67,84,93,39,62,52,49,75,81,92,236,235,235,237,205,133,246,217,140,206,183,238,180,185,168,207,172,219,141,223,106,118,60,73,84,73,69,
51,54,97,54,103,83,70,95,66,68,86,190,162,161,183,174,147,137,144,241,245,252,241,216,221,197,220,192,49,38,63,35,34,54,30,2,7,23,12,102,116,106,88,72,89,76,182,169,184,188,165,219,131,142,214,217,235,144,167,140,
248,128,128,211,205,93,57,123,105,83,76,71,74,108,37,34,47,32,126,29,70,83,18,21,27,180,234,249,212,209,203,211,225,177,168,175,142,131,196,141,157,152,104,110,103,63,68,68,29,24,89,46,32,112,117,72,73,45,8,228,
231,255,226,230,154,154,159,159,250,210,190,233,236,240,173,133,129,192,50,53,37,76,77,83,68,74,91,41,44,114,98,123,24,17,24,20,30,225,246,242,160,199,208,199,221,182,175,165,160,250,157,194,207,148,146,120,119,113,118,106,
8,28,23,123,45,36,36,59,22,14,24,1,244,226,249,206,245,227,201,194,214,205,206,174,145,172,175,128,145,147,145,108,59,112,46,70,73,79,82,26,61,19,10,2,52,109,7,24,75,10,181,207,247,212,150,223,193,155,249,134,
175,171,128,132,133,148,145,138,212,57,115,108,115,66,81,83,81,44,110,99,127,15,8,8,14,31,168,211,228,169,227,225,145,211,214,207,225,137,246,168,194,143,132,223,106,119,106,102,97,91,4,75,3,8,97,96,101,97,113,88,
65,86,79,178,191,166,174,147,150,135,151,246,228,253,224,229,244,212,198,217,192,196,45,39,42,42,95,15,27,91,44,103,20,59,63,75,51,4,95,73,208,172,230,237,239,219,216,221,144,161,174,186,173,203,145,194,207,97,102,104,
48,102,76,89,68,71,87,29,38,55,56,50,7,72,24,16,237,228,234,212,140,247,216,153,148,172,163,181,252,241,244,222,141,174,155,122,99,38,55,69,82,69,35,48,33,35,62,124,64,77,29,26,26,239,254,182,197,234,159,204,
198,159,165,168,185,192,187,196,154,208,108,103,45,120,101,120,71,64,69,18,69,122,101,119,110,83,86,80,185,179,164,181,169,137,152,157,133,200,144,238,182,185,250,129,135,172,216,160,119,44,45,125,25,91,88,66,44,39,42,127,
54,2,15,0,94,12,87,179,242,245,251,131,213,217,180,177,186,162,193,145,136,143,157,144,36,109,125,120,121,127,71,31,100,75,106,120,57,14,0,65,68,168,169,205,232,247,244,223,194,198,139,139,255,227,251,150,182,141,197,206,
54,40,69,109,89,24,27,29,1,106,24,33,39,56,62,6,29,16,70,79,175,219,253,204,200,202,220,162,174,244,171,164,136,137,154,155,153,148,39,105,62,59,120,81,76,91,37,42,62,117,72,75,47,1,16,235,239,250,250,228,
196,216,214,197,233,218,181,187,180,221,158,200,152,111,97,116,36,40,121,112,120,94,7,61,34,97,32,111,21,25,50,72,249,239,172,167,224,193,205,254,174,175,174,171,160,254,195,137,134,153,152,100,125,119,114,8,13,25,81,46,
38,40,33,66,57,30,83,9,250,171,233,252,229,187,239,152,206,156,169,170,249,180,145,132,128,140,113,46,113,57,34,11,26,31,11,27,2,103,120,105,108,89,89,72,77,176,169,191,171,142,151,154,155,158,246,250,251,255,238,212,
220,197,200,196,44,44,46,49,16,20,28,18,115,119,124,98,84,82,71,89,69,10,165,176,240,247,188,255,193,226,158,158,177,241,239,191,219,153,154,113,110,101,104,61,116,68,81,70,16,74,120,117,60,51,5,69,8,27,246,243,
248,224,131,211,202,205,223,173,226,179,187,182,191,144,129,209,162,117,44,58,123,76,66,3,23,106,107,48,27,54,16,24,77,92,30,9,255,246,237,244,206,216,146,151,226,170,165,188,130,139,203,176,135,53,119,109,52,126,66,67,
21,102,17,55,118,51,48,66,15,26,30,234,245,248,167,223,158,153,156,133,136,248,253,228,232,233,205,207,194,210,51,54,35,51,26,16,7,30,117,125,96,97,101,110,65,66,71,85,74,167,186,172,168,223,143,155,219,172,231,148,
187,191,203,179,132,223,56,80,44,102,109,111,91,88,93,16,33,46,58,45,75,17,66,160,225,230,232,176,230,204,217,196,199,215,157,166,183,184,178,135,217,152,144,109,100,106,84,12,119,88,25,20,44,35,53,124,113,71,94,50,
31,24,227,226,247,235,158,146,135,141,173,166,241,225,203,220,193,188,148,129,51,35,38,54,76,77,66,85,91,42,41,59,93,85,68,47,17,233,229,239,240,246,242,147,212,195,212,221,167,190,180,177,203,157,213,32,99,109,120,119,
64,71,91,25,28,100,8,62,55,55,59,7,31,9,16,244,226,238,225,205,218,206,173,164,186,185,154,187,133,141,153,148,155,157,120,42,97,63,70,86,88,61,109,66,19,59,51,5,92,7,24,184,249,166,220,247,229,135,206,208,
138,249,153,184,132,166,157,152,117,106,103,37,57,64,95,64,81,66,83,32,61,127,114,127,15,23,31,225,232,168,194,213,152,210,208,145,160,165,188,242,137,246,153,211,158,149,223,125,104,125,73,86,91,21,58,115,124,97,96,87,
88,66,67,71,185,163,162,167,163,179,133,138,141,236,247,250,241,214,213,197,220,50,62,38,55,37,58,26,31,10,27,10,15,101,116,109,81,82,85,76,177,177,165,188,147,146,134,159,131,135,231,254,226,238,247,193,196,201,208,49,
53,45,96,8,5,77,66,98,25,62,21,113,56,31,68,66,42,70,227,224,234,245,206,195,151,222,169,164,187,246,148,207,202,139,156,99,43,125,118,99,110,66,90,24,72,33,55,53,56,79,6,6,16,225,231,254,166,205,211,130,
143,214,217,168,249,252,241,240,134,128,151,158,117,108,102,112,10,15,32,39,55,38,56,36,125,32,13,25,0,80,76,174,161,176,189,209,198,219,210,174,238,172,187,141,132,159,134,156,153,36,57,30,17,21,87,90,75,29,30,105,
44,108,66,15,4,78,243,230,226,253,224,128,203,213,192,223,223,249,161,171,168,132,204,211,222,102,105,42,118,69,7,95,86,67,45,100,38,102,113,97,76,93,31,8,239,245,238,247,205,200,130,150,227,171,164,172,178,132,204,175,
128,197,118,108,53,127,114,83,22,101,18,52,102,35,49,67,14,27,14,237,250,255,184,239,169,156,135,153,128,138,237,239,226,242,211,214,195,211,50,55,58,114,13,8,72,95,20,103,57,10,118,6,41,89,71,39,67,241,242,233,
246,205,192,133,204,172,169,190,248,162,192,205,148,155,157,221,96,115,110,107,80,72,27,75,34,37,39,5,74,11,3,30,23,232,249,185,202,237,180,146,211,212,218,235,255,242,255,151,143,142,110,14,1,5,25,125,79,13,67,84,
78,41,55,34,114,40,80,91,83,25,246,233,232,212,205,199,194,152,236,233,161,190,182,184,130,210,169,142,195,121,106,59,121,76,85,28,31,104,62,108,57,11,73,4,1,20,16,252,225,190,225,167,134,155,138,142,244,235,237,209,
209,196,221,192,52,37,52,36,57,19,23,30,7,11,15,127,102,106,110,79,86,76,184,168,185,188,145,137,152,156,128,153,251,255,235,250,235,239,195,138,210,223,103,119,60,127,80,115,15,30,49,98,124,12,104,25,26,0,31,20,
232,189,244,243,254,209,144,202,233,228,173,162,133,197,155,136,133,115,120,96,50,98,123,77,95,82,21,92,44,54,63,1,16,64,34,245,172,169,232,255,194,131,134,155,159,154,187,187,178,181,255,134,153,139,115,97,124,53,87,23,
5,5,87,51,36,45,38,63,4,1,91,94,91,19,251,251,253,204,132,247,201,252,190,180,237,132,137,152,206,173,218,125,47,122,121,59,118,68,89,85,50,55,113,38,88,80,69,92,179,177,166,191,163,163,135,158,131,134,151,233,
225,244,229,217,200,200,204,48,41,56,60,19,10,27,30,10,107,122,127,99,123,106,65,69,84,77,177,189,181,172,144,149,212,151,226,162,165,238,141,147,176,204,172,131,208,33,73,37,111,84,71,80,83,38,107,42,54,3,20,66,
24,91,167,238,225,247,183,222,213,192,205,206,174,245,173,188,131,137,140,208,97,105,100,109,66,83,3,112,71,30,108,53,58,60,117,72,92,85,77,168,165,255,240,198,172,163,167,202,174,173,239,161,182,155,151,145,140,212,103,39,
53,53,71,80,84,93,54,47,37,32,75,78,75,3,28,235,237,252,180,199,232,140,206,196,157,167,170,168,254,189,202,156,223,106,105,43,102,99,73,69,66,71,16,71,102,102,117,108,80,70,86,79,179,176,166,174,147,150,135,158,
130,252,224,225,229,232,193,200,194,213,204,49,46,54,38,23,10,27,14,118,107,122,127,85,68,90,71,88,73,188,160,185,168,172,144,154,139,142,250,234,234,239,211,203,218,222,53,36,61,33,45,52,28,0,5,68,20,114,50,53,
126,61,18,32,92,220,243,160,190,249,149,223,196,198,160,163,182,251,186,181,147,132,210,136,43,38,126,113,71,7,89,37,48,61,62,62,116,29,12,19,25,28,83,241,249,244,253,195,195,147,224,183,238,235,133,138,140,197,216,221,
32,45,101,125,124,64,18,68,91,73,49,50,47,119,21,85,71,168,226,253,226,243,209,192,194,223,157,144,238,190,185,185,191,142,215,164,139,62,124,97,0,66,71,94,16,26,101,59,113,60,55,78,27,6,27,23,225,228,179,228,
148,148,144,241,245,248,224,225,212,223,193,192,197,59,34,35,39,46,50,2,6,11,19,122,112,112,81,84,80,64,185,176,165,188,160,160,134,159,130,135,150,136,228,251,234,238,210,212,205,49,53,36,61,17,29,5,28,1,5,102,
127,99,103,118,94,66,78,87,78,178,168,225,137,132,204,195,225,154,189,150,242,185,158,197,195,171,199,124,103,101,114,113,68,22,95,40,37,58,117,23,76,73,8,31,226,170,252,247,226,239,221,221,151,207,222,182,180,185,206,135,
135,147,98,100,125,37,78,82,3,14,87,88,47,102,123,126,119,56,17,12,27,229,234,254,181,136,139,239,193,163,171,175,186,186,164,132,152,150,133,174,140,113,91,115,79,72,93,82,54,43,96,109,7,8,14,100,123,127,130,230,
245,183,233,209,195,223,217,180,236,175,239,205,205,143,152,108,101,126,103,125,73,3,6,19,91,84,51,53,52,124,63,16,68,6,252,165,239,241,208,134,245,130,196,231,162,161,243,190,171,145,157,138,143,40,110,46,46,13,20,24,
14,110,119,122,124,126,86,90,94,14,94,172,244,251,184,195,212,238,154,226,181,238,248,131,223,149,158,156,106,105,108,33,112,127,77,66,28,78,21,96,48,55,57,65,23,31,10,247,244,228,174,215,198,201,195,214,153,175,191,186,
187,189,133,221,166,137,40,37,127,112,70,15,2,7,106,103,42,33,55,72,30,17,3,31,25,229,189,239,175,143,236,212,216,173,234,226,185,150,137,136,155,154,103,98,56,61,56,112,94,86,88,81,97,9,46,99,25,27,74,25,
236,245,171,208,191,222,140,217,218,152,164,161,180,176,175,146,222,129,201,49,42,59,46,19,11,26,30,114,100,125,96,101,116,92,64,65,85,76,176,166,182,167,149,138,138,143,251,235,243,250,200,217,221,197,216,201,61,32,57,47,
42,30,7,11,15,110,119,106,110,79,86,91,87,168,185,188,160,184,152,156,128,153,136,140,235,250,235,239,210,155,210,223,103,104,43,127,80,115,15,111,64,98,124,12,104,42,41,0,31,20,25,172,244,243,254,209,143,221,233,228,
173,162,180,244,155,136,133,128,139,96,50,98,123,124,78,82,21,92,44,41,40,1,16,64,51,4,172,169,232,255,241,176,134,155,159,154,202,170,178,181,255,145,134,139,115,97,124,36,102,23,7,100,95,83,86,98,122,48,47,48,
16,3,18,16,237,175,181,128,200,199,207,209,169,233,146,165,232,145,147,210,144,149,140,51,72,55,105,3,78,82,96,45,56,45,8,23,26,69,10,66,185,162,163,167,170,178,130,134,141,147,242,232,237,204,213,217,216,45,52,56,
61,61,44,29,2,3,6,2,99,107,98,119,110,82,77,80,177,180,185,160,151,146,133,156,128,247,230,255,227,231,246,222,195,207,215,206,51,40,48,17,21,25,17,112,116,112,97,96,87,90,19,91,86,30,224,179,200,239,196,151,
231,200,235,245,149,224,146,145,155,132,159,97,36,109,122,119,89,7,69,30,27,90,58,60,124,18,1,28,8,243,235,169,249,195,196,198,203,156,213,164,161,176,182,175,247,171,140,213,32,97,119,121,8,13,0,1,37,35,62,41,
55,56,29,71,90,89,61,252,245,245,249,212,204,203,210,182,160,187,152,145,131,169,129,157,107,111,96,100,121,50,16,81,86,88,74,77,80,84,8,3,73,12,227,241,237,235,230,143,221,157,159,159,221,165,186,187,168,137,154,151,
213,40,37,101,113,65,71,70,14,109,51,118,52,46,119,10,31,6,88,35,172,227,185,244,207,133,192,206,163,175,184,189,203,156,210,218,223,206,59,60,37,40,41,12,4,8,9,109,124,98,114,83,86,82,66,186,176,167,190,162,
162,128,129,133,142,144,232,224,245,228,216,201,203,207,51,42,59,63,18,11,26,31,11,100,125,96,100,116,109,64,68,85,76,176,188,182,175,147,150,215,150,227,163,164,239,140,156,183,211,171,140,215,32,72,36,110,85,68,83,80,
37,104,41,55,2,21,67,25,90,168,233,254,240,184,223,212,193,204,207,175,246,174,191,128,138,143,209,96,104,101,108,69,92,4,111,64,17,109,52,59,61,116,73,95,83,94,246,238,254,241,131,213,202,216,183,173,184,248,162,234,
193,217,147,140,147,113,98,115,113,76,14,18,31,47,40,40,46,8,72,51,4,73,242,240,177,243,246,239,146,233,150,200,226,175,181,255,138,151,138,105,118,123,36,107,45,28,1,8,2,21,12,98,99,118,111,83,67,87,70,187,
171,186,144,156,132,149,135,152,248,252,228,249,232,223,196,218,195,203,46,46,34,51,18,22,26,108,117,121,125,124,84,89,85,93,68,73,190,190,167,171,175,142,134,138,134,239,246,237,208,153,193,204,148,106,41,82,101,78,58,113,
70,29,11,99,110,36,47,45,10,9,27,174,231,224,237,226,141,223,132,145,208,164,170,242,164,191,170,134,133,149,223,119,102,126,76,65,6,79,46,43,42,44,37,125,53,26,91,86,31,16,247,190,179,182,143,136,149,224,161,166,
168,235,236,224,228,152,147,42,124,115,97,125,74,71,31,77,13,111,112,58,21,10,11,24,232,234,231,165,184,134,198,193,209,215,214,239,140,163,230,164,158,216,154,111,118,40,66,13,83,9,68,95,102,35,62,51,63,40,28,91,
12,77,74,184,169,172,149,136,153,140,245,233,240,245,253,215,218,214,222,207,60,35,34,38,46,51,5,9,10,108,114,127,113,80,84,88,65,179,183,187,162,163,166,147,131,130,135,139,147,229,233,237,204,213,200,196,45,52,56,61,
95,15,10,74,93,22,20,59,8,116,4,4,95,73,33,189,247,237,239,200,203,206,131,161,174,171,188,250,145,194,207,150,153,159,48,102,125,104,85,86,87,29,53,36,43,50,7,72,9,1,28,228,234,251,187,200,239,153,148,221,
210,164,252,241,244,200,197,157,150,103,104,42,124,115,80,88,74,71,31,58,98,120,112,58,21,27,26,9,232,234,231,182,139,134,198,193,160,166,167,239,140,163,209,139,137,216,154,111,103,57,66,13,83,26,87,44,102,35,62,2,
14,25,28,91,12,186,165,184,169,172,132,153,136,140,245,233,227,230,206,215,218,214,47,62,60,35,34,25,25,28,5,9,10,125,99,110,113,80,84,75,82,179,183,187,179,146,151,147,131,130,248,252,252,229,233,237,221,196,200,196,
45,39,43,46,95,15,10,91,44,103,20,59,8,75,51,4,95,73,208,172,230,237,239,200,216,221,144,161,174,171,173,203,145,194,207,97,102,104,48,102,125,89,68,71,87,29,53,55,56,50,7,72,24,16,237,228,234,251,140,247,
216,153,148,221,163,181,252,241,244,222,145,159,138,101,99,117,105,11,14,5,105,40,41,33,53,32,1,31,30,2,28,15,211,255,232,252,206,199,200,203,128,168,164,140,128,135,155,158,221,41,104,127,113,19,20,59,63,83,88,98,
37,58,40,4,2,31,168,242,186,160,184,242,220,195,210,193,208,161,188,254,243,254,142,152,152,158,111,39,84,84,25,83,81,16,35,38,63,113,10,117,24,82,31,20,94,235,231,250,246,209,212,148,187,243,251,224,225,212,217,193,
192,197,203,34,35,39,43,99,26,23,95,80,99,24,40,59,71,55,24,91,180,212,176,226,225,216,199,220,209,148,221,187,182,169,247,149,206,220,101,106,108,44,83,64,93,88,67,91,106,58,51,52,54,59,93,20,20,17,224,249,
232,136,251,220,133,225,160,167,169,248,253,195,199,210,151,148,107,51,101,122,104,68,93,72,104,50,122,98,40,11,15,2,93,174,236,251,252,245,238,198,220,217,147,150,227,180,179,131,133,132,221,94,113,52,118,108,6,76,65,64,
22,101,99,37,119,50,49,84,17,12,225,237,250,238,137,222,159,152,157,247,250,251,254,231,218,219,223,206,195,211,37,40,36,12,29,31,17,112,116,124,97,83,87,92,66,68,65,167,190,162,166,183,174,133,137,144,241,244,225,241,
208,213,217,193,51,55,59,34,35,39,18,3,2,6,11,45,125,120,56,15,68,38,9,218,166,214,249,137,151,247,147,193,179,185,166,189,176,245,147,156,153,142,40,114,48,61,68,75,77,30,48,35,62,59,32,9,75,27,18,21,
23,245,186,251,243,206,214,216,201,233,154,189,247,194,131,132,138,219,47,34,38,51,99,68,85,90,24,78,33,34,42,56,21,77,31,76,172,207,228,232,204,139,131,201,198,217,175,164,189,183,178,200,220,217,145,110,102,123,114,2,
121,94,19,56,58,107,41,60,37,76,47,88,14,92,248,251,185,244,209,196,211,204,177,238,177,248,214,203,218,223,198,36,61,33,32,52,37,9,25,8,13,121,105,99,105,78,87,91,74,175,182,186,185,191,158,155,156,133,137,141,
253,228,232,236,205,199,202,198,46,55,58,47,15,22,26,30,31,121,125,105,120,105,92,65,8,80,93,229,249,186,193,214,253,137,224,183,236,250,146,217,155,152,130,157,150,106,63,118,113,124,83,30,76,23,98,35,53,59,67,21,
14,27,241,250,226,176,224,249,207,221,208,151,222,189,184,185,191,150,206,164,139,42,39,110,97,64,1,4,25,24,46,40,37,50,60,51,4,94,83,80,196,234,250,242,198,211,195,178,171,191,169,162,149,128,159,147,153,152,142,102,
85,117,113,78,83,84,72,45,110,107,5,10,12,102,121,125,128,228,247,181,235,207,197,209,223,202,234,161,233,243,203,129,158,110,103,124,101,127,75,1,4,17,89,86,45,51,58,122,1,22,74,0,2,163,225,243,210,132,247,128,
198,229,160,163,241,188,169,143,155,132,137,214,104,32,40,51,18,22,12,108,117,120,126,124,84,88,92,12,92,170,234,253,182,197,234,232,148,228,203,232,246,129,221,151,156,158,104,107,110,35,114,125,75,92,26,64,19,30,54,57,
63,127,17,29,8,245,246,230,172,213,196,203,193,212,155,169,161,188,181,187,155,219,168,143,214,35,125,114,68,13,0,5,104,101,40,35,53,70,24,15,5,17,31,251,187,225,169,177,234,214,218,175,232,224,187,148,139,138,153,152,
105,100,38,59,54,118,64,80,86,87,31,11,44,97,27,25,72,27,238,247,169,210,189,208,138,199,220,150,162,191,178,190,169,172,220,131,202,53,40,57,45,20,9,24,28,118,106,115,118,126,103,91,87,95,78,76,83,165,169,169,
140,149,136,139,237,242,252,225,211,215,218,194,195,199,58,35,42,46,55,1,4,15,16,121,124,117,100,86,73,80,84,174,183,186,185,239,142,139,203,220,151,228,164,143,251,131,148,207,200,160,60,118,125,108,75,72,77,0,81,47,
42,61,123,33,114,80,17,22,24,160,231,252,233,212,215,199,158,182,167,168,162,183,201,136,128,157,148,109,100,60,71,104,9,21,92,83,37,108,97,119,75,70,30,6,230,233,171,253,242,224,223,213,192,144,202,242,251,144,179,135,
138,214,214,100,115,100,109,87,78,68,65,27,30,108,60,59,59,61,29,85,38,9,188,254,231,190,196,201,216,142,156,235,189,239,186,134,204,153,132,153,149,99,102,49,102,23,16,22,15,114,115,102,110,82,83,71,86,75,164,189,
160,172,180,165,134,153,136,140,244,250,235,239,212,202,221,202,47,54,58,63,63,25,29,1,24,1,116,125,100,105,106,77,79,66,82,187,177,166,166,154,139,154,159,243,181,229,240,176,183,205,174,129,162,222,94,98,49,47,127,27,
72,75,49,46,37,40,74,11,4,17,6,80,251,184,181,252,243,214,150,200,219,182,179,169,177,195,147,138,141,104,109,34,115,123,71,78,80,65,17,98,38,127,122,59,12,2,82,87,170,171,236,197,208,207,201,222,194,225,228,255,
147,181,188,159,147,142,150,112,120,108,122,81,102,66,50,38,36,45,35,32,34,3,30,22,18,236,243,245,241,183,130,210,213,219,201,206,194,233,141,142,204,130,100,126,106,116,97,49,88,0,26,18,88,55,57,56,43,10,8,18,
168,173,168,224,255,198,200,193,145,234,205,243,169,171,250,184,156,133,219,160,47,113,60,73,74,8,69,64,36,32,63,34,125,17,89,65,90,75,79,163,187,170,175,145,139,141,241,245,181,229,193,129,134,205,174,129,81,45,77,98,
49,47,110,10,72,75,49,49,50,7,74,11,4,224,247,161,251,184,181,207,192,214,150,200,170,167,162,169,177,195,140,157,98,104,109,34,66,74,71,78,80,50,98,17,38,127,122,10,29,19,82,87,170,177,188,193,202,204,157,179,
164,190,170,180,146,194,152,192,216,179,97,117,120,55,55,82,77,82,35,48,33,50,15,77,64,77,29,233,233,239,254,182,244,219,142,204,198,159,178,183,174,192,187,196,139,33,108,103,45,75,86,75,71,64,69,99,52,100,96,119,
102,67,84,77,178,180,181,171,148,137,152,157,251,234,251,254,235,250,218,222,194,138,210,48,112,119,60,127,80,98,30,30,49,98,124,63,91,25,26,0,238,229,232,189,244,243,209,198,144,202,233,228,188,179,133,197,155,155,118,115,
120,96,50,83,74,77,95,82,21,51,59,54,63,1,1,81,34,245,172,169,251,204,194,131,134,155,238,235,187,187,178,130,208,134,153,139,115,112,109,53,87,23,7,119,44,32,37,98,75,1,30,1,16,3,229,255,250,176,181,128,
217,214,222,160,169,250,129,150,219,145,147,35,97,100,125,51,72,0,70,20,81,82,113,60,41,60,8,23,9,86,249,177,189,162,154,144,135,158,129,248,224,230,225,244,237,193,204,213,204,49,60,54,47,19,23,87,22,99,35,36,
111,12,28,55,83,43,12,87,160,200,164,238,213,196,211,208,165,232,169,183,130,149,195,153,218,40,105,126,112,56,95,84,65,76,79,47,118,46,63,0,10,15,81,224,232,229,236,197,220,132,239,192,145,237,180,187,189,244,201,223,
214,153,103,114,124,122,77,81,3,6,106,14,32,49,57,61,25,25,7,22,10,247,228,215,255,218,231,214,210,172,238,235,170,138,140,230,249,253,0,100,119,53,107,124,69,81,95,74,106,48,105,115,75,1,30,238,231,252,229,255,
250,129,132,145,217,214,222,179,186,250,129,150,202,128,130,35,97,100,82,4,119,0,70,20,32,35,113,60,41,15,27,4,9,86,249,174,174,179,154,144,135,241,244,241,224,225,213,208,193,192,196,200,115,59,54,126,113,2,104,79,
100,96,24,40,75,85,53,81,3,241,251,228,255,242,183,205,218,215,200,150,165,254,251,186,141,131,220,114,97,124,121,98,75,9,89,80,87,38,43,124,53,53,48,16,22,15,87,220,243,181,128,193,198,200,232,237,224,228,241,161,
130,139,156,214,136,159,100,100,126,107,11,78,14,108,108,46,57,15,6,29,4,30,27,162,167,178,250,245,204,210,219,155,224,183,229,167,157,196,142,131,115,37,86,33,103,6,67,64,18,95,74,46,58,37,40,119,24,65,73,172,
189,191,177,144,149,144,129,128,246,243,226,227,231,235,146,218,215,159,144,52,71,104,123,7,119,73,106,116,20,112,34,18,24,7,28,17,165,236,251,246,233,183,194,145,156,165,170,172,253,147,128,157,152,112,104,42,122,115,116,71,
74,29,84,84,81,55,57,40,72,59,13,84,161,224,231,233,139,142,131,130,213,211,191,168,182,185,173,216,221,214,186,108,101,116,120,85,77,91,66,53,35,56,3,51,31,42,2,30,24,82,176,241,246,248,170,173,176,180,168,163,
233,172,131,145,141,139,134,47,125,61,63,63,125,69,90,91,72,41,58,55,117,72,69,5,17,225,231,230,174,205,211,150,212,206,151,170,191,166,248,131,204,131,217,148,111,37,96,110,67,79,88,93,107,60,124,124,127,102,93,64,
88,73,76,178,185,168,172,144,216,147,158,166,169,234,145,151,188,200,176,135,220,61,77,41,107,104,67,92,87,90,111,38,50,63,16,78,28,71,163,226,229,235,179,218,201,196,193,202,210,241,161,184,191,141,128,212,157,109,104,105,
126,87,15,116,91,26,104,41,62,48,113,116,88,92,89,9,233,243,244,148,171,175,163,182,170,161,235,189,178,159,139,149,128,208,123,35,59,80,115,71,89,22,22,36,51,36,60,23,14,4,1,172,161,172,252,251,251,204,221,149,
230,201,252,173,167,254,132,137,137,223,92,43,125,47,77,70,12,89,68,89,36,35,38,113,38,68,78,86,71,181,170,170,175,154,139,146,152,232,249,252,227,248,216,221,192,217,193,205,62,39,42,47,14,23,10,11,111,127,120,76,
85,88,93,92,77,176,161,160,164,168,177,131,135,138,146,243,231,235,162,202,199,143,111,36,87,120,75,55,118,89,26,4,100,115,33,34,40,55,12,16,85,28,235,230,249,136,210,129,140,213,171,173,237,163,176,173,155,128,152,218,
138,99,117,119,122,13,68,83,46,39,41,56,120,58,29,68,81,16,23,234,187,190,179,183,147,195,211,218,173,231,174,129,147,155,137,132,45,127,63,63,92,68,72,93,26,18,88,38,57,56,43,10,8,18,168,173,168,224,206,198,
200,193,145,234,190,243,169,171,250,184,156,133,219,160,47,110,60,73,74,8,69,49,36,32,63,34,125,17,88,74,90,67,184,191,166,171,166,143,129,139,236,245,248,255,205,212,217,220,221,62,58,34,35,38,43,3,2,6,15,19,
123,107,112,81,84,89,81,184,188,165,188,160,151,134,159,131,134,150,254,227,231,166,246,212,156,147,32,91,124,70,2,122,93,6,0,27,119,61,38,36,2,1,20,89,24,23,245,234,180,214,141,136,216,175,161,233,191,135,146,159,
156,156,214,127,110,113,123,126,49,87,87,82,35,37,45,117,62,17,64,77,231,232,238,167,186,191,135,200,214,195,220,181,186,174,244,201,202,191,145,96,104,108,121,74,84,69,89,87,53,15,46,62,54,60,21,36,29,14,211,225,
250,242,207,193,128,158,167,168,174,196,219,238,226,230,154,145,219,98,117,111,123,69,65,17,75,115,107,0,48,4,9,70,70,20,242,229,236,231,254,195,222,156,145,156,172,186,186,188,141,197,182,138,63,125,119,46,69,72,89,15,
108,27,58,112,61,54,124,9,5,24,20,243,246,178,229,148,147,134,159,243,245,231,254,226,225,192,193,196,201,208,32,36,45,49,24,29,22,15,115,113,102,127,82,83,71,94,66,184,160,166,172,180,165,134,153,136,141,248,233,227,
233,206,215,218,204,47,54,59,62,110,1,12,84,91,24,99,37,14,122,2,21,93,75,35,191,245,254,237,202,201,204,129,208,160,173,162,252,174,196,209,144,151,153,33,100,127,106,87,84,68,31,55,38,41,35,1,70,15,31,26,
27,236,229,189,198,233,136,150,223,208,166,239,243,246,202,199,159,135,97,102,44,98,117,111,94,84,65,17,75,96,120,19,48,4,9,87,87,229,242,229,236,208,193,195,222,156,224,237,189,186,186,188,158,214,165,138,63,125,102,63,
69,72,89,96,27,100,58,112,61,7,77,24,5,24,20,224,229,178,229,148,130,151,142,243,245,231,209,213,222,192,193,196,56,33,32,36,45,2,11,14,22,15,115,96,119,110,82,83,71,177,181,184,160,166,157,133,148,134,153,136,
254,235,250,227,233,206,198,203,204,47,54,44,17,89,1,12,84,42,105,18,37,14,122,49,6,93,75,35,174,228,239,237,202,201,219,238,167,160,173,162,205,159,196,209,144,100,106,50,100,127,106,70,69,85,31,55,38,62,12,1,
70,15,238,235,234,236,229,189,245,218,155,150,223,208,183,254,243,246,207,159,153,116,99,109,98,87,13,0,3,119,89,43,35,55,34,50,29,28,0,30,13,194,254,232,197,214,202,217,179,171,141,172,188,135,141,139,219,214,159,97,
119,29,18,22,42,49,85,38,100,58,60,22,2,12,25,89,240,184,160,219,248,252,192,159,159,221,202,186,187,168,137,139,134,213,40,37,101,98,114,71,70,14,109,66,118,52,46,119,61,48,6,88,35,172,242,168,244,207,133,192,
221,163,175,184,189,250,173,221,218,223,198,203,205,56,41,45,22,8,8,13,112,105,120,124,86,74,83,86,94,71,186,184,191,166,170,132,152,137,141,240,232,239,229,205,212,216,218,46,55,59,58,62,30,28,3,2,6,13,124,101,
104,105,76,85,72,76,173,180,184,174,223,143,138,202,221,231,148,187,136,244,132,132,223,201,161,61,102,109,111,72,75,78,16,33,46,43,60,122,17,66,79,22,25,232,176,230,253,232,213,199,215,157,181,164,171,178,135,200,137,129,
109,100,106,123,59,72,88,25,20,93,82,36,124,113,116,72,69,14,22,231,232,170,252,194,208,216,202,199,159,186,226,250,145,178,151,154,213,213,103,112,116,125,86,79,69,64,107,110,107,35,60,11,13,28,84,39,8,172,238,228,
189,199,202,200,158,157,234,188,255,138,137,203,134,131,105,101,98,103,48,103,7,0,21,12,113,100,118,111,83,80,70,78,179,182,167,190,162,156,128,137,140,148,252,224,226,245,236,208,194,214,207,51,54,38,41,27,11,26,30,115,
100,125,97,96,116,84,70,89,72,76,183,186,171,174,151,138,138,142,242,235,250,254,212,149,197,208,144,151,45,78,97,66,62,109,66,17,15,31,123,40,43,17,14,5,8,170,235,228,241,230,129,219,152,149,220,211,182,246,168,187,
150,147,137,145,35,115,106,66,72,77,2,83,91,39,46,48,33,113,2,6,95,90,27,236,243,178,183,138,139,204,165,176,175,169,190,162,193,196,223,179,149,111,127,115,110,118,80,88,76,90,49,6,45,20,1,26,14,5,247,231,
201,228,231,248,218,219,217,212,151,226,178,181,187,233,238,245,9,13,97,106,48,87,72,90,86,80,77,102,36,100,116,23,29,17,20,83,171,225,233,206,199,220,197,223,171,225,228,241,185,133,141,147,154,218,161,103,42,96,98,3,
65,83,50,100,23,96,23,69,0,3,81,28,250,239,251,228,233,182,200,143,137,147,242,232,237,204,221,223,192,56,60,37,60,33,33,87,7,18,82,85,111,12,35,0,124,60,12,87,177,217,181,255,213,215,192,195,214,232,169,166,
179,164,242,153,218,215,158,145,103,56,110,69,80,93,79,47,101,61,44,51,10,15,64,17,25,20,236,242,227,179,192,192,145,156,165,170,172,244,201,204,192,205,133,110,111,96,50,100,74,88,64,82,79,23,34,106,114,41,10,14,
18,173,173,239,248,204,197,222,199,221,216,227,230,243,187,180,188,149,148,220,95,112,36,102,92,5,79,66,48,102,21,98,36,118,2,1,83,30,11,241,253,234,239,136,223,129,143,237,244,249,252,206,223,221,194,203,62,39,62,35,
35,102,25,20,92,83,96,27,45,6,66,58,29,85,179,219,183,253,230,213,194,193,212,153,216,184,181,170,244,150,220,217,152,111,97,41,108,71,82,95,92,92,103,63,46,49,59,9,94,23,23,18,227,244,237,181,254,209,128,158,
167,168,174,231,203,206,199,136,150,131,107,117,122,110,52,9,27,127,81,32,40,63,42,10,20,5,25,230,245,217,234,242,244,196,153,148,221,210,181,223,208,212,232,128,148,154,8,15,3,107,77,67,11,74,93,44,70,89,49,54,
56,88,85,38,58,200,247,174,250,150,247,159,240,242,170,167,248,152,133,149,202,186,151,136,120,115,96,53,3,112,86,95,47,35,62,55,17,8,28,10,1,168,205,224,228,244,196,212,209,152,159,237,228,243,212,135,136,142,214,9,
13,84,85,114,68,29,70,89,10,58,101,31,52,23,85,15,17,75,184,199,255,251,239,198,201,202,168,224,238,50,84,76,205,180,155,156,143,117,111,58,76,75,64,87,90,99,165,203,219,70,65,102,47,46,223,225,160,227,244,175,
197,130,240,211,136,242,162,180,214,221,170,100,96,91,96,121,112,76,95,25,29,95,72,60,53,46,55,13,25,83,86,163,235,228,195,197,196,140,239,192,244,182,172,245,191,129,128,214,165,210,116,55,114,113,3,78,91,33,45,58,
63,120,30,95,84,93,68,72,190,190,167,170,175,142,134,138,139,239,246,236,211,200,217,222,193,41,49,63,61,36,41,27,30,7,10,12,127,102,107,103,79,86,76,177,168,190,187,188,147,145,208,152,149,174,161,242,137,174,133,208,
168,143,212,50,90,33,83,80,90,69,47,34,103,46,57,52,24,70,4,95,90,27,253,243,187,237,198,204,201,178,170,232,184,128,135,133,136,223,150,101,96,113,119,110,7,108,67,18,31,38,54,56,73,76,65,64,250,209,236,245,
229,155,130,200,199,216,217,187,186,184,181,247,202,216,144,111,103,105,113,1,122,93,16,74,59,106,40,61,36,122,48,95,1,91,22,250,184,245,208,197,193,207,178,237,178,245,226,202,219,222,198,218,58,62,34,59,42,46,5,20,
13,113,114,100,110,83,73,95,90,174,176,178,243,187,182,207,192,147,232,207,228,247,135,168,203,213,164,192,114,113,123,100,76,65,4,77,90,87,57,103,37,126,123,21,26,28,92,242,225,237,232,211,203,137,217,163,164,166,171,252,
132,132,129,144,150,143,56,75,108,53,0,65,87,89,104,109,96,114,38,3,12,15,7,235,255,178,163,185,171,128,133,148,241,169,187,228,237,207,213,217,207,46,75,107,118,47,23,5,28,31,101,35,37,58,60,53,14,18,68,78,
173,198,232,242,206,196,203,205,168,250,173,186,189,180,152,153,155,150,212,122,60,57,122,68,81,93,91,44,48,98,103,77,34,5,10,1,16,245,194,253,254,240,212,230,209,210,174,177,153,177,141,138,142,129,116,105,54,117,51,77,
66,84,73,17,54,14,15,15,49,80,19,23,76,245,178,192,242,233,147,210,196,134,242,141,180,176,139,176,152,145,156,143,41,62,124,107,76,69,94,86,44,41,99,102,115,4,3,19,21,20,173,206,225,164,230,220,150,220,209,176,
230,149,243,149,199,130,129,36,97,124,113,125,106,94,25,78,15,4,109,103,107,110,78,87,75,78,175,182,186,187,136,153,156,131,152,137,255,224,249,225,239,222,199,202,203,46,55,43,45,15,22,27,23,104,121,124,97,120,95,85,
93,68,73,68,190,167,170,173,223,143,155,219,172,231,148,148,191,203,179,132,223,56,80,44,102,109,111,91,88,93,16,33,63,58,45,75,17,66,160,225,230,232,176,230,204,217,196,199,215,238,166,183,184,178,135,217,152,144,109,100,
106,84,12,119,88,25,101,44,35,53,124,113,71,94,13,46,27,250,227,166,189,231,198,209,161,163,173,227,163,141,134,153,211,217,189,107,116,119,111,114,71,10,2,6,122,107,17,9,10,85,94,64,169,196,236,233,168,147,151,139,
154,232,209,166,185,191,182,141,128,193,48,40,75,109,77,73,75,76,82,94,119,40,39,56,57,42,26,24,21,87,249,177,188,199,193,220,203,164,171,191,229,248,251,175,128,151,132,157,118,65,126,125,115,70,124,93,45,37,47,41,
92,31,73,8,31,226,247,167,152,201,192,249,223,134,205,210,241,175,232,170,137,162,201,120,110,60,55,80,66,78,125,94,95,94,42,33,127,115,57,1,22,31,244,237,231,243,137,140,137,193,222,165,171,162,242,137,159,210,136,138,
219,153,123,106,60,127,8,94,29,40,43,105,36,18,7,3,28,1,94,240,185,170,187,170,174,132,148,141,240,245,245,236,208,209,197,220,50,53,38,63,32,39,7,23,1,27,10,96,97,116,109,80,86,85,76,177,189,165,188,146,
151,134,152,135,235,250,255,234,251,234,192,205,212,205,49,53,100,52,1,65,70,30,29,50,17,109,13,19,64,94,46,74,8,228,230,241,242,199,155,218,213,160,183,225,168,203,198,143,128,150,39,121,106,103,98,94,94,20,76,93,
34,57,60,115,2,10,7,29,227,242,162,209,215,142,139,202,221,211,229,248,253,244,167,180,144,129,137,60,45,124,107,76,69,94,71,44,41,99,102,115,59,3,19,21,20,92,206,225,164,230,220,133,220,209,176,230,149,226,149,199,
130,129,211,97,124,113,125,106,111,25,78,14,10,109,124,109,114,83,84,90,83,176,181,167,185,166,132,157,128,141,148,141,225,236,245,236,208,199,135,215,34,98,101,63,124,83,112,12,108,60,103,97,9,101,30,5,7,16,19,230,
184,249,246,195,212,130,201,234,231,174,161,128,200,158,149,128,141,127,127,53,109,124,67,90,95,16,33,41,53,60,2,19,67,48,240,161,172,245,250,252,132,153,156,149,249,183,176,187,171,142,146,198,198,58,62,39,66,77,70,17,
5,4,101,0,48,45,100,100,75,79,86,44,237,243,245,251,202,201,204,253,244,228,143,177,184,133,143,144,150,146,192,116,99,116,125,86,94,84,81,107,61,98,64,3,13,24,23,17,231,251,185,188,183,235,220,211,200,217,187,133,
178,185,143,130,166,97,124,73,97,125,74,20,87,17,80,87,42,47,127,80,1,56,33,23,78,245,234,174,215,144,226,193,250,241,176,166,228,239,152,138,150,180,143,138,103,120,117,55,11,65,73,46,39,60,37,63,11,65,68,81,
25,229,237,243,250,186,193,199,138,192,194,227,161,179,146,196,183,192,119,37,96,99,49,124,90,79,91,68,73,22,40,97,110,115,82,73,78,172,181,185,190,141,148,153,149,157,132,248,255,254,229,232,195,197,206,215,206,50,40,48,
17,20,25,0,112,116,125,97,96,86,89,66,67,68,75,163,160,165,183,167,145,148,141,240,241,228,236,209,215,197,220,193,62,38,63,34,39,103,6,19,83,84,31,11,44,7,67,59,28,86,176,216,180,254,229,212,195,192,213,152,
168,167,178,165,243,169,221,216,153,110,96,40,111,68,81,92,95,44,102,62,47,48,58,14,65,16,24,21,28,245,236,180,255,208,144,157,164,171,173,228,202,207,198,136,135,152,104,123,122,120,117,24,29,50,53,52,37,42,54,79,
18,8,4,246,174,186,160,166,142,139,223,208,214,215,188,252,190,169,142,135,141,148,110,107,33,55,40,47,35,72,93,53,107,16,127,33,105,80,29,22,92,240,244,240,239,210,141,206,219,182,161,169,230,166,149,158,138,218,222,44,
116,123,56,117,70,21,77,68,49,32,97,40,80,79,87,83,171,225,254,225,240,227,197,223,218,144,149,224,185,182,190,128,137,218,161,118,59,113,115,3,65,68,93,19,104,96,38,116,49,50,81,28,9,28,232,247,233,182,217,151,
155,152,239,254,252,227,234,208,192,193,196,192,208,32,37,40,96,8,5,94,81,98,25,62,4,64,56,31,68,66,213,177,227,224,234,245,223,210,151,222,169,183,168,246,148,207,202,154,109,99,43,125,118,92,89,66,90,24,57,48,
55,53,56,79,21,21,16,225,231,254,183,252,211,130,143,161,166,168,249,252,241,205,133,157,156,147,11,31,19,23,75,64,27,77,34,48,44,42,16,64,26,66,88,80,235,228,251,250,233,219,217,212,150,235,230,183,176,128,134,135,
207,91,124,49,107,105,9,75,94,71,25,98,126,32,122,55,12,70,18,15,226,238,249,211,140,211,149,133,152,248,252,228,249,232,237,198,218,203,207,51,59,42,46,18,11,26,113,114,100,117,101,120,80,84,93,68,72,191,190,167,
171,175,142,134,139,135,239,246,251,208,200,217,221,193,41,56,60,40,57,40,31,2,75,19,30,38,56,123,0,23,60,95,223,240,163,189,205,152,218,217,195,220,215,169,252,181,178,191,129,223,141,214,35,98,114,68,4,90,73,68,
48,59,35,113,33,11,12,30,19,84,29,252,249,248,254,215,143,227,180,237,232,169,143,129,192,197,216,220,42,122,122,115,116,62,65,86,76,76,38,44,116,22,86,68,68,231,240,231,238,229,252,197,192,154,159,154,163,188,180,186,
179,195,167,136,61,127,117,44,71,74,91,13,110,106,60,110,59,56,122,6,3,22,18,13,240,176,231,153,145,132,140,240,240,229,252,225,210,198,223,195,199,214,62,34,38,55,46,5,14,16,121,113,100,100,88,73,88,92,64,170,
187,191,163,186,154,159,139,155,138,143,228,244,237,209,213,196,204,48,60,37,60,19,22,87,7,18,82,36,111,12,35,0,124,43,12,87,177,217,164,238,213,215,192,195,165,232,169,166,179,164,195,153,218,215,158,126,112,56,110,69,
80,76,79,47,101,61,44,0,10,15,64,17,232,229,236,242,227,179,239,192,145,156,165,170,189,244,201,204,197,206,43,38,111,96,118,45,34,38,58,94,93,112,38,57,43,7,16,13,85,247,183,165,182,196,211,196,205,198,174,164,
161,251,254,204,156,155,155,157,108,53,70,105,28,94,84,30,36,41,56,110,60,75,29,79,26,25,172,249,228,249,245,210,198,145,198,249,246,246,239,210,210,198,223,50,54,39,62,34,38,0,1,5,14,16,103,98,117,108,80,84,
86,79,179,183,166,191,147,159,135,158,131,248,224,225,229,233,240,192,196,192,209,48,52,42,99,11,6,78,80,99,24,63,20,112,55,24,91,69,37,65,226,225,235,244,207,209,148,221,170,167,184,247,149,206,203,138,157,108,44,98,
113,108,88,67,91,25,73,32,52,54,59,76,5,5,17,224,230,255,167,251,220,133,144,209,214,169,248,253,240,244,193,130,146,155,108,38,105,126,84,84,78,91,108,62,126,124,124,62,24,31,22,13,20,253,248,178,183,130,202,212,
220,162,171,235,144,144,213,151,141,212,111,98,99,53,70,49,68,22,83,80,98,47,43,62,10,21,24,168,255,176,191,188,165,153,153,157,132,136,140,254,231,235,239,206,198,202,201,47,49,60,12,21,25,29,28,5,120,124,125,100,
105,86,94,71,74,78,174,166,170,174,143,150,154,249,232,249,253,224,152,192,205,149,154,217,81,102,77,57,65,86,28,10,98,126,52,40,18,13,6,11,94,230,225,236,227,189,239,135,146,211,212,218,243,165,190,171,150,149,146,32,
112,105,110,124,64,7,78,94,91,41,47,38,126,5,42,90,87,30,17,231,174,180,137,136,207,201,181,162,172,163,167,253,195,192,183,152,159,140,116,110,73,118,69,84,89,19,44,39,35,21,38,6,2,29,17,229,249,252,191,186,
202,221,211,177,182,202,209,181,134,196,154,141,118,98,108,121,57,80,24,2,26,80,79,33,48,35,50,48,13,80,85,160,232,231,254,192,201,137,242,197,251,177,179,242,176,181,157,211,168,215,137,52,113,114,0,77,88,92,40,55,
58,101,42,81,89,66,67,71,187,163,162,167,169,179,133,137,141,189,237,232,185,142,197,182,153,89,37,85,122,57,39,118,18,64,67,73,86,58,63,114,3,12,24,15,169,243,160,173,199,200,206,142,192,211,191,186,161,185,251,132,
149,154,144,101,42,122,114,79,70,72,89,106,25,62,103,114,2,5,11,90,95,82,185,180,249,242,196,132,203,220,182,162,172,170,202,144,216,192,187,105,109,96,63,63,125,69,90,91,72,41,58,55,117,72,69,5,17,225,231,230,
174,205,211,150,212,206,151,170,191,166,248,131,204,131,217,148,111,37,96,110,67,79,88,93,107,60,115,124,127,102,92,68,88,73,77,177,185,168,172,144,137,139,143,244,234,252,249,207,214,218,222,223,198,61,33,56,41,44,9,25,
8,13,113,105,107,111,83,74,91,95,186,171,186,190,163,213,133,144,208,215,156,142,161,130,254,190,145,209,207,95,59,121,107,81,78,69,72,29,43,36,49,38,112,42,88,85,28,19,229,182,232,251,214,211,216,209,227,179,170,173,
191,141,194,147,155,150,110,112,97,49,66,85,31,26,91,44,34,99,119,74,78,75,27,236,237,226,176,230,249,218,194,208,205,149,183,228,244,151,140,128,148,211,43,97,126,97,71,92,69,95,90,16,100,113,57,54,62,19,26,90,
33,246,187,224,226,131,193,196,221,228,151,224,166,244,128,131,209,156,137,156,123,100,105,54,89,30,8,19,114,119,127,76,85,89,93,92,69,184,188,189,164,168,171,158,128,141,146,243,230,234,243,210,214,218,44,53,56,52,60,37,
25,29,29,4,8,127,126,103,107,103,78,70,74,79,254,174,171,196,203,136,243,196,158,234,146,165,254,232,179,207,133,142,140,107,121,124,49,64,79,93,50,108,62,101,112,0,7,9,81,7,28,250,231,228,244,190,199,214,217,211,
166,233,191,143,138,139,141,132,45,86,121,56,53,79,64,86,31,18,23,127,48,62,43,4,2,18,246,172,161,162,228,203,204,223,214,204,152,167,180,186,191,141,155,152,148,139,64,119,115,76,64,71,91,47,108,105,40,63,49,96,
103,123,127,19,233,179,229,250,232,196,221,200,232,178,250,224,201,131,156,131,146,114,99,97,124,62,51,15,95,88,88,94,47,120,3,20,89,19,0,161,227,230,255,177,249,134,216,146,223,212,239,186,167,186,182,134,139,212,123,51,
59,49,16,20,25,1,0,118,120,98,99,103,90,18,90,87,31,16,180,199,232,251,135,247,201,234,244,148,240,145,146,152,135,156,145,37,108,123,118,105,55,66,17,28,37,42,61,125,19,0,29,24,240,232,170,250,243,244,199,202,
157,212,212,190,183,185,168,200,187,141,212,33,96,103,105,11,14,3,7,18,38,37,43,115,37,58,7,19,29,8,168,242,171,179,232,203,207,209,238,238,172,187,188,132,159,134,156,153,211,57,52,116,115,67,84,85,29,30,49,116,
37,31,70,12,1,0,167,212,163,229,183,197,222,148,209,204,161,188,171,174,201,158,209,205,46,55,58,58,15,22,26,30,31,6,125,97,120,105,109,86,89,79,69,173,188,173,178,147,150,147,130,250,240,231,254,227,228,192,193,196,
201,129,56,53,125,114,1,122,78,101,97,25,62,101,82,58,86,28,7,250,229,254,243,182,255,217,212,203,149,183,236,250,187,140,130,202,141,102,115,126,125,125,8,88,81,86,84,89,127,54,54,51,2,23,14,86,221,242,163,191,
198,201,207,134,155,225,229,240,160,176,136,159,213,139,156,118,101,127,106,10,80,24,17,10,41,45,32,72,64,10,5,26,27,249,248,250,247,181,136,150,214,209,161,167,183,255,188,147,214,148,121,40,106,127,102,56,114,29,67,25,
84,60,118,51,46,3,15,9,12,171,252,179,188,136,153,156,132,152,248,252,224,249,232,236,195,218,203,207,52,42,45,39,15,30,28,108,117,120,117,124,109,94,65,64,69,74,81,163,166,171,227,139,151,223,208,227,152,191,187,199,
183,152,219,197,84,48,98,97,107,71,92,81,20,93,42,54,41,119,21,78,75,229,234,236,172,226,192,221,216,195,219,153,186,179,180,182,187,204,148,148,145,96,102,104,8,123,92,5,16,32,39,41,120,125,112,66,21,19,14,25,
246,249,237,183,138,137,249,174,161,186,171,169,183,128,139,157,144,78,111,127,119,125,123,26,23,94,81,39,77,85,105,109,1,10,161,247,232,250,246,240,222,134,196,132,150,150,181,162,181,188,151,145,147,110,44,33,44,77,74,74,
76,93,21,21,58,111,45,39,79,21,24,9,95,220,180,234,128,205,198,140,168,181,168,164,163,149,194,149,197,197,214,62,34,39,55,46,19,10,16,113,117,121,32,72,69,13,2,81,217,254,213,177,201,238,132,130,234,134,204,160,
170,181,142,131,198,158,105,100,123,37,103,15,10,75,92,82,107,61,54,35,46,45,26,88,8,225,230,228,248,143,198,198,195,161,167,190,230,141,162,194,207,150,153,159,214,60,49,53,0,69,87,89,97,55,40,58,5,3,30,70,
4,68,165,198,253,241,244,156,156,222,201,174,167,173,180,142,139,193,196,34,106,101,109,115,75,11,112,71,10,64,45,116,62,51,18,68,38,81,247,165,224,240,130,207,218,207,219,181,184,231,168,224,236,220,205,207,208,49,39,41,
49,23,16,5,15,114,127,102,127,98,94,71,94,66,70,241,185,180,252,243,128,234,205,230,226,154,189,245,211,187,215,157,119,117,98,97,116,57,79,88,85,74,20,54,124,121,56,15,1,90,12,231,242,255,252,205,135,223,206,209,
219,169,254,183,183,178,146,148,141,213,94,113,51,62,71,72,78,7,107,110,98,111,39,0,9,30,84,10,29,230,230,252,233,137,211,136,144,139,168,172,176,207,207,141,154,157,107,120,121,123,118,52,24,21,85,82,34,55,54,126,
61,18,87,4,254,167,237,224,225,136,243,156,194,152,164,191,245,176,173,128,159,136,141,42,125,61,40,15,30,28,3,117,122,124,124,98,109,65,64,69,64,81,176,166,163,178,147,151,138,194,234,231,175,160,196,183,152,171,215,167,
121,58,36,68,32,65,66,72,87,44,33,117,60,11,6,25,71,242,161,172,245,250,205,141,195,208,205,200,160,184,250,170,131,132,151,154,45,100,100,78,71,73,88,24,107,61,100,113,48,55,57,91,94,83,82,229,242,239,248,198,
201,221,232,237,230,137,190,177,155,138,136,167,144,104,126,115,87,127,90,118,86,82,44,110,107,5,10,12,102,121,140,128,228,247,181,235,207,197,209,223,202,234,161,233,243,203,129,137,110,103,124,101,127,75,1,4,17,89,86,45,
51,58,122,1,7,74,0,2,163,225,243,210,132,247,128,198,229,160,163,241,188,154,143,155,132,137,214,104,46,46,51,26,16,16,113,116,113,96,80,85,80,65,64,68,187,243,187,182,254,241,147,232,207,228,224,135,168,203,213,181,
209,114,113,123,100,127,114,4,77,90,87,72,103,37,126,123,58,13,28,92,242,225,252,249,211,203,137,217,208,164,166,171,252,181,181,129,144,150,143,215,92,108,53,0,65,70,89,104,109,96,100,113,18,2,11,28,86,8,238,228,
228,254,235,156,206,142,236,236,174,168,143,134,157,132,158,104,34,39,50,122,68,76,82,91,27,96,32,101,39,29,68,14,18,243,165,214,161,212,134,195,192,146,223,187,174,186,165,168,247,143,193,201,44,61,46,49,16,21,16,1,
115,118,115,98,99,103,90,18,90,87,31,255,180,199,232,251,135,230,201,234,244,148,240,145,146,152,135,156,96,37,108,123,118,105,24,66,17,28,37,42,61,125,19,0,29,11,240,232,170,250,243,197,199,202,157,212,212,190,183,185,
168,200,170,141,212,33,96,103,122,11,14,3,2,85,34,63,40,54,57,26,88,93,86,57,238,240,235,250,216,247,192,216,174,163,135,175,155,166,134,130,156,222,44,117,122,124,22,41,60,48,84,39,101,40,63,21,1,15,26,171,
241,185,163,187,241,217,222,215,204,213,190,187,241,244,193,137,149,157,99,106,42,81,87,26,80,82,19,46,35,34,116,7,112,7,85,16,19,161,236,234,255,203,212,217,151,184,254,254,227,226,217,216,220,197,200,205,61,36,41,37,
13,7,11,15,110,127,125,115,82,87,91,67,74,189,160,169,173,180,156,128,132,149,140,240,231,246,239,210,222,198,206,51,55,39,62,21,25,0,1,5,1,97,96,100,105,32,72,86,30,17,162,217,239,196,128,248,223,132,245,149,
241,163,160,170,132,159,146,215,158,122,119,104,54,84,15,27,90,45,35,107,61,1,28,25,2,26,169,249,240,247,245,248,156,213,213,208,161,167,175,247,188,147,194,32,97,102,104,57,60,0,4,17,65,81,88,60,118,40,63,21,
4,30,11,171,241,185,140,140,206,217,222,215,189,164,190,187,241,199,210,154,149,157,99,123,59,64,87,26,80,61,100,46,35,34,69,54,65,7,85,16,224,178,255,234,255,203,197,200,151,184,254,233,204,213,217,216,220,52,57,60,
61,36,41,22,30,7,11,15,127,110,108,115,82,87,76,172,189,189,160,169,156,133,156,128,132,230,255,227,231,246,239,195,207,215,206,51,55,48,17,21,25,0,112,116,112,97,96,100,90,19,91,86,30,17,179,200,239,196,128,231,
200,235,245,149,241,146,145,155,132,159,146,36,109,122,119,104,7,69,30,27,90,45,60,124,18,1,28,25,243,235,169,249,240,196,198,203,156,213,213,161,176,182,175,247,188,140,213,32,97,102,121,8,13,0,1,1,111,106,43,60,
50,80,102,122,18,21,27,180,253,242,196,174,161,216,175,161,224,237,142,161,163,156,198,146,63,94,38,88,42,114,88,15,119,45,61,114,19,14,17,0,11,251,174,168,203,252,243,217,200,202,151,233,214,178,180,185,192,165,137,141,
109,108,108,105,3,4,6,28,27,60,46,33,55,126,81,122,126,39,38,214,232,168,235,204,151,222,153,136,171,128,250,171,140,222,213,178,147,159,92,117,122,121,76,12,27,223,193,209,105,26,3,1,13,11,0,244,171,109,19,3,
185,153,190,231,230,150,185,232,171,140,215,158,202,72,107,64,58,107,76,30,21,114,83,40,3,56,49,56,5,7,81,85,231,240,231,253,214,207,197,192,235,238,235,163,188,180,141,156,212,167,136,61,110,100,61,71,74,72,30,29,
106,60,110,10,9,75,6,3,22,229,226,231,176,231,135,141,149,132,246,233,235,238,209,202,219,222,48,43,58,63,34,4,29,1,0,20,13,96,96,117,107,86,73,76,70,255,175,170,251,204,135,244,219,232,235,147,164,255,233,129,
204,134,141,143,104,120,125,48,65,78,75,77,107,49,98,111,54,6,8,80,6,29,249,228,231,247,189,213,215,216,210,167,232,169,176,141,132,138,155,44,87,120,57,52,125,67,85,28,17,20,109,45,14,59,26,18,70,87,229,242,
229,236,208,193,195,222,156,145,237,189,186,186,188,158,214,165,138,63,125,102,63,69,72,89,15,27,100,58,112,61,7,77,24,5,24,20,224,229,178,229,154,149,151,142,243,243,231,209,213,217,192,193,197,56,33,32,36,47,49,1,
4,22,8,117,123,109,103,30,78,75,228,235,168,211,228,207,138,242,197,158,136,147,239,165,174,172,139,153,156,209,96,111,106,82,12,94,5,16,32,39,41,113,39,60,26,7,4,20,94,246,246,249,243,198,137,223,175,170,171,173,
164,205,182,153,216,213,156,96,118,63,50,55,31,115,94,89,34,50,48,20,89,88,66,64,181,184,161,220,252,196,147,130,152,138,142,226,251,150,190,155,218,204,46,50,36,94,78,80,71,73,88,91,45,115,97,122,25,63,31,27,
25,30,224,243,161,198,209,198,207,181,172,166,163,249,175,195,206,149,147,142,104,118,121,109,55,10,22,120,33,35,47,41,19,22,58,5,30,233,254,205,253,249,246,203,220,192,213,130,185,248,185,142,128,149,212,11,90,83,91,125,
23,92,67,0,65,14,5,62,29,111,38,31,77,70,193,224,236,206,205,204,205,200,195,238,226,168,167,184,136,155,154,152,149,215,61,56,112,79,71,73,81,97,26,61,112,25,27,74,8,29,4,171,208,191,225,187,246,218,152,213,
176,165,176,175,146,205,146,219,58,42,51,57,62,39,27,28,31,6,11,99,120,105,108,81,72,72,76,181,169,184,188,151,138,156,155,158,246,251,246,255,230,235,201,216,201,205,49,121,48,61,69,74,9,97,54,29,105,17,38,76,
90,50,78,4,15,226,253,246,251,142,214,209,220,179,237,191,247,194,131,132,138,210,117,110,123,102,101,66,16,64,89,94,44,48,119,62,14,11,10,31,246,174,213,250,138,135,206,193,215,158,228,249,248,163,136,133,141,141,192,41,
99,111,112,65,82,67,65,45,111,98,111,63,56,15,17,24,88,35,229,168,226,224,129,195,213,204,226,153,230,184,195,142,133,207,154,120,109,121,102,107,52,74,2,14,17,120,114,118,111,80,86,70,76,177,171,189,186,191,153,156,
137,152,137,140,232,249,232,236,208,139,211,222,102,105,42,64,87,124,8,112,71,99,125,13,105,43,25,3,28,23,26,175,245,242,255,208,142,220,150,227,162,165,171,196,154,137,132,129,138,99,49,97,120,127,77,83,20,93,45,40,
56,62,23,79,52,27,173,168,233,254,240,177,133,152,153,253,216,180,183,175,178,150,219,194,198,58,43,70,102,74,21,26,0,24,4,44,41,104,96,100,75,90,40,17,247,232,255,246,205,192,150,240,232,139,173,188,184,139,140,146,
158,196,155,103,120,121,106,75,88,85,23,57,110,107,7,1,28,11,21,26,255,165,184,187,221,207,213,209,223,204,177,154,186,167,162,138,134,111,57,114,44,117,75,77,80,24,63,102,20,4,58,107,40,15,69,12,75,201,234,214,
148,221,195,153,138,132,173,169,130,185,176,138,151,132,210,214,117,98,117,124,87,78,83,46,108,97,108,60,10,10,12,29,85,213,250,175,237,231,190,213,216,201,159,156,235,170,192,141,134,204,104,117,104,100,99,102,2,85,4,14,
22,7,100,123,106,111,80,84,77,176,183,164,189,145,148,133,156,128,129,230,255,227,227,246,217,203,219,202,207,58,52,45,16,23,85,5,97,33,38,109,14,18,49,77,45,2,81,190,206,170,232,235,209,209,210,167,234,171,181,128,
151,193,155,216,38,111,96,118,54,104,74,71,66,73,81,116,44,61,2,8,13,83,226,234,231,238,240,210,130,241,198,159,235,170,189,179,242,247,221,212,135,84,97,112,105,28,7,109,64,37,105,46,47,53,49,14,29,81,91,63,
26,242,249,233,204,208,132,132,248,252,229,128,139,136,215,220,194,218,70,110,107,42,34,9,13,20,110,47,49,55,57,8,11,14,80,178,170,201,239,254,203,201,206,208,220,134,182,161,182,191,148,141,150,147,41,127,32,62,69,67,
94,73,87,41,61,103,122,121,31,17,19,31,25,242,230,221,252,204,196,206,219,255,188,234,171,188,131,150,198,249,168,86,70,120,41,106,77,7,78,9,11,40,3,106,27,13,95,84,194,227,239,220,255,254,200,213,198,144,148,166,
160,183,190,149,140,149,144,42,47,42,98,76,68,74,67,19,104,56,109,47,37,124,23,26,11,93,222,169,236,190,203,200,138,199,179,166,162,189,160,192,151,198,204,212,197,38,57,40,45,18,9,11,14,113,106,123,111,82,75,90,
94,71,164,189,161,161,180,170,135,153,136,140,246,250,235,239,214,202,219,206,54,43,58,62,37,85,5,16,80,87,109,14,33,2,126,62,2,81,79,223,187,249,235,209,206,197,200,234,171,164,177,166,240,155,216,213,156,147,101,54,
104,123,86,83,73,81,99,51,42,45,8,13,66,19,27,22,238,240,225,177,194,198,159,154,219,172,162,242,247,202,203,144,187,97,112,120,45,60,79,88,95,86,77,84,61,56,114,119,66,10,20,28,226,235,171,255,208,149,215,205,
148,175,162,163,245,134,241,132,214,147,144,34,126,107,126,74,85,88,104,63,126,122,124,101,88,90,93,68,72,186,190,167,171,171,142,134,138,137,239,244,249,204,210,223,192,193,52,56,33,32,36,46,2,3,7,10,18,115,102,109,
34,74,71,24,239,164,215,248,203,134,246,217,154,132,228,243,161,162,168,183,157,144,213,156,107,102,110,8,82,1,12,85,43,45,109,35,48,30,27,0,24,90,10,242,245,247,250,141,196,211,174,167,169,184,201,186,157,196,209,144,
100,106,59,62,51,50,119,82,93,94,54,52,40,93,86,68,33,232,235,180,188,189,216,203,214,143,135,138,227,129,184,174,177,135,145,146,103,57,56,32,98,68,69,65,83,39,41,37,111,48,47,1,16,3,18,16,237,176,230,137,
132,207,216,181,162,172,163,167,206,195,192,182,151,157,104,118,101,104,93,65,74,79,52,7,39,40,15,17,84,23,81,227,228,234,239,191,161,240,233,225,215,142,162,181,238,151,208,162,144,75,49,112,102,23,28,107,74,86,116,62,
59,39,56,53,119,92,30,9,238,231,237,244,206,203,129,132,226,170,165,173,179,186,203,176,135,202,128,109,52,126,115,82,4,102,17,55,101,32,35,66,15,26,15,27,245,248,167,232,161,174,156,133,137,142,236,245,232,239,205,212,
217,198,46,55,56,63,62,20,25,3,5,15,23,105,99,116,109,80,70,85,76,177,182,165,175,146,151,134,159,131,243,231,254,226,226,145,217,212,156,147,32,74,109,70,2,122,93,21,115,27,119,61,23,21,2,1,20,89,239,248,
245,234,180,214,156,153,216,175,161,250,172,135,146,159,156,109,39,127,110,113,123,73,30,87,87,82,50,52,45,117,62,17,83,94,231,232,238,167,139,142,135,201,198,166,175,164,189,183,178,217,220,243,244,117,100,105,117,12,81,75,
86,55,111,123,97,103,65,76,0,23,25,16,253,189,255,232,207,213,206,215,173,168,226,246,233,238,226,137,156,122,44,79,56,110,31,17,92,87,29,49,55,51,44,17,78,13,26,247,224,232,167,208,218,217,213,157,145,237,181,186,
249,180,135,214,142,135,114,99,51,105,17,14,22,18,108,46,57,62,55,44,4,30,27,81,84,178,250,245,253,195,202,155,224,183,250,176,178,196,142,131,130,212,86,33,103,53,112,115,18,95,74,95,43,52,40,119,24,86,90,182,
168,177,187,188,173,145,129,128,133,129,145,227,230,235,163,203,215,159,144,35,88,127,123,7,119,88,27,5,20,112,34,33,43,7,28,17,84,29,234,246,233,183,213,142,139,165,170,172,236,162,128,157,152,131,155,217,122,115,116,118,
123,12,84,84,81,32,38,40,72,59,28,69,80,224,231,233,184,189,176,142,198,222,223,208,217,222,210,214,138,129,220,114,101,127,107,117,81,1,91,3,25,98,40,39,56,57,42,26,24,21,87,170,167,240,207,199,201,192,225,154,
189,240,170,168,202,136,157,132,218,161,63,97,59,118,77,24,85,48,37,33,62,18,77,18,84,68,89,187,191,167,186,171,159,135,155,138,142,242,244,237,209,213,196,221,48,51,37,52,36,10,19,23,30,7,11,126,127,102,106,110,
79,73,76,184,168,185,173,145,137,152,156,128,234,251,255,235,250,235,222,195,138,210,223,112,119,60,127,80,115,30,30,49,98,124,12,91,25,26,0,31,229,232,189,244,243,254,198,144,202,233,228,173,179,133,197,155,136,118,115,120,
96,50,98,74,77,95,82,21,92,59,54,63,1,16,81,34,245,172,169,232,204,194,131,134,155,159,235,187,187,178,181,208,134,153,139,115,97,109,53,87,23,5,5,36,51,36,45,38,14,4,1,91,94,91,252,251,251,253,204,132,
230,201,252,190,180,254,132,137,152,206,173,43,125,47,122,121,59,89,68,89,85,50,38,113,38,88,80,69,79,179,179,166,191,162,147,135,158,130,134,224,225,229,233,240,209,196,207,209,56,48,37,39,27,10,27,31,114,107,122,126,
98,123,93,64,76,84,77,176,165,181,172,144,148,150,143,243,255,230,255,210,215,150,198,211,147,99,48,75,108,71,18,106,77,22,112,24,103,45,22,20,3,0,228,169,232,231,242,218,132,198,157,152,217,191,177,249,175,132,145,143,
140,108,38,126,126,65,75,78,1,80,39,34,51,53,44,116,46,1,80,93,228,248,254,183,138,143,134,143,234,231,174,161,183,226,229,249,253,145,107,49,103,120,106,70,83,78,22,52,116,102,119,5,18,5,12,240,225,227,254,188,
177,141,221,218,218,220,173,246,133,170,223,157,134,223,101,104,121,47,123,4,90,16,93,86,109,56,37,56,52,0,5,82,5,186,181,183,174,147,147,135,158,245,249,224,225,229,216,193,192,196,207,209,36,33,54,47,19,23,23,14,
114,118,103,81,84,80,64,65,68,185,161,160,164,168,177,131,135,131,146,243,230,235,162,202,199,143,111,36,87,120,75,55,118,89,26,4,100,115,33,34,40,55,12,16,85,28,235,230,249,136,210,129,140,213,171,173,237,163,176,173,
155,128,152,218,138,99,117,119,122,13,68,83,46,39,41,56,120,58,29,68,81,16,23,234,187,190,179,183,147,195,211,218,173,231,174,129,147,155,137,132,45,127,63,61,61,76,91,92,85,78,87,60,57,115,118,67,11,19,227,229,
228,172,254,209,148,214,204,149,172,161,160,246,133,242,133,215,146,145,35,113,108,65,77,90,95,105,62,113,126,125,100,90,90,94,71,75,190,191,166,170,174,143,137,141,246,232,254,251,205,212,216,220,221,55,59,63,62,39,42,23,
31,6,11,15,111,105,109,81,72,89,76,184,169,184,188,161,219,131,142,214,217,154,144,167,140,248,128,128,211,205,93,57,123,105,83,76,71,74,31,37,34,47,32,126,29,70,83,18,21,27,180,234,249,212,209,218,211,225,177,168,
175,142,131,196,141,157,152,104,110,103,63,68,107,29,24,89,46,32,112,117,72,73,14,8,246,225,239,224,228,190,130,129,247,214,220,183,177,170,175,179,140,150,146,117,70,102,98,78,66,69,89,92,110,107,42,61,51,81,121,125,
113,21,230,164,235,252,214,194,204,202,234,176,248,226,250,129,158,129,144,131,146,127,122,48,53,0,89,86,94,32,41,105,1,22,91,17,19,82,225,228,253,179,200,128,198,148,209,210,224,188,169,188,136,151,154,214,121,49,57,34,
18,22,27,3,2,7,126,124,101,105,109,29,92,89,25,238,165,197,234,249,133,245,218,232,246,150,242,160,163,158,153,154,159,210,114,125,120,111,9,83,19,30,39,40,46,110,17,2,31,26,1,230,172,228,245,250,240,212,155,218,
210,175,166,187,170,202,185,158,214,35,98,101,107,58,0,5,25,20,89,82,53,117,43,60,22,17,31,10,170,240,184,177,234,201,205,192,159,224,170,165,186,187,153,152,154,151,213,40,54,118,113,65,71,70,31,28,51,118,52,25,
72,10,31,6,88,210,189,227,185,244,207,150,211,206,163,175,169,172,203,156,211,220,40,57,60,36,56,41,28,0,25,8,12,99,122,107,111,84,74,77,72,175,182,186,190,136,153,157,129,152,248,253,233,249,232,237,194,218,203,207,
51,42,42,46,26,11,26,113,116,53,101,112,48,6,77,46,1,34,94,205,226,177,175,255,138,200,203,177,174,165,135,202,139,132,145,134,33,123,56,53,124,64,86,22,72,91,54,34,41,49,67,19,10,226,232,237,162,243,202,199,
206,208,193,145,145,166,255,250,187,140,147,210,215,42,46,60,84,76,77,66,16,55,40,58,34,48,45,70,4,68,84,55,253,241,244,179,139,193,201,174,167,188,165,191,139,193,196,209,153,101,109,115,122,58,65,71,10,64,66,99,
33,51,18,68,55,64,247,165,224,227,177,252,218,207,219,196,201,150,168,239,232,243,210,200,200,44,53,57,61,13,20,24,28,29,4,123,120,126,96,109,67,66,70,74,83,178,169,173,140,149,152,148,237,244,249,253,253,215,219,223,
222,199,203,54,63,38,42,47,94,17,28,36,43,104,2,21,62,74,50,5,173,187,211,175,229,238,221,218,217,220,145,183,176,189,146,204,158,212,33,96,103,105,49,84,79,90,71,68,37,111,39,54,57,51,17,86,31,239,234,235,
252,213,141,246,217,235,230,175,160,182,255,195,198,223,144,158,139,115,125,114,86,12,16,19,5,36,46,42,7,20,25,61,26,25,228,251,208,248,244,220,208,215,203,174,237,249,184,143,129,227,228,11,15,99,104,50,85,74,88,84,
82,79,120,34,106,112,72,2,12,19,226,241,224,241,204,142,131,142,222,168,168,174,191,247,132,132,201,131,129,32,115,118,111,1,122,5,72,98,47,36,110,59,23,10,6,1,4,164,235,163,171,176,145,132,137,145,240,245,251,242,
211,215,219,147,42,39,111,96,51,72,88,107,23,103,72,107,100,4,96,18,17,8,23,236,225,164,237,203,198,217,135,197,158,236,181,186,188,252,131,144,141,136,115,107,58,106,67,68,70,75,109,36,36,33,48,9,24,88,43,12,
85,177,240,247,249,136,141,147,151,226,167,164,187,195,149,138,152,148,109,120,56,98,42,50,120,91,95,82,109,126,60,43,12,5,30,22,236,233,163,166,179,196,195,211,213,212,237,142,161,228,166,156,214,156,145,112,38,85,51,85,
7,66,65,100,33,60,49,61,42,30,89,14,79,75,173,167,171,169,142,151,138,139,239,246,250,250,200,217,221,198,216,206,58,61,36,40,44,30,7,11,9,110,119,106,111,79,86,90,89,249,161,172,244,251,137,242,197,238,154,226,
166,253,235,131,223,149,143,141,106,105,108,14,71,64,77,66,28,63,100,113,48,55,57,82,4,31,10,247,229,245,191,215,198,201,172,161,230,175,191,186,138,140,133,221,166,122,59,54,127,112,70,30,19,22,106,103,63,8,1,6,
76,2,228,254,254,244,225,177,216,128,152,243,208,164,184,247,247,133,146,146,99,112,97,99,126,13,0,13,93,90,90,47,62,118,5,42,78,12,6,95,229,232,238,128,251,132,218,144,172,167,237,184,165,139,135,128,133,210,133,37,
33,55,46,18,16,16,113,117,124,96,80,84,92,65,64,68,188,162,164,161,182,175,130,134,151,142,242,239,240,209,213,216,192,48,52,63,112,56,53,78,65,18,105,78,20,112,8,47,116,82,37,65,243,240,250,229,207,194,135,206,
217,167,184,230,164,255,250,138,157,147,219,141,102,108,105,82,74,8,73,32,39,37,40,127,5,5,0,17,23,14,167,204,227,178,191,209,214,216,233,236,225,241,134,128,157,138,148,104,124,38,59,56,111,78,84,80,94,77,39,26,
41,18,23,28,62,238,240,231,249,139,134,207,192,214,188,194,198,218,190,189,255,134,153,139,103,97,109,53,87,23,5,5,36,51,36,45,38,63,4,1,91,94,91,252,251,251,253,204,132,230,201,252,190,180,237,132,137,152,206,173,
43,125,47,122,121,59,89,68,89,85,50,55,113,38,86,86,69,79,179,182,166,191,162,149,135,158,130,134,198,249,244,188,179,192,170,141,166,34,90,125,53,19,123,23,93,70,53,34,33,52,121,15,24,21,10,84,246,188,185,248,
207,193,137,204,167,178,191,188,141,199,159,142,145,155,105,62,119,119,114,67,84,77,21,30,49,115,126,7,8,14,71,171,174,162,175,242,249,200,144,198,217,203,182,176,173,245,151,215,212,183,108,96,101,34,11,65,94,65,80,60,
37,63,58,112,117,81,25,22,30,224,233,186,193,214,155,209,194,227,161,164,189,243,183,192,134,212,145,146,49,124,105,124,72,68,73,22,57,126,121,115,82,87,95,67,66,185,189,188,165,169,156,157,132,136,139,237,224,226,242,219,
209,198,206,51,62,39,54,19,4,29,0,7,20,124,97,100,36,116,65,18,21,94,221,242,192,188,252,211,128,158,153,245,191,164,166,177,131,150,219,154,149,115,100,50,104,11,6,94,81,39,103,57,42,16,29,30,30,84,253,236,
243,249,252,179,209,217,212,221,163,178,243,128,151,206,203,101,106,108,37,56,61,0,13,69,93,92,83,114,36,59,41,17,18,15,87,245,181,165,233,202,206,195,156,156,175,184,191,182,173,135,157,152,210,215,34,123,116,124,66,75,
11,31,48,117,55,45,69,15,2,3,85,38,162,228,182,243,240,130,222,203,222,170,181,175,200,159,208,223,220,52,57,57,61,36,40,31,30,7,11,15,127,102,106,105,79,81,68,172,189,191,160,161,149,144,129,136,130,230,255,226,
229,246,239,195,198,134,214,35,99,115,0,123,92,119,98,26,61,102,96,8,87,29,6,4,19,16,244,185,248,247,194,202,148,182,237,232,169,143,129,201,159,148,129,127,124,124,54,110,78,81,91,94,17,32,55,50,3,5,28,68,
222,241,160,173,244,200,206,135,154,159,150,168,182,163,188,186,141,142,212,41,42,76,124,70,66,76,95,66,2,43,35,51,49,63,70,83,18,21,27,158,145,149,169,205,206,157,179,164,190,170,180,146,194,152,192,218,35,105,102,121,
120,107,93,87,82,104,109,104,49,14,6,8,1,162,217,254,179,233,235,139,201,220,197,155,224,248,174,252,137,138,217,148,113,100,96,127,81,14,81,25,1,26,122,126,99,123,106,64,70,84,77,177,181,228,180,129,193,198,141,157,
178,145,237,141,147,192,222,174,202,136,100,102,113,114,71,10,90,85,32,55,97,40,75,70,15,0,22,167,249,234,231,226,233,222,148,204,221,162,185,188,243,130,138,135,157,99,114,34,81,102,14,11,74,93,83,101,120,125,113,124,
1,27,29,93,243,228,254,249,199,210,130,216,241,233,130,161,181,184,192,216,146,141,146,99,97,112,114,79,13,19,30,46,41,41,47,15,71,52,27,78,12,241,176,242,247,238,145,234,149,203,225,172,180,254,139,150,139,135,113,116,
35,116,36,31,0,9,3,20,13,99,101,117,107,84,73,75,78,187,170,187,175,154,139,154,158,130,181,229,240,176,183,252,174,129,162,222,94,98,49,47,127,27,89,75,49,46,37,40,125,11,4,17,6,80,251,184,181,252,243,197,
150,200,219,182,179,184,177,195,147,138,141,104,109,34,115,123,118,78,80,65,17,98,53,127,122,59,12,2,82,87,170,174,171,251,204,205,194,144,198,217,186,162,176,173,245,132,196,212,183,108,96,116,51,11,65,94,65,39,60,37,
63,58,65,68,81,25,22,30,243,250,186,193,214,155,192,194,227,161,164,146,196,183,192,134,212,96,99,49,124,105,124,91,68,73,22,57,96,108,115,90,80,71,177,182,184,160,166,161,133,156,129,140,149,255,226,239,246,239,211,198,
134,214,35,99,100,0,123,92,119,19,26,61,102,96,8,100,29,6,4,19,16,229,185,248,247,194,213,148,182,237,232,169,190,129,201,159,148,129,140,124,124,54,110,127,81,91,94,17,32,40,50,3,5,28,68,47,241,160,173,244,
251,206,135,154,159,150,217,182,163,188,186,141,145,212,41,42,76,109,70,66,76,95,66,120,43,54,19,59,55,49,90,87,30,17,231,146,149,169,173,193,202,225,183,168,186,182,176,158,198,132,196,214,39,117,98,117,124,87,81,83,
46,108,97,108,13,10,10,12,29,166,213,250,175,237,231,143,213,216,201,159,156,244,170,192,141,134,221,104,117,104,100,99,85,2,85,11,3,22,118,100,123,106,111,77,84,77,176,189,164,172,144,148,212,132,145,162,165,238,141,162,
176,204,172,131,208,206,73,37,111,84,86,65,83,38,107,42,37,3,20,66,24,91,86,238,225,247,183,233,250,192,205,206,174,228,173,188,131,137,140,195,97,105,100,109,115,98,3,112,71,30,27,53,58,60,117,72,77,80,93,245,
237,236,227,130,212,203,217,193,162,191,231,165,229,247,216,146,141,146,99,112,112,114,79,13,0,30,46,41,41,47,62,71,52,27,78,12,6,176,242,247,238,128,234,149,203,225,172,167,254,139,150,139,135,128,116,35,116,42,34,0,
9,3,20,13,112,108,117,108,81,92,69,79,179,183,247,167,131,195,196,143,236,195,151,243,139,172,247,209,168,196,142,117,119,115,112,69,8,73,70,34,53,99,57,122,119,9,30,16,88,14,244,225,236,239,207,133,206,223,160,170,
175,224,128,136,133,140,146,124,36,79,96,49,60,84,91,93,20,105,108,118,57,7,18,13,26,237,241,163,166,189,236,205,215,211,221,206,162,152,184,165,160,155,151,145,43,38,111,113,71,45,34,38,58,33,42,112,38,57,26,22,
16,13,85,247,164,182,182,196,211,196,220,183,174,164,161,204,193,204,156,155,155,108,125,53,70,105,28,77,71,30,36,41,41,127,60,75,29,79,237,230,172,249,228,249,196,195,198,145,198,235,227,246,239,211,210,215,206,51,54,39,
62,20,16,0,1,5,120,97,104,98,117,108,66,70,86,71,183,170,162,166,143,150,154,241,232,249,253,225,248,216,221,201,217,200,205,34,58,43,47,19,27,10,14,122,107,122,81,84,21,69,80,16,230,173,206,225,194,141,237,194,
145,143,159,234,168,171,145,142,133,103,42,107,100,113,87,1,91,24,21,92,32,54,118,40,59,22,2,9,17,163,243,253,194,200,205,130,211,170,167,174,176,161,241,177,134,223,218,155,125,115,50,55,10,14,28,52,44,45,34,112,
23,8,26,2,16,254,166,228,164,182,182,213,194,213,220,183,174,179,142,204,193,204,109,106,106,108,125,53,117,90,15,77,71,30,53,56,41,127,60,84,10,160,237,230,172,200,213,200,196,195,198,226,181,235,227,246,222,194,195,215,
206,51,41,48,17,20,16,0,112,116,120,97,104,81,70,95,66,70,86,182,166,187,162,166,143,137,141,241,232,249,236,208,201,216,221,201,42,59,62,34,58,43,30,2,27,10,14,109,116,109,81,84,21,84,161,225,230,173,206,210,
241,141,237,194,224,254,142,234,168,171,134,145,146,103,42,107,117,64,87,1,91,107,102,47,32,54,118,25,10,7,2,9,17,180,236,253,194,200,220,147,162,170,167,174,131,146,194,177,134,223,43,106,125,115,50,24,29,20,12,105,
100,60,51,5,111,96,100,231,232,238,174,247,201,207,165,186,210,213,180,253,248,131,167,173,139,201,101,49,88,43,109,23,71,66,5,12,38,54,105,25,52,4,29,30,5,168,183,221,252,198,194,204,204,177,230,139,190,162,139,130,
138,151,214,46,60,38,49,22,69,91,93,20,75,79,22,4,52,10,91,24,238,181,252,187,217,250,230,132,205,211,137,250,148,189,185,173,132,152,155,110,46,40,236,163,179,11,109,92,64,108,178,212,204,126,88,127,38,39,215,233,
171,232,207,148,221,154,137,170,129,251,170,131,217,202,181,156,152,66,121,112,121,68,87,18,22,36,51,36,60,23,14,4,1,91,161,172,252,251,251,253,221,149,230,201,252,173,167,254,132,137,152,223,92,43,125,47,122,70,12,89,
68,89,36,35,38,113,38,87,64,86,79,179,183,166,174,146,158,135,151,246,228,253,224,229,244,220,193,205,213,204,49,39,54,39,21,10,10,14,118,107,122,127,85,68,90,71,88,78,181,236,188,185,249,221,150,229,202,153,229,132,
171,200,214,182,210,119,124,126,121,122,78,3,82,93,88,79,122,32,115,126,7,8,31,95,241,226,255,213,214,198,140,196,213,171,161,180,251,186,178,156,149,155,138,42,72,111,54,3,66,69,36,109,96,101,124,47,61,8,9,1,
68,166,244,227,244,253,214,222,212,209,235,238,235,140,139,139,141,156,37,86,121,44,110,100,14,84,89,72,30,29,123,45,127,10,9,92,233,244,233,229,226,214,129,214,135,130,149,255,226,226,246,231,196,219,202,206,55,43,45,16,
23,4,29,0,116,101,126,99,121,82,92,94,71,74,79,191,166,171,167,143,150,140,241,232,241,251,205,212,216,216,221,196,58,63,62,37,40,50,5,0,23,9,123,37,117,64,0,7,76,222,241,210,174,206,225,129,159,239,139,201,
187,161,190,181,184,205,155,148,97,118,32,122,8,5,76,67,85,102,56,43,38,35,40,1,83,3,26,29,239,253,178,195,203,198,222,160,177,225,146,165,207,202,139,156,146,211,39,58,59,95,122,82,89,73,44,48,117,109,79,85,
89,92,93,203,227,224,175,166,133,159,131,134,151,242,181,160,225,209,200,186,146,116,107,109,100,76,65,23,29,30,117,42,35,63,53,58,60,31,69,26,245,234,250,233,200,202,199,133,184,239,234,169,183,162,140,138,157,129,211,57,
58,90,115,87,103,81,92,51,34,44,31,7,10,15,15,1,226,200,224,252,251,255,223,195,214,129,186,228,188,179,133,152,192,244,93,92,92,98,35,81,70,29,68,3,113,61,30,108,37,11,64,67,60,229,225,218,242,203,194,207,
220,154,239,173,186,189,180,152,153,155,150,212,41,53,117,114,66,68,69,30,29,50,119,53,30,71,13,0,1,87,211,188,226,184,245,206,149,208,205,160,172,168,173,202,157,220,216,47,54,58,62,63,38,29,9,24,14,9,125,100,
105,100,77,84,74,71,174,183,187,191,222,142,139,203,220,232,147,164,143,251,131,133,222,200,160,60,118,110,108,75,72,77,17,32,47,42,61,123,30,69,80,17,22,24,177,231,252,233,212,196,212,158,182,167,168,179,134,201,136,128,
157,107,109,100,60,71,89,24,21,92,83,37,127,114,119,78,29,62,26,251,243,182,167,194,221,194,211,192,209,162,191,253,240,253,141,153,153,159,110,38,68,107,30,92,86,15,34,39,62,112,11,116,27,81,28,23,93,251,230,251,
247,208,213,147,196,244,240,231,246,211,196,221,194,196,37,62,35,57,47,40,30,7,10,7,110,119,107,102,79,86,90,177,249,161,172,244,251,137,242,197,238,154,226,166,253,235,131,223,132,143,141,106,105,108,14,71,64,77,66,28,
63,100,113,48,55,10,82,4,31,10,247,229,245,191,215,198,201,172,161,230,175,191,139,138,140,133,221,166,122,59,54,127,112,70,30,19,22,111,3,57,6,5,29,0,4,184,176,180,168,185,212,199,220,139,137,142,255,154,186,167,
222,222,197,57,40,90,99,101,75,77,68,95,82,119,126,126,21,59,50,31,21,26,28,232,186,250,213,202,203,216,168,170,167,229,171,252,202,137,151,130,157,155,125,97,51,54,13,122,83,55,9,41,52,32,8,4,2,76,15,170,
235,252,242,231,134,185,232,225,233,175,233,170,141,214,159,216,75,104,67,57,104,77,31,20,115,82,94,28,63,62,63,58,17,80,84,230,241,230,254,213,204,198,195,153,239,234,162,189,181,187,131,211,168,143,194,111,101,60,70,75,
90,29,30,105,63,109,56,8,74,7,2,23,226,253,224,191,224,169,130,148,141,241,245,228,236,208,220,197,219,58,42,51,57,62,39,27,22,31,14,12,19,101,104,111,76,85,73,76,252,172,169,233,205,134,245,218,233,149,148,187,
248,230,134,205,135,140,142,105,106,126,51,66,77,72,95,106,48,99,110,55,9,15,79,1,18,15,229,230,246,188,212,197,219,209,164,235,170,177,140,133,139,154,218,88,127,38,51,114,117,84,29,16,21,108,46,13,56,25,17,84,
86,228,243,228,237,230,206,196,193,155,158,236,188,187,187,189,140,213,166,137,60,126,116,62,68,73,88,14,28,107,61,111,58,57,76,25,4,25,21,242,230,177,230,151,147,150,135,245,234,251,255,214,203,218,223,194,219,63,34,56,
46,36,29,12,14,17,112,117,99,114,91,81,70,95,179,180,167,190,163,153,209,153,148,220,211,241,138,173,134,194,186,142,213,51,91,55,108,87,85,66,65,84,102,47,56,53,42,116,7,92,89,24,239,242,186,236,199,210,223,205,
173,231,191,174,177,132,137,222,151,151,99,114,116,109,53,126,66,19,30,39,40,46,118,75,78,71,43,225,238,237,229,248,236,144,136,140,128,145,140,191,180,227,209,214,215,178,98,127,54,54,29,17,0,98,91,77,35,53,60,55,
58,79,70,86,61,227,234,247,253,194,196,192,146,162,189,162,179,160,128,130,159,221,131,212,50,113,127,106,69,67,85,73,107,110,101,34,11,31,40,17,25,232,234,244,215,248,238,215,139,192,158,167,185,191,162,202,237,180,90,82,
100,61,102,121,27,90,5,127,84,4,102,47,49,107,88,54,31,27,208,235,226,196,193,218,132,152,163,188,163,178,161,176,129,156,222,211,222,110,120,120,126,79,7,99,52,121,51,49,112,3,6,31,81,42,85,248,178,255,244,190,
218,199,218,214,177,180,244,155,210,222,192,193,52,56,33,32,36,19,2,4,14,22,7,100,123,106,111,90,75,69,183,168,185,188,146,137,152,157,128,153,253,249,254,231,235,233,223,198,203,199,47,41,45,22,89,1,12,37,42,105,
18,37,14,73,49,6,93,75,210,174,228,239,237,202,214,219,238,167,160,173,147,205,159,196,209,99,100,106,50,100,127,91,70,69,85,31,55,57,62,12,1,70,30,238,235,234,236,229,142,245,218,155,150,223,161,183,254,243,246,216,
131,168,101,124,124,32,9,67,92,67,82,50,35,33,60,126,66,79,31,24,24,30,248,184,195,212,153,211,192,225,163,166,191,194,185,198,152,210,159,101,47,122,103,122,118,70,75,20,59,115,110,113,88,82,69,92,176,182,166,189,
160,186,157,151,159,134,139,233,248,233,236,211,200,202,207,45,50,62,33,19,23,29,2,3,119,115,99,98,102,109,13,93,88,24,239,164,198,233,250,134,246,202,233,247,151,243,161,147,153,134,157,144,213,115,124,121,110,8,67,16,
29,36,43,45,126,16,3,30,27,0,233,171,251,242,245,192,213,154,219,211,174,182,184,169,201,186,157,215,34,99,100,106,10,15,2,3,119,82,42,49,33,52,40,93,68,73,81,204,236,244,163,144,138,231,207,187,250,249,255,255,
133,131,133,154,156,149,127,114,36,44,13,102,91,82,46,36,43,45,8,90,13,26,29,235,248,249,251,246,180,203,156,153,218,164,177,189,187,140,144,194,214,45,69,100,120,87,73,65,81,83,93,113,36,57,45,52,17,26,19,27,
240,203,235,231,158,221,139,202,221,172,177,249,222,135,183,167,153,200,139,108,36,109,42,104,75,96,11,58,44,126,117,37,12,8,35,24,17,233,244,231,177,181,199,195,212,221,182,175,180,177,203,206,203,131,107,107,109,124,52,71,
89,12,78,68,29,52,57,40,126,61,74,13,95,234,233,171,230,212,201,197,194,199,225,182,231,227,245,236,195,199,214,207,51,63,55,41,20,11,26,112,112,100,117,103,120,88,92,69,89,72,77,161,186,171,174,147,155,131,139,239,
246,251,213,200,217,220,201,216,56,61,32,104,48,14,86,89,26,97,54,12,120,0,23,76,90,221,185,251,248,226,204,199,202,159,214,209,175,160,254,172,247,194,146,149,155,35,117,121,84,81,90,66,16,49,40,47,61,48,119,13,
29,24,25,31,231,191,196,235,138,135,217,174,160,225,228,249,201,146,185,148,141,126,51,58,112,111,112,80,67,82,80,45,111,117,64,8,7,15,224,233,169,210,229,168,209,211,146,208,213,204,243,136,247,169,195,145,146,32,109,120,
109,72,87,90,5,74,2,125,98,107,97,118,94,65,71,87,76,177,180,170,151,136,153,156,245,233,240,250,253,215,219,218,222,199,202,60,63,38,43,46,15,11,14,108,124,124,113,80,85,92,65,64,182,179,162,163,166,171,210,154,
151,223,208,244,135,168,187,199,183,137,42,52,84,48,98,82,88,71,92,81,101,44,59,54,41,119,2,81,92,229,234,236,189,211,192,221,216,176,168,234,186,179,180,135,138,221,148,148,145,119,121,104,8,123,77,20,97,32,39,41,
75,78,67,66,54,19,237,238,230,251,239,141,132,150,141,236,137,176,179,220,213,199,221,55,42,71,111,106,26,26,1,11,27,105,63,33,54,56,9,10,30,64,179,169,202,255,206,202,200,207,209,172,246,169,166,185,184,132,157,151,
146,40,111,48,61,70,64,93,89,39,40,60,102,123,73,41,0,4,52,228,241,230,255,249,244,220,212,216,140,164,177,227,152,198,143,128,103,122,34,5,76,77,122,92,5,78,81,114,34,109,23,12,47,78,7,233,179,176,207,199,
195,233,218,199,195,163,190,252,240,186,132,155,154,137,104,106,116,54,11,6,70,65,32,38,39,111,12,28,81,11,9,88,26,254,231,185,194,141,211,154,215,172,230,163,175,130,142,153,156,219,115,58,37,56,41,45,3,25,8,12,
115,122,107,110,90,74,91,77,178,171,184,189,191,158,154,156,133,137,252,253,228,232,228,156,223,218,154,109,38,85,107,120,4,116,91,111,121,17,109,39,44,31,24,27,30,83,226,254,251,236,138,208,146,159,166,169,175,239,150,141,
152,133,134,150,45,101,116,123,113,87,24,89,81,44,37,58,43,75,56,31,70,164,237,226,244,189,129,132,157,211,204,211,177,162,179,177,140,206,210,245,10,115,106,83,79,6,91,81,93,61,101,97,123,109,116,82,6,25,31,238,
251,179,249,214,201,200,180,173,167,162,248,253,227,228,248,147,150,124,50,73,54,104,16,23,82,81,99,55,42,9,22,27,68,23,224,253,234,242,189,237,220,199,211,147,151,226,179,180,255,138,129,220,116,125,120,105,56,83,27,4,
12,8,17,40,39,56,57,42,26,24,21,87,170,167,240,207,199,201,192,144,154,189,240,170,168,202,136,157,132,218,161,63,97,59,118,77,7,85,48,37,33,62,18,77,18,92,64,67,166,183,165,186,163,166,159,134,139,135,239,233,
236,209,153,193,204,101,106,41,82,101,78,9,113,70,29,11,18,110,36,47,45,10,22,27,174,231,224,237,211,141,223,132,145,163,164,170,242,164,191,155,134,133,149,223,119,121,126,76,65,6,94,46,43,42,44,37,78,53,26,91,
86,31,225,247,190,179,182,148,204,212,165,170,194,212,232,236,128,139,209,116,107,121,117,115,95,7,69,5,23,23,50,45,50,3,16,1,18,239,173,160,173,206,201,201,207,222,150,148,187,238,172,166,255,146,151,142,32,91,53,107,
1,76,71,13,43,54,43,39,32,37,67,20,68,68,87,161,165,168,176,145,148,139,145,240,244,248,176,203,198,142,129,210,88,127,84,48,72,111,27,5,101,1,51,48,43,52,15,2,71,29,234,231,248,166,228,142,139,202,221,211,
155,162,177,172,169,146,155,217,137,96,103,101,123,12,69,69,64,81,38,63,103,12,35,69,80,17,22,24,169,189,176,180,129,196,199,218,226,180,171,185,132,130,159,199,133,197,34,89,122,126,115,12,29,95,72,47,38,46,55,13,
8,66,71,163,235,228,236,242,251,140,239,192,133,199,172,245,191,178,147,197,165,210,116,38,99,96,3,78,91,78,90,58,63,120,47,110,107,93,68,73,73,173,188,173,178,147,151,158,147,242,247,248,227,226,216,221,220,204,202,208,
32,37,40,49,16,6,2,18,115,118,123,115,90,80,71,94,66,189,160,161,164,169,129,135,130,149,140,240,231,246,239,211,215,198,206,51,63,39,62,20,24,0,1,5,9,97,96,100,96,113,80,71,74,3,171,166,255,240,131,248,
223,244,231,151,184,251,229,133,208,130,129,139,148,124,113,52,125,74,71,73,23,53,110,107,42,10,12,76,2,17,253,248,227,251,185,233,211,212,214,219,236,165,180,177,128,134,159,40,91,124,37,48,113,71,73,24,29,16,20,114,
34,50,59,12,87,9,30,244,244,238,212,140,222,158,158,253,167,171,190,249,241,136,135,152,153,138,107,120,117,55,10,7,71,47,39,41,32,112,58,29,80,10,8,89,232,253,228,186,193,142,193,155,214,173,231,181,144,133,129,158,
131,45,114,59,38,57,40,30,6,26,3,9,127,102,106,107,79,86,76,179,168,185,188,161,137,145,159,157,132,250,255,254,231,234,230,223,198,203,206,47,62,43,12,21,25,25,109,116,121,124,125,99,93,66,67,71,75,82,162,166,
170,179,146,136,132,236,245,248,252,205,212,216,220,221,196,59,55,62,39,43,31,78,30,27,91,44,120,3,20,63,75,51,245,174,184,208,172,213,222,220,219,216,221,225,176,191,186,173,203,142,213,32,97,102,121,1,87,76,89,68,
52,36,110,38,55,56,3,22,89,24,16,250,251,253,212,140,247,201,232,229,172,163,181,207,194,199,222,145,110,123,116,114,117,105,28,17,18,2,43,63,30,9,4,27,10,231,212,239,226,247,247,216,202,240,216,212,211,176,183,171,
142,205,217,152,111,97,3,4,43,47,67,72,18,68,42,56,52,50,47,88,2,74,80,168,226,236,243,194,209,192,194,172,238,227,238,190,136,136,142,159,215,164,100,41,99,97,0,66,86,79,97,26,101,40,66,15,4,78,27,247,
234,230,225,228,179,203,141,141,144,241,228,236,241,208,213,221,210,51,55,59,34,35,22,26,3,2,6,122,124,109,109,112,89,76,85,76,176,180,165,175,147,151,134,159,243,255,231,254,227,231,192,193,197,201,208,49,36,32,49,16,
20,10,67,107,102,46,33,67,56,31,52,80,40,248,187,165,197,161,194,193,203,212,175,162,244,189,138,135,152,198,117,46,43,106,125,76,12,66,81,76,73,35,59,121,41,0,7,22,27,172,229,229,241,192,198,223,135,236,188,229,
240,177,182,184,216,221,208,212,33,98,114,123,76,6,88,94,52,52,46,59,123,30,94,92,92,30,248,255,246,237,244,206,216,146,151,226,170,165,188,130,139,203,176,112,53,119,109,52,126,66,67,21,102,17,55,118,51,48,66,15,
11,30,234,245,248,167,223,145,153,156,133,137,248,253,228,233,233,222,199,203,207,46,55,42,46,15,22,26,25,104,113,121,124,109,80,65,64,68,72,81,163,167,171,178,147,150,131,147,242,247,251,204,213,217,221,220,197,56,52,61,
36,40,45,79,31,26,90,45,119,4,43,56,68,52,244,175,185,209,173,231,221,223,216,219,222,224,177,190,187,172,202,129,210,223,102,105,111,0,86,77,88,69,55,39,109,37,52,59,2,23,88,25,17,236,244,250,235,139,248,200,
233,228,173,162,180,204,193,196,221,197,208,46,119,120,126,20,58,62,50,86,37,103,46,1,19,15,9,4,173,255,191,189,189,204,219,220,213,206,215,188,185,243,246,195,139,147,99,101,100,44,126,81,20,86,76,21,44,33,32,118,
5,114,5,87,18,17,163,241,236,193,205,218,223,233,190,240,248,253,228,219,218,222,199,202,62,63,38,43,39,15,9,13,113,104,113,123,77,84,89,93,93,191,191,162,171,175,182,158,130,134,151,142,242,233,240,209,212,208,209,48,
53,57,33,32,23,27,2,3,7,3,99,98,102,107,34,93,88,24,239,164,215,233,250,134,246,217,154,247,151,243,161,162,153,134,157,144,213,156,124,121,110,8,82,1,29,36,43,45,109,16,3,30,27,0,24,171,251,242,245,247,
250,154,219,211,174,167,184,169,201,186,157,196,34,99,100,106,59,62,2,6,19,67,83,53,58,120,46,1,19,10,24,245,173,255,191,142,142,204,219,220,164,191,166,188,185,243,217,212,148,147,99,101,117,61,126,81,20,69,63,102,
44,33,32,71,52,67,5,87,18,254,180,241,236,193,220,203,206,233,190,240,235,206,215,219,218,222,54,59,62,63,38,28,8,24,9,13,113,121,96,106,77,84,89,78,174,191,191,162,154,158,135,158,130,134,224,225,229,233,240,209,
197,193,209,48,53,42,50,19,23,27,2,114,118,114,99,98,102,92,13,93,88,24,254,181,198,233,250,134,229,202,233,247,151,243,144,147,153,134,157,111,34,115,124,121,110,25,67,16,29,36,43,62,126,16,3,30,10,241,233,171,
251,242,202,192,213,154,219,211,191,182,184,169,201,169,142,215,34,99,100,123,10,15,2,3,3,97,108,53,58,60,103,120,124,112,20,231,182,232,255,213,193,207,203,235,177,249,227,204,142,153,158,151,140,100,126,123,49,52,1,90,
85,93,35,42,123,0,23,90,16,18,164,238,227,226,180,199,129,199,149,208,211,242,191,170,191,139,148,136,215,120,48,56,35,21,25,28,28,5,121,127,125,100,104,108,15,95,90,26,237,166,196,235,248,132,244,180,239,249,145,237,
167,157,159,152,155,158,211,113,126,123,108,10,65,18,31,38,41,47,64,22,13,24,5,6,231,173,229,244,251,194,215,152,217,209,172,180,186,171,203,184,159,41,36,109,98,116,12,1,4,24,21,88,32,54,118,40,63,21,16,30,
11,171,241,174,142,237,198,202,223,233,225,171,164,187,186,154,155,153,148,214,58,55,119,112,64,70,80,96,27,60,113,43,24,73,11,30,7,170,209,190,224,186,247,221,151,210,207,162,174,174,147,204,147,219,54,41,48,58,61,36,
24,30,30,0,15,18,98,103,98,115,82,72,69,172,181,185,189,220,140,137,201,222,149,149,186,137,245,133,155,216,198,166,194,112,108,110,73,74,79,2,34,45,40,63,121,16,67,78,23,24,30,175,225,242,239,234,209,214,156,180,
165,170,177,132,203,138,130,159,101,107,122,58,73,110,6,19,82,85,91,125,112,117,73,68,28,21,228,235,169,255,240,209,217,203,198,158,189,253,253,158,181,185,155,212,212,102,113,102,126,85,76,70,67,106,111,106,34,61,53,10,
3,83,40,15,66,239,229,188,198,203,203,157,158,233,191,237,139,136,202,135,130,151,98,125,96,63,96,7,3,20,5,119,104,104,111,81,73,95,88,174,183,186,183,190,150,155,150,159,134,138,225,169,241,252,132,139,217,162,117,94,
42,65,86,13,27,115,15,52,63,61,58,57,60,94,23,16,29,242,189,239,180,129,192,199,218,226,180,175,186,167,149,133,207,135,150,110,124,113,54,127,79,91,90,92,53,109,22,42,75,70,15,0,231,174,163,166,191,240,201,196,
211,221,210,182,253,240,243,163,138,141,179,99,126,75,99,78,72,2,15,86,89,40,90,93,81,85,24,19,89,15,224,242,253,251,214,142,220,156,239,239,173,186,189,139,152,153,155,150,212,56,53,117,114,66,68,86,30,29,50,119,
36,30,71,13,0,1,168,211,188,226,184,245,223,149,208,205,160,191,168,173,202,157,211,202,47,62,60,35,34,24,21,28,5,8,116,125,100,104,108,28,95,90,26,237,166,213,235,248,132,244,219,239,249,145,237,167,172,159,152,155,
158,211,98,126,123,108,10,80,18,31,38,41,47,111,22,13,24,5,6,22,173,229,244,251,241,215,152,217,209,172,165,186,171,203,184,159,198,36,109,98,116,61,1,4,24,21,77,85,55,56,122,44,3,17,8,26,247,175,253,146,
136,128,202,197,218,170,185,184,186,183,245,219,214,150,145,97,118,119,63,124,83,22,59,57,104,42,63,38,73,50,93,3,89,231,252,182,243,238,195,222,201,204,235,188,242,213,200,209,219,220,52,57,52,61,36,41,23,30,7,11,
15,63,126,123,59,12,71,35,244,223,171,211,228,142,152,240,140,198,205,188,187,184,189,240,144,159,154,141,43,113,53,0,65,70,72,16,55,44,57,36,39,4,78,6,23,24,18,246,185,248,240,205,196,221,180,236,151,184,200,197,
140,131,149,220,34,39,62,113,127,106,84,82,85,73,107,113,114,34,11,31,33,224,253,200,224,252,250,131,142,215,216,222,197,218,222,210,182,133,216,142,97,115,111,105,85,13,95,31,29,110,44,59,60,53,46,6,28,25,83,86,
163,244,243,195,197,196,157,158,177,244,182,172,198,140,129,128,214,165,35,101,55,114,113,20,81,76,33,45,58,46,73,30,94,94,93,183,187,190,190,167,155,157,159,134,138,142,169,241,252,132,139,200,162,117,94,42,82,86,13,27,
115,15,69,63,61,58,57,60,113,23,16,29,242,172,239,180,129,192,199,201,226,180,175,186,167,164,133,207,135,150,153,124,113,54,127,79,74,90,92,53,109,22,57,75,70,15,0,22,174,163,166,186,183,250,222,208,152,206,161,179,
190,184,149,205,159,204,44,79,100,104,125,11,3,73,70,89,88,36,61,55,50,72,92,89,17,238,230,232,242,130,249,222,147,201,186,235,169,188,165,204,175,216,142,220,105,123,57,116,81,68,64,76,49,110,49,118,80,75,90,95,
71,91,189,161,165,180,173,145,132,149,140,240,243,246,232,218,202,211,217,47,54,59,54,63,46,27,28,5,8,15,125,100,105,108,28,76,90,26,237,166,213,250,248,132,244,219,152,249,145,237,167,172,174,152,155,158,211,98,109,123,
108,10,80,3,31,38,41,47,111,33,13,24,5,6,22,92,229,244,251,241,196,152,217,209,172,165,171,171,203,184,159,198,211,109,98,116,61,48,4,24,21,77,85,36,56,122,44,3,17,25,26,247,175,253,189,138,225,194,214,219,
148,229,183,160,183,190,149,159,149,144,42,47,59,115,76,68,74,67,100,23,56,109,47,37,77,23,26,11,93,205,186,236,190,203,200,155,214,179,166,162,189,151,192,151,200,199,37,60,33,33,53,44,3,7,22,15,115,119,119,110,
82,81,71,182,188,164,181,167,184,152,157,136,153,128,138,254,231,234,237,206,198,203,206,126,46,43,68,75,8,115,68,111,106,18,37,126,104,51,79,5,14,12,235,249,252,177,192,207,202,178,236,190,229,240,128,135,137,209,135,156,
122,103,100,116,62,86,86,89,83,38,105,63,15,10,11,13,4,173,214,249,184,181,252,192,214,159,146,151,255,176,190,171,132,130,146,118,44,33,34,82,74,94,105,80,88,43,41,55,20,59,45,22,94,91,26,237,227,150,169,173,
161,197,167,229,187,172,166,178,143,154,218,128,200,210,59,113,110,113,64,76,85,47,42,96,101,65,9,6,14,16,25,170,209,230,171,225,210,147,209,212,205,227,135,240,150,196,129,130,33,108,121,108,120,84,89,6,73,1,9,99,
98,102,107,115,82,72,78,172,181,185,172,220,140,137,201,222,230,149,186,137,245,133,155,216,198,166,194,103,108,110,73,74,79,19,34,45,40,63,121,16,67,78,23,24,239,175,225,242,239,234,198,214,156,180,165,170,177,132,203,138,
130,108,101,107,122,58,73,95,6,19,82,85,91,125,112,117,73,68,24,19,229,165,251,236,213,193,207,218,154,192,249,225,154,185,189,159,216,208,154,117,106,122,105,72,74,71,5,107,102,38,33,49,6,7,79,44,3,70,235,233,
184,250,207,214,153,226,237,179,233,183,140,198,131,158,147,110,121,124,59,108,45,7,24,9,12,116,121,96,106,77,84,88,74,174,183,186,189,190,150,155,158,159,128,250,252,229,232,237,204,196,200,197,45,52,57,47,14,23,26,22,
111,113,115,99,106,96,64,65,68,65,80,185,162,181,172,145,150,150,143,242,247,230,249,212,203,218,222,196,219,61,32,44,52,45,0,3,21,12,113,112,118,111,83,84,70,95,179,191,167,190,163,157,128,129,132,137,144,224,228,237,
241,208,212,207,131,43,38,110,112,3,120,95,116,16,23,56,123,101,5,97,2,1,11,20,239,241,180,253,202,199,216,151,181,238,235,170,189,140,204,130,145,140,120,99,123,57,105,64,84,86,91,108,37,37,49,0,6,31,71,219,
252,165,176,241,246,201,152,157,144,148,225,162,178,187,140,236,242,246,10,14,103,96,71,73,64,16,107,107,7,28,98,53,111,5,66,2,79,200,213,223,197,233,154,217,206,179,175,169,164,252,159,223,223,188,151,155,125,58,50,120,
87,72,88,75,42,40,37,72,77,72,0,31,23,232,225,177,202,237,160,201,203,154,216,173,165,251,128,207,145,203,105,106,40,101,96,117,64,95,66,29,66,120,101,122,107,110,86,91,66,72,175,182,186,148,136,153,156,131,233,248,
253,224,249,238,216,222,199,202,207,46,38,42,39,15,22,12,113,104,121,124,104,73,95,85,93,76,78,162,163,166,163,178,138,128,151,142,243,244,240,209,212,217,192,199,50,37,60,32,34,6,31,2,14,22,15,98,97,119,110,83,
82,80,177,181,186,160,144,149,145,129,128,133,255,226,227,230,235,242,194,198,207,211,50,41,41,93,13,8,72,46,101,22,57,10,118,53,26,89,71,39,178,224,227,233,246,205,223,146,163,172,169,190,201,147,192,205,148,104,110,46,
96,115,110,90,65,89,27,75,34,58,48,5,74,11,18,239,230,232,249,185,249,222,135,146,211,212,171,250,255,242,246,254,241,245,9,13,97,123,1,81,80,93,84,110,21,29,24,27,92,3,65,0,79,7,165,210,207,228,254,226,
148,252,248,225,171,151,136,137,154,155,153,101,39,58,55,119,112,87,89,80,96,27,45,96,26,24,73,11,237,244,170,209,190,224,139,198,221,151,210,160,181,177,174,147,204,130,204,48,51,37,52,21,10,19,22,30,118,123,119,127,
102,107,65,9,81,92,228,235,185,194,213,254,138,225,182,237,251,147,239,148,159,157,154,153,156,62,119,112,125,82,29,79,20,97,32,39,58,66,20,15,26,7,245,229,175,231,246,206,220,209,150,223,175,187,186,188,149,205,182,138,
43,38,111,96,71,14,3,6,19,67,36,53,58,120,58,15,7,89,20,188,180,182,189,253,245,224,227,244,171,249,184,231,175,221,186,167,188,166,91,53,125,114,1,122,105,116,15,113,38,124,20,83,19,94,57,219,200,202,222,195,
245,236,136,222,216,181,162,191,176,148,206,195,209,65,104,124,75,114,69,77,87,81,117,73,61,33,48,45,13,31,31,12,207,231,242,191,198,201,207,143,214,166,168,218,221,209,228,148,155,157,247,8,31,19,119,68,6,88,94,52,
32,46,59,76,30,94,92,92,30,248,255,246,237,244,206,216,146,151,226,170,180,188,130,139,203,176,112,53,119,109,52,126,66,67,21,102,17,36,118,51,48,66,15,11,30,234,245,248,167,223,159,159,156,133,248,253,253,228,233,239,
222,199,203,207,127,47,59,123,76,7,116,52,31,107,19,36,127,88,48,76,6,13,15,251,248,253,176,193,223,218,205,235,177,226,192,129,134,136,208,134,108,121,100,103,119,14,70,87,88,82,39,121,56,48,13,4,10,244,172,215,
248,185,133,204,195,213,156,145,231,251,246,187,176,134,215,137,158,116,96,121,84,12,94,30,30,12,39,43,62,121,113,8,7,24,25,10,250,248,245,183,138,135,208,175,167,169,160,240,186,157,208,138,136,42,104,125,100,58,65,31,
65,27,86,45,103,53,16,5,1,30,242,173,242,187,166,185,155,158,134,154,131,137,255,230,234,235,207,201,204,51,40,57,60,16,9,30,27,29,4,122,127,126,103,107,87,95,70,75,78,175,169,172,152,136,144,152,237,244,249,248,
253,215,218,215,222,199,202,62,63,38,42,42,15,9,13,118,104,113,106,77,84,89,84,93,183,187,188,190,167,171,154,206,158,155,219,187,248,131,148,191,203,162,117,46,56,80,44,85,94,92,91,88,44,97,48,63,58,45,92,14,
85,160,225,230,249,129,215,204,217,183,180,164,238,166,183,137,131,150,217,152,144,122,123,125,84,12,102,73,104,101,44,35,6,79,66,71,91,86,255,231,246,249,145,185,189,177,181,172,171,186,188,141,197,182,185,71,55,83,126,88,
31,64,103,67,117,77,22,105,42,61,23,3,28,9,169,243,187,176,235,200,204,193,158,239,173,186,189,180,175,153,155,150,212,41,53,117,114,66,68,69,30,29,50,119,53,47,71,13,0,1,87,211,188,226,184,245,206,149,208,205,
160,172,187,173,202,157,220,217,47,54,59,59,63,46,27,28,5,9,8,108,100,105,110,77,84,74,79,174,177,188,162,146,151,154,131,130,134,244,252,229,232,237,221,196,201,197,45,61,46,50,19,22,31,2,114,119,114,99,98,88,
93,92,69,73,73,189,164,168,171,141,156,141,146,243,246,243,243,210,214,217,195,194,57,57,109,61,56,120,94,21,102,73,26,117,5,42,73,87,55,66,240,243,249,230,253,207,130,211,220,217,191,249,163,240,253,132,152,158,222,112,
99,126,106,81,73,11,91,37,42,32,53,122,59,2,31,22,24,9,169,201,238,183,130,195,213,219,234,239,226,230,238,225,229,249,253,145,107,49,97,96,109,87,30,101,106,7,119,2,47,41,95,0,39,244,202,250,214,189,148,144,
153,211,204,211,177,162,179,177,140,206,210,223,111,104,104,65,72,8,115,68,9,50,48,113,51,54,47,82,41,86,8,162,254,245,191,202,215,202,169,182,187,228,171,229,216,219,221,204,206,34,43,46,54,47,18,15,23,14,115,118,
54,73,68,12,3,80,218,253,214,178,202,237,133,131,235,135,205,182,165,178,177,132,201,159,104,101,122,36,102,12,9,72,95,81,25,60,55,34,47,44,29,87,15,30,225,235,249,142,199,199,194,211,164,189,229,142,161,195,206,151,
152,158,215,59,62,59,107,75,66,82,96,34,39,62,65,12,84,92,93,86,213,218,215,167,195,238,249,143,208,247,179,154,170,166,196,140,131,33,90,93,72,32,76,90,100,10,93,114,63,17,33,29,4,10,37,65,231,225,252,235,
196,203,223,133,152,232,136,161,165,149,178,142,129,144,158,171,106,117,121,109,69,80,23,105,44,100,124,120,73,66,77,45,34,63,190,202,231,209,167,223,240,204,130,178,142,240,208,204,201,136,159,98,42,107,124,114,33,38,58,62,
94,81,48,82,85,105,1,6,25,161,224,231,233,168,175,207,192,214,159,235,144,148,158,169,235,144,204,173,53,75,40,112,77,18,98,64,59,124,4,33,38,63,13,22,91,85,57,255,227,184,221,208,212,213,212,164,161,232,239,206,
212,195,228,151,105,111,38,25,29,68,106,98,84,13,54,41,107,42,85,47,4,52,182,255,225,187,168,230,207,203,255,214,217,181,184,240,254,2,117,109,221,82,112,107,109,82,71,73,75,18,19,57,38,35,58,5,30,17,88,158,
0,1,187,180,171,250,243,232,174,247,188,163,209,144,223,165,158,189,56,105,127,45,38,97,81,93,110,45,44,62,59,16,78,66,8,246,233,232,251,250,248,194,152,157,152,208,190,182,184,177,193,186,142,195,121,123,42,104,76,85,
11,112,31,62,108,57,58,120,53,1,20,16,15,242,173,225,166,150,138,155,142,247,235,250,255,230,196,221,193,198,212,205,33,44,53,44,17,3,22,15,115,118,102,110,83,86,71,89,68,164,186,168,233,177,141,213,218,153,226,181,
141,249,129,150,205,219,162,62,116,127,125,77,70,75,30,87,80,44,35,125,47,116,65,19,20,26,162,244,254,235,214,213,197,143,176,169,174,188,177,246,142,158,155,154,156,102,62,69,106,11,6,94,81,39,110,99,102,72,19,56,
21,12,253,176,185,243,236,243,209,194,211,209,172,238,242,255,143,136,136,97,104,40,83,100,41,82,80,17,83,86,79,114,9,118,40,66,30,21,95,234,247,234,201,214,219,132,203,140,249,225,224,229,225,194,203,193,214,199,59,59,
42,47,18,11,24,114,104,126,123,124,83,81,16,88,85,29,225,178,201,238,197,129,232,207,148,242,154,225,147,144,154,133,158,98,39,110,121,116,107,6,68,31,26,91,61,51,123,45,6,19,9,242,234,168,248,241,199,197,200,159,
214,165,160,177,183,174,246,172,131,210,223,102,105,120,9,12,1,0,5,32,47,44,36,57,30,83,66,88,74,78,162,187,214,246,205,133,140,238,244,248,253,205,168,136,149,204,196,38,92,125,99,116,75,90,89,92,2,112,116,31,
1,8,4,14,224,230,226,176,247,211,196,205,198,223,213,161,251,173,242,255,132,157,136,103,97,102,107,9,12,7,121,67,47,58,35,59,56,63,44,28,24,23,27,251,239,242,157,222,136,216,175,161,180,228,219,185,176,184,158,199,
125,98,33,96,47,85,89,114,8,57,47,125,103,32,1,13,62,238,239,238,235,224,190,131,201,198,217,216,203,189,183,178,200,205,217,145,110,102,104,97,2,121,94,19,73,75,107,41,60,37,123,47,88,14,92,233,234,185,244,209,
196,192,223,177,238,177,246,230,203,218,222,199,219,202,32,33,52,45,17,22,21,12,113,124,101,111,82,83,70,95,67,183,167,190,163,166,183,134,129,148,141,240,236,245,236,209,220,197,207,51,55,119,39,50,67,68,15,108,67,23,
115,11,44,119,81,40,68,14,245,247,224,240,197,136,201,198,162,181,227,185,250,247,137,158,144,216,142,101,97,108,111,79,5,78,95,32,42,47,96,0,8,5,12,18,3,164,207,224,177,188,212,219,221,148,233,236,246,165,182,131,
146,154,62,47,109,122,125,75,88,89,91,86,20,120,117,53,50,2,4,22,94,221,242,183,228,222,135,205,192,193,232,147,252,162,248,181,159,213,144,141,96,127,104,109,10,93,29,8,111,126,124,99,98,90,92,92,71,74,161,167,
160,181,172,145,143,150,143,242,255,230,238,210,214,150,198,36,108,99,48,75,108,118,18,106,77,22,112,11,103,45,22,20,18,17,228,169,232,231,197,218,132,198,157,152,168,191,177,249,175,151,130,143,140,108,38,111,126,65,75,78,
1,39,39,34,51,53,29,69,46,1,80,93,247,248,254,183,138,143,151,251,166,161,170,149,136,156,209,201,205,37,64,120,123,36,44,30,123,91,70,127,110,98,115,49,8,30,238,224,225,226,247,169,153,129,242,212,213,162,176,183,
185,181,223,145,142,145,96,115,98,79,74,0,86,25,101,46,40,37,50,60,0,4,94,83,80,214,229,242,239,206,206,210,165,137,169,180,145,136,132,130,204,143,217,107,124,114,103,55,57,104,97,105,47,118,42,13,86,31,88,58,
232,195,185,232,254,159,148,243,210,222,237,191,190,191,186,145,207,212,102,113,102,111,85,76,70,67,25,28,106,34,61,53,59,50,83,40,15,66,248,229,188,198,203,218,140,158,233,191,237,184,187,202,135,130,151,147,125,96,63,96,
39,23,20,13,113,112,100,125,81,80,69,92,64,180,166,191,162,175,182,158,131,130,151,142,242,232,240,209,212,217,209,57,55,37,52,38,10,27,30,2,26,11,127,102,123,106,110,67,84,77,177,177,245,180,129,193,198,141,238,178,
145,237,141,162,192,222,174,202,136,139,102,113,114,71,10,75,85,32,55,97,59,75,70,15,0,22,86,249,234,231,226,233,241,148,204,221,162,168,188,243,130,138,135,142,99,114,34,81,102,63,11,74,93,83,18,120,125,116,39,52,
1,1,9,188,173,239,248,204,197,222,199,221,169,227,230,243,187,180,147,149,148,220,95,112,36,102,92,5,79,81,48,102,21,98,36,71,2,1,83,30,11,241,253,234,239,136,206,143,132,237,244,251,238,206,215,219,220,222,54,59,
55,63,38,29,1,24,9,13,117,121,104,109,84,73,88,79,179,170,187,191,147,139,152,157,159,143,254,252,237,239,240,209,197,201,209,48,53,47,50,19,23,29,2,114,118,126,50,122,119,8,31,84,39,8,202,182,198,233,138,148,
231,131,177,178,184,167,141,128,197,140,155,105,126,56,98,49,60,84,91,93,29,51,32,46,43,16,8,74,11,226,229,231,234,189,203,195,222,215,217,200,249,138,173,244,193,147,148,154,43,46,35,51,103,66,77,78,70,36,56,109,
97,104,65,60,28,23,64,176,164,182,211,195,222,151,142,243,247,231,157,139,157,130,148,157,150,106,44,37,53,94,64,90,86,92,35,37,48,98,5,18,5,12,240,225,227,254,188,226,132,145,210,220,201,181,179,180,168,202,207,213,
171,113,110,123,98,77,70,73,117,76,57,33,62,38,48,50,28,36,27,26,235,243,232,162,217,135,206,174,160,181,229,218,139,179,187,157,196,143,144,32,97,46,84,79,125,15,70,40,114,113,33,0,12,63,28,29,237,232,227,189,
177,200,199,216,217,202,171,184,181,247,202,199,135,111,103,105,96,48,122,93,16,74,72,25,40,61,36,122,1,78,1,91,22,237,167,245,208,197,193,222,195,237,178,245,229,249,232,223,198,218,203,206,38,59,42,46,17,11,13,112,
125,100,125,96,80,69,92,64,69,166,191,162,167,182,168,139,155,138,143,250,235,237,208,215,149,197,33,97,102,45,78,97,113,13,109,66,17,15,14,106,40,43,17,17,18,231,170,235,228,192,215,129,219,152,149,175,160,182,246,168,
138,135,130,137,145,35,108,125,66,72,77,2,34,42,39,46,48,18,66,49,6,95,90,234,253,243,178,183,138,148,199,148,161,176,169,220,205,143,152,159,101,126,103,125,120,50,6,19,91,84,92,53,52,124,63,16,85,6,252,165,
239,226,227,134,245,130,196,150,162,161,243,190,171,190,157,138,143,40,127,62,36,13,20,27,29,110,119,123,124,126,103,91,87,95,70,74,78,184,169,173,149,136,136,141,244,233,248,252,211,202,219,223,194,218,56,61,63,33,35,28,
5,8,5,108,117,105,110,28,76,73,9,237,166,213,250,201,132,244,219,152,134,230,237,167,172,174,137,138,158,211,98,109,104,108,10,80,3,14,87,41,47,111,33,50,47,5,6,22,92,244,244,251,241,196,139,202,209,172,165,171,
186,250,184,159,198,211,146,98,116,61,48,53,12,113,92,91,32,48,37,42,95,95,83,87,175,202,226,225,174,166,152,137,152,245,221,184,232,224,228,216,201,168,145,119,104,110,103,77,64,22,31,31,116,45,60,56,58,61,18,30,
68,27,244,235,249,234,203,201,196,134,185,238,235,168,182,156,139,149,154,142,212,56,59,77,111,72,85,87,87,44,35,15,39,19,11,4,28,26,231,226,212,245,245,253,214,208,132,199,225,179,180,186,159,207,224,160,89,81,103,62,
101,69,30,71,0,114,32,27,97,32,54,84,76,59,26,230,213,230,246,199,194,217,135,236,174,185,190,183,172,132,158,155,209,212,33,122,117,125,67,74,27,96,55,122,48,50,68,14,3,2,84,39,161,231,181,240,243,146,223,202,
223,171,180,168,247,152,223,223,195,53,57,56,60,37,25,24,29,4,8,15,126,103,106,103,78,87,75,74,175,182,186,144,136,153,156,129,152,254,248,253,227,239,160,219,214,158,145,34,72,111,68,0,120,95,107,117,21,113,35,32,
27,4,31,18,87,237,250,247,232,182,212,158,155,218,173,163,235,146,129,156,153,130,107,41,121,112,119,117,75,28,85,85,80,33,54,47,119,60,19,85,160,225,230,232,185,141,128,129,202,225,220,182,166,235,242,184,134,153,152,139,
106,104,114,8,13,8,64,95,38,40,33,113,10,30,83,9,11,90,24,252,229,187,192,143,209,156,169,170,232,165,145,132,128,159,130,221,113,56,43,58,43,44,3,27,10,14,113,116,109,80,92,68,93,176,180,165,188,160,160,134,
159,130,131,150,254,226,230,247,238,210,200,208,51,54,36,59,20,9,31,27,76,111,106,42,61,118,5,27,40,84,36,11,168,169,193,157,215,220,207,168,171,174,227,178,142,139,156,218,128,211,47,118,121,127,63,70,93,72,53,54,
38,125,21,4,11,1,20,168,233,225,252,245,202,219,155,232,207,150,244,189,178,132,205,192,212,45,65,108,107,67,83,70,90,15,3,103,2,58,57,102,110,90,77,80,205,229,225,160,144,149,133,255,173,179,164,170,187,184,140,210,
194,219,184,113,120,116,126,65,71,82,0,39,48,39,46,22,15,5,0,90,253,162,175,244,242,239,215,209,214,202,232,237,247,137,147,140,153,147,107,104,111,75,106,87,71,64,64,94,84,62,31,54,51,3,30,27,28,226,238,180,
228,130,195,196,202,207,238,193,144,137,129,128,193,130,149,206,119,33,83,112,107,17,80,85,119,124,11,42,7,52,7,6,23,18,254,184,188,254,233,206,214,205,212,174,171,242,247,194,138,133,141,98,107,43,80,103,42,87,77,20,
94,83,35,117,6,113,23,69,19,16,162,239,250,239,202,213,216,135,200,240,248,252,229,233,232,221,196,201,200,45,52,43,44,14,23,26,6,111,118,123,122,127,89,93,64,88,73,76,160,185,161,175,141,135,138,143,238,255,253,243,
218,222,199,222,195,60,113,57,52,124,66,17,106,77,102,98,9,46,117,83,59,87,12,247,245,226,225,195,134,207,216,213,202,229,167,252,249,184,143,146,218,140,103,114,110,109,77,7,95,78,38,36,41,126,55,55,3,18,20,13,
85,205,226,179,190,199,200,223,150,235,238,231,180,176,141,148,132,201,33,107,100,123,122,105,91,89,84,22,107,102,55,48,0,6,7,160,219,252,177,235,233,137,203,222,199,153,226,254,160,250,183,140,215,146,143,98,110,121,83,12,
83,20,0,24,120,125,105,121,96,89,94,79,67,82,179,167,170,179,146,151,146,236,245,248,253,252,212,216,221,221,196,200,56,62,37,40,50,26,5,23,14,115,118,112,89,83,68,85,73,169,184,189,165,232,176,142,214,217,154,225,
167,140,248,128,151,204,205,93,57,123,120,98,76,71,74,31,86,34,47,32,126,44,119,83,18,21,27,163,245,249,212,209,218,194,225,177,168,175,189,176,196,141,157,152,153,159,103,63,68,107,10,24,89,46,32,97,100,72,73,45,
8,23,20,255,226,230,171,175,159,159,250,210,209,254,235,240,173,133,144,209,48,53,57,33,67,73,95,64,86,95,84,40,110,103,119,28,2,20,16,226,229,235,246,156,195,220,195,210,178,163,161,188,254,160,198,211,144,158,139,115,
125,114,86,12,1,19,21,55,32,61,60,15,4,11,63,23,243,221,246,246,248,247,137,194,156,165,170,172,160,200,239,182,183,84,106,59,120,127,36,92,27,121,90,113,11,45,51,105,90,37,29,25,195,240,253,249,205,200,130,134,
212,195,165,172,167,190,180,158,220,209,220,108,107,122,124,77,5,118,89,127,61,55,110,52,8,25,79,44,91,13,176,253,246,188,201,212,216,212,179,182,225,165,212,211,198,223,195,53,39,62,34,37,55,1,4,0,16,113,103,104,
113,82,87,69,70,182,170,187,191,166,139,154,159,134,155,253,225,230,244,237,208,204,213,204,49,48,37,47,19,22,6,31,115,118,54,102,115,51,3,80,43,12,39,163,202,237,182,144,248,135,205,182,180,163,160,132,201,136,135,146,
133,36,102,61,56,121,95,81,25,79,36,49,47,44,12,70,30,15,225,235,238,161,240,199,194,211,213,204,148,142,161,240,253,132,139,158,215,42,47,38,121,86,73,72,91,90,39,34,120,125,82,85,5,20,10,22,175,225,251,247,
214,142,154,145,247,238,235,191,176,137,128,156,220,158,120,127,118,109,116,78,88,18,23,72,79,67,57,12,21,75,48,168,254,190,176,253,246,141,193,212,208,207,178,254,189,187,150,129,152,215,119,117,126,106,13,1,12,84,91,24,
36,55,117,45,36,2,19,82,8,176,175,166,162,139,193,222,193,167,188,165,191,186,193,196,209,153,150,158,115,122,58,65,86,27,64,66,99,33,36,18,68,55,64,6,84,224,227,177,252,233,252,219,196,201,150,185,230,234,233,207,
222,220,44,61,48,32,33,36,17,1,0,5,8,51,123,118,62,49,66,40,15,36,160,216,255,139,149,245,145,195,177,187,164,191,178,247,141,154,151,136,214,116,62,59,122,77,67,28,50,33,60,57,34,11,73,25,16,23,21,235,
188,245,245,240,208,214,207,151,156,179,245,192,129,134,136,217,45,32,45,101,125,79,64,56,63,51,55,58,49,123,45,2,16,27,229,240,160,250,147,137,129,203,196,219,169,186,187,185,180,246,218,215,151,144,96,121,112,0,123,92,
17,58,56,105,43,62,39,74,49,94,0,90,230,253,183,242,239,194,209,206,179,236,179,245,212,201,216,220,198,42,59,63,39,58,43,31,2,27,2,10,111,97,101,76,85,89,76,173,180,184,188,189,151,154,150,158,135,138,255,255,
230,234,238,216,201,205,57,40,57,44,17,88,0,13,85,41,106,17,38,13,72,48,7,92,74,34,169,235,232,210,205,198,218,239,166,161,172,144,206,156,199,210,147,101,107,51,101,126,107,65,74,82,96,48,56,63,13,0,71,14,
237,232,233,239,230,190,244,219,154,151,222,190,176,241,244,201,205,217,137,105,96,103,45,80,71,93,93,87,51,99,57,97,123,115,22,1,22,31,244,237,246,243,137,140,137,210,173,165,171,162,242,184,159,210,136,138,219,118,123,106,
60,127,25,79,29,40,43,105,55,18,7,3,28,1,175,240,182,166,187,157,129,131,148,141,241,224,245,236,209,212,197,199,55,42,51,55,15,22,26,30,31,6,125,97,120,105,108,88,89,72,77,177,169,171,175,147,138,155,159,250,
235,250,254,227,170,197,208,144,151,220,78,97,66,62,126,81,17,15,31,123,57,58,17,14,5,8,93,235,228,241,230,176,234,152,149,220,211,165,229,168,187,150,147,152,145,35,115,106,109,127,77,2,83,91,86,95,48,33,113,2,
21,95,90,27,236,226,163,183,138,139,155,134,147,173,162,180,222,209,228,248,156,159,221,115,119,109,121,71,82,2,73,113,107,99,41,17,6,15,4,29,23,227,185,188,185,241,206,213,219,210,226,153,175,226,152,154,203,137,107,122,
44,79,56,110,13,88,91,25,84,34,55,51,44,17,78,0,73,180,171,186,190,149,132,157,129,133,229,252,225,237,245,236,194,198,214,207,51,55,55,46,18,30,7,113,117,120,49,121,116,13,2,81,42,13,38,177,201,238,181,147,
234,134,204,183,181,162,142,131,198,143,152,149,123,37,103,60,57,75,92,82,26,76,39,35,46,45,13,71,31,225,230,228,233,190,198,198,195,210,212,205,230,141,162,243,254,135,153,159,214,43,46,53,0,80,64,73,94,101,59,44,
38,38,60,26,90,0,72,82,187,241,238,241,192,211,213,175,170,224,229,240,137,134,142,144,153,42,81,102,43,97,99,19,81,84,77,99,24,112,22,68,1,2,161,236,249,236,248,231,217,134,201,128,141,146,226,230,234,243,210,201,
205,44,53,56,52,13,20,25,29,29,4,123,127,126,103,107,86,95,70,74,79,254,177,188,196,203,136,243,181,158,234,146,165,205,219,179,207,133,142,125,122,121,124,49,64,80,93,50,108,62,116,65,0,7,9,81,244,239,250,231,
228,244,143,199,214,217,211,177,246,191,143,138,139,156,117,45,86,121,56,6,79,64,86,31,99,102,127,48,62,43,19,29,18,246,172,161,179,245,215,192,221,175,175,164,171,145,185,132,131,151,152,140,145,61,56,121,78,64,51,52,
72,76,32,43,66,20,11,25,21,19,255,167,229,165,183,152,210,205,210,163,176,176,178,143,205,192,205,110,105,105,111,126,7,116,91,14,76,70,112,50,55,46,64,59,85,11,161,236,231,190,203,214,203,199,192,180,227,180,228,228,
247,193,197,200,208,49,37,43,49,16,20,24,67,107,102,46,33,114,56,31,52,80,40,248,187,165,197,161,211,193,203,212,175,162,231,189,138,135,152,198,117,46,43,106,125,115,12,66,81,76,73,50,59,121,41,0,7,22,27,172,
229,229,224,192,198,223,135,236,195,229,240,177,182,184,216,221,208,212,33,100,116,122,2,84,75,89,36,34,63,103,37,90,66,57,26,30,19,189,189,255,232,207,198,206,215,173,168,226,246,195,139,132,140,146,100,44,79,96,37,103,
76,21,95,82,51,118,5,114,20,70,3,17,163,238,251,238,250,218,223,152,207,143,250,253,236,238,241,208,196,202,210,52,51,38,46,19,30,7,30,116,113,96,97,101,105,16,88,85,29,18,161,201,238,197,129,249,207,148,242,154,
246,188,144,154,133,158,147,214,110,121,116,107,53,68,31,26,91,44,34,123,45,6,19,30,29,234,168,248,241,246,197,200,159,214,214,211,177,183,174,246,189,146,210,223,102,105,111,9,12,1,5,16,64,33,40,63,117,43,60,5,
5,31,10,170,225,169,177,234,201,205,175,232,224,170,165,186,138,153,152,154,151,38,59,54,118,113,65,86,87,31,28,51,118,27,25,72,10,31,247,169,210,189,227,185,199,220,150,211,206,163,190,169,172,203,156,203,55,40,49,59,
60,20,27,29,29,3,12,98,99,102,99,114,66,71,66,83,178,182,173,221,141,136,200,223,229,150,185,138,246,181,154,217,199,167,195,96,99,105,118,77,64,18,35,44,41,62,73,19,64,77,20,27,238,174,224,243,238,235,193,217,
155,203,162,186,176,133,202,139,131,111,102,104,121,57,74,94,7,18,83,84,43,122,127,114,115,4,29,8,231,225,230,250,137,140,135,249,195,175,186,163,187,184,191,162,146,143,186,146,110,119,53,0,65,70,89,75,76,64,68,56,
0,74,28,19,1,29,234,231,191,237,173,152,144,218,181,170,171,169,136,138,135,197,216,38,102,97,113,119,71,15,108,67,6,68,41,120,58,15,22,72,34,173,243,169,228,204,134,195,222,211,223,185,188,251,172,226,234,216,193,203,
44,53,41,36,13,20,25,20,110,119,123,127,47,127,75,11,28,87,36,228,207,187,195,212,143,136,224,252,182,189,191,139,136,141,192,145,111,106,125,59,97,50,16,81,86,88,96,54,60,41,20,23,7,94,246,231,232,226,247,137,
200,192,221,212,218,164,252,135,168,201,213,156,147,101,44,33,55,11,6,94,70,87,41,107,61,50,32,31,21,0,80,10,178,185,177,251,212,203,202,202,171,169,164,230,202,199,135,128,144,150,96,48,75,108,33,91,72,25,91,46,
55,122,1,78,16,74,7,237,167,226,255,242,254,222,195,156,195,133,228,249,224,234,205,212,202,199,46,55,58,55,15,22,26,30,78,97,108,52,59,120,3,5,46,90,34,245,174,171,195,159,213,222,205,170,169,172,225,176,128,141,
130,220,142,213,49,112,119,121,1,68,95,74,55,52,36,127,23,6,9,3,22,166,239,255,250,251,204,197,157,230,201,232,246,191,176,134,207,194,214,47,96,110,123,67,77,66,70,28,17,99,5,39,48,45,12,31,20,27,207,231,
227,222,206,202,196,134,228,173,162,180,222,209,228,248,156,159,221,96,119,109,121,71,82,19,73,113,107,99,41,17,6,15,4,29,230,227,185,188,185,241,221,213,219,210,226,153,175,226,152,154,203,102,107,122,44,79,56,95,13,88,
91,25,84,34,55,51,44,17,95,0,72,176,171,186,145,148,132,157,128,134,229,252,224,228,164,199,210,146,149,222,93,99,64,60,124,83,0,113,25,117,63,36,23,0,3,22,91,26,230,243,228,178,232,139,151,222,209,167,231,174,
133,144,157,158,158,37,125,108,115,121,124,0,81,89,84,93,50,35,115,0,23,78,92,229,234,236,165,184,140,128,141,197,221,175,160,216,223,211,215,250,158,157,223,113,102,107,71,65,92,4,55,119,103,4,63,51,5,66,90,16,
15,16,240,227,242,240,205,144,149,224,168,167,175,128,137,201,178,133,200,113,115,50,112,117,93,19,104,23,73,99,49,50,64,13,24,13,232,247,250,165,234,144,147,130,131,132,138,227,226,230,233,243,210,200,196,44,53,57,44,13,
20,24,24,29,119,122,123,126,103,107,94,95,70,74,79,184,160,174,140,157,159,145,240,245,249,225,224,214,223,194,195,199,60,35,34,38,46,98,29,24,88,47,100,23,41,58,70,54,25,169,183,215,179,225,226,217,198,221,208,149,
220,188,185,174,200,146,208,221,100,107,109,45,80,67,94,91,64,88,107,59,50,53,55,21,90,27,19,238,231,248,233,137,250,221,132,226,163,164,170,251,207,194,198,211,131,147,117,122,56,110,65,83,74,88,53,109,63,108,76,47,
4,8,29,171,163,233,230,249,248,196,221,215,210,232,252,249,177,142,134,136,146,34,89,126,51,105,90,11,73,92,69,108,15,120,46,124,9,27,89,20,241,228,224,236,209,142,209,152,250,235,250,253,227,251,221,193,198,212,205,48,
45,53,44,16,20,22,15,115,115,102,127,83,82,71,94,66,70,160,161,165,168,176,137,135,149,132,246,233,235,238,210,202,219,222,54,43,58,62,36,4,29,1,1,69,21,113,49,54,125,62,17,33,93,221,242,161,174,254,154,216,
219,193,161,162,183,250,187,180,144,135,209,139,40,54,127,112,70,6,88,90,55,50,57,33,115,28,13,18,24,29,163,242,250,247,254,192,194,146,225,182,239,234,186,141,131,194,199,45,36,107,117,96,127,72,95,67,17,20,111,2,
40,55,18,11,18,17,230,194,243,255,200,199,223,217,219,214,159,176,177,176,168,129,223,218,155,108,98,17,22,42,46,34,70,34,104,62,49,35,14,8,5,93,15,79,188,223,244,248,205,138,147,217,182,169,168,148,141,135,130,216,
221,41,97,126,118,120,113,18,105,78,3,57,42,123,57,12,21,75,223,168,254,172,249,250,137,196,193,212,208,188,161,254,161,232,219,219,202,205,51,43,58,17,22,4,29,0,125,101,124,96,100,117,95,67,67,86,79,178,162,183,
174,146,150,144,241,245,248,224,230,221,197,212,198,217,200,62,43,58,35,41,31,6,11,12,111,118,108,81,25,65,76,20,234,169,210,229,206,137,241,198,157,139,227,238,164,175,173,138,137,155,46,103,96,109,83,13,95,4,17,80,
36,42,114,36,63,42,6,5,21,95,247,249,254,204,193,134,207,174,171,170,172,165,253,181,154,219,214,159,97,119,62,51,54,10,24,72,40,33,38,108,19,4,30,30,20,242,162,248,160,184,211,193,213,216,151,151,165,173,178,131,
144,129,146,111,45,32,45,125,73,73,79,94,22,101,59,110,44,38,127,18,23,14,160,219,164,235,129,204,199,141,216,182,171,167,160,165,195,148,197,206,215,206,38,40,48,17,21,26,17,112,117,113,97,83,87,91,66,67,71,190,
163,162,167,174,179,133,137,141,236,245,232,237,205,211,209,193,59,49,38,63,34,47,7,22,4,27,10,96,103,116,109,80,85,4,84,161,225,230,173,253,210,241,141,237,179,224,254,142,234,168,132,134,145,146,103,42,122,117,64,87,
1,72,107,102,47,32,54,71,25,10,7,2,9,254,180,236,253,194,217,220,147,162,170,167,189,131,146,194,177,134,46,43,106,125,115,5,24,29,20,91,37,33,62,56,15,19,65,87,172,210,248,231,211,202,194,193,214,242,180,160,
184,183,175,137,154,151,185,96,104,123,121,71,15,10,75,45,35,65,70,90,94,101,25,18,88,14,240,226,254,248,213,141,204,140,236,143,164,168,140,203,195,137,134,102,111,100,125,119,114,25,28,25,81,46,38,59,50,66,57,30,
66,248,250,171,233,252,218,140,239,152,206,156,184,187,249,180,145,151,147,140,113,46,113,41,26,11,26,29,3,100,125,97,102,116,92,65,77,85,76,176,167,182,175,147,147,134,142,243,242,231,254,213,217,192,193,197,200,33,38,32,
53,44,16,6,22,15,115,119,119,102,90,75,90,95,179,164,181,168,184,161,154,157,140,128,145,227,230,237,163,203,198,159,144,35,88,127,84,7,119,88,27,5,20,112,34,33,43,52,28,17,84,29,234,231,233,183,213,142,139,165,
170,172,236,162,177,157,152,131,155,217,137,115,116,118,123,12,84,84,81,32,38,63,72,59,28,69,80,17,231,233,184,189,176,135,146,194,210,219,172,247,169,190,148,148,142,116,44,126,62,62,108,71,75,94,25,17,40,39,56,57,
42,11,24,21,87,170,167,240,207,199,201,192,144,154,189,240,170,168,249,136,157,132,218,161,63,97,59,118,77,7,85,48,37,33,62,35,77,18,91,72,89,187,188,162,186,171,175,129,155,138,143,251,235,237,209,213,196,221,48,48,
37,60,33,32,6,31,3,7,22,15,98,103,119,104,86,84,77,177,180,164,189,144,148,133,148,136,153,251,254,229,250,227,215,223,206,204,211,58,33,48,17,20,31,81,104,101,45,34,113,57,30,53,81,41,14,164,162,202,166,236,
215,202,213,174,163,230,190,137,132,155,197,135,47,42,107,124,114,58,93,86,67,78,77,58,120,40,1,6,4,24,175,230,230,227,242,199,222,134,237,194,226,239,182,185,191,246,220,209,208,103,97,124,122,68,75,95,5,107,104,30,
60,59,38,6,6,29,18,62,7,228,244,243,211,205,214,211,138,171,166,174,137,132,139,141,153,223,43,106,125,115,17,57,61,49,53,41,34,121,47,0,18,14,8,246,174,252,188,188,238,197,201,220,155,147,182,161,182,191,148,141,
150,147,41,44,41,114,77,69,75,66,18,24,63,114,40,42,123,22,27,10,92,223,185,239,189,200,203,137,215,178,167,163,188,161,207,144,216,196,219,53,39,56,41,46,16,25,1,15,109,116,121,111,78,95,93,66,186,190,167,190,
163,163,209,153,148,220,211,224,138,173,134,194,186,142,213,51,91,55,125,87,85,66,65,84,25,47,56,53,42,116,7,92,89,24,239,225,186,236,199,210,223,220,173,231,191,174,177,132,137,222,151,151,146,114,116,109,53,126,81,19,
30,39,40,46,118,75,78,66,79,7,224,233,254,180,234,253,198,198,220,201,233,160,232,240,171,136,140,144,47,47,109,122,125,75,88,89,91,86,101,120,117,53,50,2,23,22,94,221,242,183,228,222,135,205,192,182,232,147,252,162,
248,132,159,213,144,141,96,127,104,109,10,93,12,8,111,126,124,99,85,90,92,92,76,74,161,160,165,168,177,139,129,150,135,251,234,234,239,215,154,194,207,96,103,44,79,96,114,14,110,65,18,12,15,107,41,42,16,15,21,24,
173,228,227,193,214,128,218,153,148,172,163,181,245,171,184,134,131,136,144,34,99,122,125,79,66,5,35,43,38,47,49,32,65,50,5,92,89,235,252,242,179,182,139,155,220,218,183,160,174,142,146,192,197,222,81,123,100,97,120,112,
64,87,123,91,70,16,50,58,60,11,78,92,229,234,236,134,153,172,160,200,223,209,179,199,219,179,180,186,211,146,149,155,9,14,121,78,64,1,12,111,2,0,63,101,49,94,63,71,57,75,19,255,160,208,242,218,157,242,175,176,
161,170,152,205,203,185,131,156,122,99,123,120,127,62,114,71,75,83,42,61,56,65,70,68,94,168,143,236,227,245,188,160,164,159,155,154,242,238,234,230,226,222,197,193,61,57,53,49,1,104,96,126,114,102,30,15,16,118,103,82,
78,74,70,66,190,165,161,157,153,149,183,173,170,170,172,189,198,181,136,162,134,188,56,68,69,108,41,108,74,114,58,112,117,2,16,34,63,7,73,240,191,237,253,212,159,229,222,212,129,254,176,188,136,129,134,192,213,103,112,103,
110,86,79,69,64,26,31,107,35,60,52,58,51,84,39,8,189,255,228,189,199,202,219,141,157,234,188,238,187,184,203,134,131,150,146,98,103,48,103,23,19,21,12,113,112,101,124,83,83,70,87,75,250,162,175,247,248,187,239,192,
227,159,159,176,242,236,188,216,154,138,112,111,100,105,60,68,67,78,65,31,77,121,116,61,50,4,85,11,24,245,240,251,240,130,210,203,204,222,162,229,172,188,185,143,145,128,208,163,116,60,57,120,79,65,0,22,107,111,64,34,
12,4,10,3,83,40,230,209,243,204,213,244,197,195,141,187,170,146,227,189,128,186,158,69,48,92,93,100,33,116,66,122,66,8,107,20,61,57,45,0,28,10,197,244,229,251,211,197,196,215,155,224,170,165,186,187,168,152,154,151,
213,40,37,118,113,65,71,70,31,28,51,118,52,46,72,10,31,6,88,35,189,227,185,244,207,150,211,206,163,175,184,172,203,156,211,220,223,57,61,33,56,41,28,6,25,8,12,113,122,107,110,82,74,91,78,182,250,162,175,192,
199,140,239,192,227,238,142,161,242,236,188,203,137,138,112,111,117,120,13,68,67,78,54,96,58,121,116,61,3,21,85,11,24,230,227,232,240,130,210,218,221,175,162,229,172,139,134,143,145,128,33,82,101,60,57,120,92,82,19,22,
107,111,81,85,60,13,42,231,208,193,216,224,238,153,215,222,253,131,252,182,178,158,172,141,135,159,144,116,105,35,8,66,93,66,83,64,32,34,63,125,112,78,30,25,25,31,238,183,196,235,158,220,214,224,162,167,190,240,186,197,
155,209,156,151,46,123,102,123,119,80,68,19,68,123,116,112,81,85,89,64,65,180,190,161,160,164,169,130,131,134,138,146,235,228,247,238,211,214,208,49,52,48,32,33,21,24,1,8,12,102,127,99,96,39,119,83,19,20,95,220,
243,199,131,251,220,135,240,152,244,190,165,167,131,128,149,216,153,150,114,101,51,105,10,24,89,46,32,104,62,4,17,28,31,31,85,254,239,240,250,255,129,208,216,213,220,162,172,244,191,144,193,204,100,107,109,36,57,15,6,85,
56,63,108,46,63,34,62,44,94,3,84,230,241,230,254,213,204,198,195,153,239,234,162,189,181,187,131,211,168,143,194,111,101,60,70,75,90,29,30,105,63,109,56,8,74,7,2,23,226,253,224,191,224,167,135,148,141,241,246,228,
228,214,201,208,212,46,55,58,63,111,63,11,75,92,23,100,75,15,123,3,20,79,72,32,188,246,253,255,203,200,205,128,209,222,170,189,251,161,242,208,145,150,152,32,118,124,105,84,87,71,13,54,39,40,34,55,73,8,0,29,
20,26,228,188,199,232,137,132,220,211,165,236,225,247,206,206,140,155,156,100,127,102,124,121,51,25,20,84,83,35,52,53,125,62,17,84,5,255,166,236,225,224,135,244,131,197,151,165,190,244,177,172,129,156,139,142,41,126,49,46,
14,23,27,31,111,118,122,125,46,126,76,20,27,88,35,244,206,186,194,213,142,139,227,255,181,190,188,138,137,140,193,144,159,109,98,60,110,53,17,80,87,89,97,55,63,42,23,20,4,78,247,230,233,227,246,134,207,223,218,219,
221,165,253,134,169,200,197,159,144,102,47,34,54,15,15,77,90,93,43,56,57,59,54,116,88,85,21,18,226,247,246,190,253,210,151,196,190,231,173,160,161,200,179,220,130,216,100,127,53,112,109,64,95,72,77,106,61,124,105,79,
86,90,94,168,185,189,160,184,169,157,134,200,144,157,165,185,250,129,150,189,216,160,119,44,58,82,25,91,88,66,93,86,42,127,54,49,60,0,94,12,87,162,227,245,251,131,213,206,219,177,186,162,240,160,136,143,157,144,215,158,
125,120,121,127,86,14,100,75,106,103,46,14,0,65,68,89,88,161,235,228,251,250,233,219,217,212,150,235,247,183,176,128,134,135,32,91,124,49,107,105,9,75,94,71,25,17,126,32,122,55,12,87,18,15,226,238,249,211,140,211,
148,131,233,248,253,230,249,232,222,195,218,203,206,51,59,42,46,21,90,21,96,32,39,108,15,17,50,78,46,1,82,191,207,171,233,234,193,222,213,216,237,164,180,129,150,192,154,217,37,108,99,117,53,88,75,70,67,72,80,115,
35,58,61,15,2,82,227,235,230,239,192,209,129,242,197,156,234,171,188,178,243,246,218,219,211,153,118,118,127,84,77,71,66,105,108,105,33,62,54,11,2,82,41,14,178,232,234,187,249,204,202,156,159,232,190,236,136,139,201,132,
129,103,99,124,97,62,97,24,11,27,10,15,114,116,109,81,92,68,76,177,180,165,188,160,146,134,159,130,142,150,254,226,230,247,238,197,205,208,49,52,57,96,8,5,77,66,17,25,62,21,113,9,31,68,66,42,70,12,224,234,
245,206,195,134,222,169,164,187,229,148,207,202,139,156,146,43,125,118,99,110,109,90,24,72,33,38,53,56,79,6,6,3,225,231,254,166,205,226,130,143,214,217,223,249,252,241,240,200,130,140,147,98,113,96,98,76,14,3,14,94,
40,40,46,63,119,4,4,73,3,1,160,226,246,239,129,250,133,200,226,175,164,238,187,151,138,134,129,132,211,107,44,43,48,17,5,1,17,112,117,124,114,83,87,88,19,91,167,239,224,179,200,216,235,151,231,200,235,228,132,224,
146,145,155,151,108,97,36,109,75,70,89,7,69,30,108,53,58,60,124,18,16,13,8,243,235,186,234,195,196,198,203,237,164,164,161,176,182,152,216,171,140,213,49,112,119,121,8,13,19,67,110,2,47,40,2,18,7,27,78,160,
234,229,250,251,232,216,218,215,149,232,229,182,177,129,135,134,223,92,115,54,116,110,8,74,95,70,24,99,125,35,121,52,15,86,19,14,227,239,248,236,139,220,147,156,159,249,253,226,248,225,218,221,204,192,209,48,38,43,99,11,
6,78,80,99,24,63,20,71,55,24,91,69,37,176,226,225,235,244,207,209,148,221,170,167,169,247,149,206,203,138,106,108,44,98,113,108,88,67,91,25,73,51,52,54,59,76,5,20,17,224,230,255,167,251,220,133,144,209,167,169,
248,253,240,241,166,147,130,138,63,46,125,106,77,68,95,41,43,38,100,121,116,5,2,18,20,21,93,205,226,167,229,223,151,221,208,177,231,148,204,146,200,133,158,212,96,125,112,124,107,93,26,77,2,10,110,102,106,110,79,86,
91,179,168,185,188,163,137,152,157,137,153,136,254,227,250,233,236,206,207,200,211,50,54,45,12,21,25,27,28,116,120,125,125,100,105,94,15,95,90,26,252,183,196,235,248,132,227,180,239,249,145,237,150,157,159,152,155,109,32,113,
126,123,108,27,65,18,31,38,41,56,64,22,13,24,244,247,231,173,229,244,200,194,215,152,217,209,189,180,186,171,203,167,136,41,36,109,98,69,12,1,4,29,63,67,13,51,58,54,13,18,20,16,66,229,237,242,195,208,193,195,
175,237,179,228,219,239,227,130,157,149,155,99,51,72,121,94,117,117,86,117,13,25,5,15,32,0,80,10,213,250,239,241,243,167,141,193,213,195,222,167,171,185,148,141,140,199,46,42,62,60,40,21,18,26,1,6,115,109,127,7,
52,47,73,90,14,226,252,233,238,210,192,221,196,166,252,229,225,227,226,219,220,193,196,195,202,36,42,45,24,23,14,15,99,105,67,68,107,111,40,1,28,29,182,173,225,245,227,209,199,203,217,180,173,189,231,206,202,216,213,53,
63,62,54,39,22,19,23,7,21,23,3,63,61,57,20,89,91,15,227,253,232,237,209,195,222,199,214,253,228,224,235,228,236,193,195,205,197,54,39,43,45,20,19,16,28,110,76,67,71,91,41,14,25,22,5,224,255,231,253,161,
130,199,219,197,160,182,186,187,150,143,142,212,44,40,50,56,37,35,31,1,4,9,11,121,109,97,106,80,71,86,45,238,239,250,179,129,213,201,215,210,196,191,181,160,177,184,203,218,214,202,49,48,47,41,21,21,30,22,117,114,
120,121,103,74,17,122,125,113,35,229,219,233,204,198,147,210,134,165,247,140,189,162,163,218,193,160,103,121,126,112,81,120,12,106,91,124,23,27,48,107,43,55,50,17,198,238,208,245,206,136,243,246,214,128,134,176,130,239,158,150,
188,148,154,113,40,89,112,86,73,79,102,32,117,19,36,26,40,60,22,67,17,69,230,167,220,252,227,226,138,145,144,168,190,161,128,161,136,250,253,157,99,117,31,100,52,56,105,80,127,37,18,18,11,19,29,91,21,235,192,182,
209,240,205,254,221,220,221,216,160,254,242,184,151,136,152,139,106,104,101,8,13,8,64,95,87,40,33,113,10,45,96,9,11,90,24,237,229,187,192,143,209,139,169,170,232,165,160,181,128,159,130,221,130,54,33,58,43,47,19,27,
10,14,116,107,122,81,84,68,93,64,181,165,181,167,185,168,159,131,154,139,142,250,251,234,238,212,203,205,48,61,36,61,32,20,84,4,17,81,86,110,13,34,1,125,44,3,80,78,222,186,239,212,214,193,194,215,235,170,165,176,
167,194,152,219,214,159,144,119,55,105,122,87,82,78,46,100,60,45,3,9,12,67,18,26,228,237,243,226,178,193,199,158,155,218,173,188,245,200,205,196,151,85,96,113,121,44,61,76,91,92,85,78,38,60,57,115,118,67,20,19,
227,229,228,172,254,209,148,214,204,230,172,161,160,246,133,195,133,215,146,145,35,113,108,65,77,90,78,105,62,113,126,125,87,91,95,94,71,75,184,191,166,170,175,152,137,140,240,232,251,239,205,221,223,193,192,55,59,34,35,38,
19,3,2,6,12,19,101,104,101,76,85,88,76,252,172,169,233,205,134,245,218,233,149,148,187,248,230,134,226,135,140,142,105,106,126,51,66,77,72,95,106,48,99,110,55,56,15,79,1,18,15,229,230,246,188,212,197,219,209,164,
235,170,162,140,133,139,154,218,88,127,38,51,114,117,84,29,16,21,108,0,60,59,0,16,5,10,191,179,186,162,223,206,197,146,131,155,246,177,172,229,237,208,197,213,175,110,112,103,122,75,72,77,19,2,107,24,58,53,49,5,
8,73,90,89,162,185,147,148,226,196,197,210,160,167,169,165,222,129,158,129,144,131,101,127,122,48,102,9,21,102,73,15,53,11,57,84,14,82,9,178,193,233,206,215,166,130,227,219,205,210,181,131,182,177,148,136,159,195,120,41,
59,62,19,7,116,105,81,112,7,49,3,110,31,6,63,23,25,242,171,204,241,206,211,199,218,254,152,191,129,163,185,139,198,156,192,155,32,83,123,92,101,7,20,109,45,51,36,59,53,8,7,26,30,237,172,245,250,252,208,152,
191,230,215,128,177,142,151,182,150,144,207,121,104,67,53,101,76,72,114,65,76,57,62,59,113,117,7,3,20,29,246,239,244,241,139,142,139,195,171,171,173,188,244,135,153,204,142,132,221,116,121,104,62,125,10,77,31,42,41,107,
38,20,9,5,2,7,161,246,169,165,181,172,130,142,150,135,245,234,234,237,210,203,216,50,40,48,63,60,37,24,28,29,4,8,10,126,103,107,110,78,70,75,79,254,174,171,196,203,136,243,196,239,234,146,165,254,232,179,207,133,
142,140,107,121,124,49,64,79,74,50,108,62,101,112,0,7,9,81,7,28,250,231,228,244,190,214,214,217,211,166,233,191,143,138,139,141,132,45,86,121,56,53,124,64,86,31,18,23,127,49,46,49,0,19,21,239,234,160,165,176,
196,204,133,238,243,168,246,153,183,141,232,176,128,177,145,103,116,53,0,65,70,72,104,79,67,33,62,54,11,2,82,41,41,4,212,226,212,234,241,238,240,139,252,185,252,220,186,143,189,129,179,61,89,64,97,44,119,65,121,65,
11,121,25,56,4,54,1,11,233,241,206,255,254,211,218,204,221,206,146,231,181,162,181,188,151,145,147,110,44,33,61,77,74,74,76,93,102,21,58,111,45,39,79,21,24,9,95,203,180,234,128,205,198,157,168,181,168,164,163,149,
194,149,197,193,39,62,35,34,55,46,5,13,16,121,125,100,110,83,73,81,89,174,183,187,191,190,167,154,158,159,134,139,135,248,233,237,213,153,208,221,101,106,41,82,86,125,9,113,70,29,122,18,110,36,47,2,29,22,27,174,
231,241,252,211,141,223,132,226,163,164,170,242,149,142,155,134,133,149,48,96,121,126,76,65,23,94,46,43,42,63,22,78,53,26,91,167,238,225,247,190,179,153,157,178,227,147,175,158,168,174,144,187,168,78,77,50,127,34,29,106,
75,87,116,36,53,55,51,62,15,13,81,85,231,240,231,253,214,207,197,192,235,238,235,163,188,180,141,156,212,167,136,61,110,100,61,71,74,72,30,29,106,60,110,10,9,75,6,3,22,229,226,231,176,231,137,134,149,140,241,241,
246,239,211,215,198,223,50,62,39,55,35,4,29,0,1,20,13,96,101,117,108,81,86,7,87,162,226,229,191,252,211,240,140,236,188,231,225,137,229,175,133,135,144,147,102,56,121,118,67,84,2,73,106,103,46,33,55,72,30,21,
0,13,255,255,181,237,252,195,218,223,144,161,169,164,188,130,147,195,176,112,33,44,117,122,124,4,25,28,21,70,21,51,34,42,95,78,29,10,237,228,255,230,203,198,132,153,148,212,162,178,180,181,253,173,130,199,133,127,38,125,
112,81,7,116,3,50,104,37,62,116,0,29,16,28,11,14,186,237,162,173,142,151,139,139,239,246,250,209,200,217,221,201,216,58,63,61,45,41,49,3,6,15,18,115,102,107,115,82,87,88,253,173,168,232,255,180,246,217,234,150,
230,186,249,231,135,227,145,131,137,150,109,96,37,67,76,73,94,24,51,96,109,52,59,61,78,0,19,14,11,240,249,187,235,194,197,208,165,234,171,163,190,134,136,153,217,170,141,39,50,115,116,122,26,31,18,19,7,34,58,1,
17,4,24,77,227,232,225,226,240,134,237,211,218,214,220,178,180,176,226,133,146,146,99,112,97,99,79,13,83,4,17,106,62,0,34,7,61,104,27,79,28,78,197,250,221,228,149,134,255,169,170,190,157,184,187,141,211,136,214,159,
97,119,106,50,21,124,107,70,7,49,7,57,51,51,37,38,73,247,186,180,211,242,254,252,223,222,223,218,177,240,244,134,145,134,158,117,108,102,99,57,15,10,66,93,85,91,35,115,8,47,98,15,5,92,230,235,250,189,254,137,
223,141,216,168,234,167,162,183,130,157,128,223,128,200,36,52,36,16,8,16,14,109,115,126,97,91,81,70,95,67,68,246,166,179,243,244,191,235,204,231,227,155,173,246,208,184,212,158,118,116,99,96,117,56,72,71,82,69,19,38,
125,120,57,14,0,89,15,228,241,252,255,204,134,222,207,208,171,174,225,176,184,181,147,149,140,212,95,112,48,61,68,75,77,23,106,111,102,53,6,2,19,27,78,95,29,229,250,251,232,201,218,215,149,232,229,165,177,129,135,134,
206,173,115,54,116,110,55,74,95,70,24,99,108,35,121,52,15,69,0,14,227,239,248,253,139,220,156,159,159,143,252,252,236,235,240,211,199,213,203,54,41,35,41,14,23,27,28,62,110,107,43,60,119,51,4,47,91,35,229,190,
168,192,156,214,206,204,171,168,173,224,128,143,138,157,219,126,37,48,113,118,120,17,71,92,73,52,55,52,126,22,7,8,19,230,169,232,224,253,203,205,196,156,231,200,248,245,188,179,133,223,210,215,46,66,111,121,66,82,71,91,
14,126,124,124,25,49,3,76,68,76,81,204,247,226,163,144,146,154,147,145,168,190,161,128,129,130,151,201,200,33,66,96,127,123,72,78,7,22,36,51,53,60,23,14,4,1,172,161,172,252,251,251,204,221,149,230,201,239,173,167,
254,132,137,137,223,92,43,125,47,77,70,12,89,68,40,36,35,38,113,38,65,68,86,73,178,170,163,175,143,159,152,189,237,232,168,191,244,182,153,170,214,166,137,57,39,71,35,81,67,73,86,45,32,101,3,12,9,30,88,2,
160,173,244,251,253,142,192,211,206,203,176,185,251,171,130,133,135,101,42,107,99,126,70,72,89,25,106,77,103,114,51,52,58,75,95,82,83,137,142,223,193,200,196,206,209,166,162,240,183,160,183,141,134,159,149,144,59,109,50,63,
80,66,72,52,45,38,43,35,77,64,67,35,16,228,234,247,228,243,240,212,153,253,205,162,170,185,178,133,156,137,76,100,103,108,118,112,88,19,2,22,73,91,39,35,50,49,4,11,84,169,170,218,233,207,193,204,223,216,219,173,
224,159,183,162,169,129,150,150,154,81,121,104,69,25,82,12,36,43,45,48,120,108,53,61,8,49,15,192,230,197,205,211,232,128,205,240,254,137,185,133,167,156,153,133,105,100,38,58,112,111,65,80,67,82,80,58,112,117,64,8,
7,30,224,233,169,210,229,155,209,211,146,208,164,189,243,136,247,169,212,145,146,32,109,120,124,72,87,90,5,57,113,120,98,99,102,94,67,66,71,75,83,165,168,173,140,151,139,145,249,240,229,250,209,155,195,206,150,153,43,80,
103,76,56,111,64,19,13,29,121,42,41,19,12,7,10,172,229,226,239,224,143,221,134,147,210,213,180,244,170,185,148,145,139,147,33,113,104,124,78,67,4,77,93,41,40,46,39,127,4,4,93,88,25,238,241,176,181,136,137,207,
203,172,165,190,167,189,137,195,198,211,168,125,87,66,114,36,86,0,90,82,3,113,3,51,1,92,62,1,228,224,231,234,187,190,140,213,218,220,149,202,138,138,167,166,144,181,139,80,80,70,69,27,86,27,21,114,83,40,18,33,
44,40,30,27,81,85,231,240,244,253,214,207,197,192,235,238,235,163,188,139,141,156,212,167,136,44,110,100,61,71,74,72,30,29,106,60,127,10,9,75,6,3,233,229,226,231,176,231,137,135,149,140,241,231,246,239,210,208,198,206,
50,54,39,62,35,29,0,1,5,8,48,120,117,61,50,65,41,14,37,161,217,254,180,146,250,150,220,176,186,165,190,179,246,142,153,148,139,213,119,63,58,123,76,66,27,77,38,51,62,61,10,72,24,17,22,20,232,191,246,246,
243,209,215,206,150,157,178,242,255,134,137,143,198,44,33,32,118,97,71,78,69,92,86,83,122,127,122,57,3,11,30,69,196,226,255,243,193,218,218,217,215,172,229,249,179,172,179,145,130,147,145,108,63,50,63,79,72,72,33,40,
104,19,36,105,18,16,81,19,22,252,178,201,182,232,130,222,213,159,170,183,170,137,150,155,196,139,61,61,33,32,37,40,2,3,6,2,18,115,103,106,115,82,86,78,172,181,185,189,188,148,152,153,157,132,136,248,254,238,233,242,
194,199,202,211,50,54,40,12,21,25,20,28,116,121,120,125,108,83,66,67,70,75,3,186,183,255,240,131,248,200,155,231,151,184,202,212,180,208,130,129,120,103,124,113,52,125,91,86,73,23,53,113,124,5,10,12,76,243,224,253,
248,227,251,138,218,211,212,214,170,253,180,180,177,128,153,136,40,91,124,37,1,64,71,73,24,110,99,103,104,2,63,3,22,7,20,13,247,176,251,193,201,205,147,145,169,168,174,180,175,142,194,173,140,128,73,39,69,127,112,115,
121,70,45,19,97,125,4,11,13,68,123,217,217,244,213,227,228,218,225,225,247,244,236,169,236,218,165,140,153,67,112,125,121,77,72,2,6,84,67,37,44,39,62,52,49,92,81,92,236,235,250,252,205,133,246,217,255,189,183,238,
180,185,153,207,172,219,141,48,125,118,60,73,84,88,84,51,54,97,54,84,81,70,95,67,182,167,190,162,165,183,129,134,137,144,243,246,245,229,212,201,216,207,55,42,59,62,35,11,26,30,7,27,12,99,120,110,100,29,92,89,
25,238,165,214,234,249,133,245,218,153,246,150,242,160,163,158,153,154,159,210,99,125,120,111,9,83,0,30,39,40,46,110,17,2,31,26,1,25,172,228,245,250,240,197,155,218,210,175,166,187,170,202,185,158,199,35,98,101,107,58,
63,5,28,82,77,82,50,33,48,50,15,77,83,94,241,227,254,237,207,206,219,205,220,169,190,180,252,172,179,130,129,139,148,111,98,50,65,88,92,108,11,17,35,36,8,18,18,1,39,90,45,15,244,231,208,249,136,159,154,225,
133,143,184,235,135,211,186,218,188,57,97,124,35,83,64,72,15,119,82,53,63,60,39,74,68,63,12,230,245,194,203,132,235,195,192,221,221,169,240,247,245,239,200,214,159,144,102,47,17,64,112,93,108,90,11,61,30,6,24,19,
85,0,69,67,60,246,242,216,235,214,210,212,209,235,239,173,186,138,139,152,153,155,103,37,56,53,117,114,81,87,86,30,29,50,102,36,30,71,13,239,246,168,211,188,226,137,196,223,149,208,205,179,191,168,173,202,140,205,200,47,
54,59,24,8,25,28,1,24,112,122,125,100,104,90,94,69,72,82,180,175,183,174,147,150,135,249,253,228,253,225,212,197,220,192,193,213,55,37,58,43,47,20,27,10,15,118,107,109,81,85,68,93,65,181,165,188,160,160,228,135,
146,210,213,158,140,163,128,252,188,147,215,49,89,53,127,100,87,64,67,86,27,41,38,51,36,114,40,90,87,30,17,231,167,238,197,208,221,222,175,229,189,172,179,185,143,192,145,153,148,157,114,99,51,64,87,17,28,37,42,44,
101,73,76,69,11,4,27,233,250,251,249,244,135,154,189,178,217,172,170,252,191,200,158,222,33,108,103,45,97,71,67,92,65,30,77,32,33,60,40,47,2,27,25,186,195,237,233,229,192,218,206,212,168,174,175,188,162,169,199,218,
222,219,155,123,18,21,41,77,78,29,55,119,115,4,34,39,66,70,20,3,229,236,231,254,244,241,156,145,156,172,171,171,188,141,197,182,153,63,125,119,46,116,121,89,15,108,27,77,31,61,54,124,9,20,24,20,243,246,161,246,
148,158,134,159,130,135,231,246,234,251,226,199,216,201,204,56,121,48,61,69,74,9,114,54,29,105,17,38,76,90,50,78,4,15,226,253,246,251,142,199,209,220,179,237,191,247,194,131,132,138,210,117,110,123,102,101,117,16,64,89,
94,44,48,119,62,14,11,10,31,246,174,213,250,187,135,206,193,215,158,228,249,253,248,179,146,213,143,207,59,76,122,95,10,14,76,91,45,36,63,38,60,57,68,89,84,20,19,227,244,245,189,254,209,135,197,191,230,172,161,145,
199,180,195,133,215,101,126,52,113,108,80,92,75,78,105,62,98,106,78,87,90,95,175,182,185,191,191,153,157,134,152,137,141,230,249,232,236,213,201,203,206,51,123,35,63,71,72,11,112,71,19,111,15,32,115,109,44,72,10,9,
243,255,244,249,140,197,194,222,177,239,189,230,243,141,130,148,212,138,104,101,96,107,115,1,66,91,92,46,35,100,60,12,9,8,14,240,160,211,228,189,184,200,223,209,144,149,232,255,250,170,138,131,149,223,117,53,49,75,65,91,
88,66,91,65,101,120,117,60,51,22,124,115,27,236,226,145,150,252,224,226,221,240,172,248,129,225,166,220,156,153,206,182,127,111,32,80,77,82,82,89,58,111,99,6,17,6,15,4,29,230,227,185,188,185,241,221,213,219,210,226,
136,175,226,152,154,203,102,107,122,44,79,56,95,13,88,91,25,39,34,55,51,44,17,95,0,73,187,171,186,144,149,132,149,137,233,248,252,224,249,232,223,198,218,195,201,46,38,42,41,15,22,12,117,104,121,125,97,73,88,92,
65,89,72,191,167,186,169,172,159,129,140,147,242,247,228,204,213,216,221,220,60,62,33,32,36,30,2,3,6,11,18,98,103,107,34,74,71,24,239,164,215,248,250,134,246,217,154,132,151,243,161,162,168,183,157,144,213,156,107,121,
110,8,82,1,12,36,43,45,109,35,48,30,27,0,24,90,251,242,245,247,250,141,219,211,174,167,169,184,201,186,157,196,209,99,100,106,59,62,51,3,1,30,49,90,45,60,117,106,110,69,80,161,213,224,227,246,134,206,199,193,
198,214,174,170,221,132,150,150,203,153,67,52,73,46,110,111,24,67,65,112,25,118,48,120,35,10,18,5,15,29,241,249,232,154,231,199,211,175,160,170,185,202,128,159,128,145,130,98,96,125,63,50,21,61,81,90,96,27,45,19,
17,52,14,91,234,190,237,191,212,244,234,235,130,153,232,184,187,175,140,137,138,158,221,117,109,108,99,40,47,35,94,81,38,39,35,123,49,46,30,23,12,21,239,234,177,180,171,172,160,183,174,169,169,175,190,199,180,155,135,189,
202,64,95,32,68,24,95,9,106,119,14,16,50,81,91,13,15,31,226,177,200,246,227,255,213,198,206,213,163,176,241,245,135,144,135,157,118,111,101,96,11,14,11,67,92,84,45,60,116,7,40,93,14,4,93,231,234,232,190,253,
138,220,142,170,169,235,166,163,182,133,130,135,208,135,41,38,53,44,16,19,22,7,117,106,123,127,85,75,90,94,70,245,165,176,240,247,188,238,193,226,158,158,177,241,239,191,219,153,139,113,110,101,104,61,75,68,81,70,16,74,
120,117,60,51,5,86,8,27,246,243,248,241,131,211,202,205,223,173,226,179,187,182,142,144,129,209,162,117,63,58,123,76,66,3,23,106,110,101,1,1,28,27,31,6,19,163,194,240,235,235,196,196,233,202,163,178,168,150,151,130,
134,180,44,110,121,126,119,108,68,94,91,17,20,114,58,53,61,3,10,91,32,247,186,240,242,132,206,195,194,148,150,225,167,245,176,179,210,159,138,159,107,116,104,55,88,17,19,108,125,127,96,97,101,95,65,72,66,85,78,160,
186,162,174,142,134,139,138,239,246,250,208,200,217,220,195,137,32,45,117,122,57,113,70,109,25,97,54,124,106,2,94,20,31,242,237,230,235,190,198,193,204,195,157,207,231,242,179,180,186,194,133,158,139,118,117,114,0,80,73,78,
92,32,103,46,62,59,58,15,6,94,37,10,186,183,254,241,199,142,148,233,153,242,139,181,145,191,140,157,128,111,38,59,28,19,23,58,104,124,118,49,115,56,84,53,93,35,176,232,229,186,218,248,211,148,252,217,206,215,181,174,
243,253,179,145,146,103,62,40,46,15,11,68,76,69,93,100,40,62,57,53,29,91,40,15,11,201,169,204,235,156,240,148,171,245,158,251,154,191,134,221,219,216,212,45,126,100,57,51,19,22,9,105,78,65,84,4,11,13,68,123,
143,239,224,246,156,255,193,215,158,177,181,249,245,252,161,165,200,177,110,106,121,7,78,111,72,29,87,117,123,14,96,24,17,110,26,8,74,211,188,234,179,233,192,200,223,182,164,175,175,166,236,168,128,157,153,158,156,96,48,122,
85,74,90,73,40,42,39,101,61,50,35,41,16,56,179,219,163,207,240,134,225,225,247,241,237,211,212,136,131,201,131,109,114,42,126,58,14,11,91,91,82,85,112,38,61,40,21,22,23,93,228,235,237,148,171,207,204,142,220,168,
191,239,140,163,149,128,165,159,202,104,45,126,44,103,71,104,122,115,104,11,15,23,9,10,13,31,18,232,176,224,240,249,206,149,203,216,181,176,187,176,194,131,132,138,9,14,84,97,71,32,102,81,91,121,121,20,97,1,18,19,
78,71,33,214,207,205,236,237,159,255,159,235,220,250,133,141,147,237,209,159,196,213,107,46,69,74,107,97,72,96,123,19,123,23,56,94,57,41,63,73,86,185,202,237,211,209,244,221,136,170,254,173,238,165,133,170,171,194,38,77,
81,71,104,121,84,81,19,12,113,127,115,123,81,80,90,117,138,235,228,236,242,196,140,239,205,226,169,155,151,177,147,181,197,148,205,90,127,55,64,121,93,28,109,115,29,47,49,63,105,57,33,55,79,12,175,213,220,236,195,203,
222,159,175,168,168,174,136,200,179,155,134,129,105,75,121,125,76,2,98,98,72,110,39,43,98,83,75,91,101,141,225,234,176,203,221,227,193,228,222,139,186,238,189,239,164,132,186,187,50,41,74,97,116,65,88,83,92,116,112,121,
51,44,51,17,2,19,17,236,191,178,191,207,200,200,161,168,232,147,164,233,146,144,209,147,150,124,50,73,54,104,2,94,85,31,42,55,42,9,22,27,68,11,179,177,161,160,164,168,130,131,135,131,146,243,230,235,162,202,199,152,
111,36,87,120,75,6,118,89,26,4,100,115,33,34,40,55,29,16,85,28,235,230,238,136,210,129,140,213,171,173,237,163,176,158,155,128,152,218,138,114,117,119,122,13,68,83,46,39,41,56,73,58,29,68,81,16,228,234,187,190,
179,190,199,223,222,209,227,185,172,221,137,137,152,105,43,123,108,117,61,7,23,2,31,48,70,54,59,40,58,10,30,92,223,240,198,252,240,194,159,197,137,161,251,136,176,151,158,222,221,182,186,175,106,108,127,72,25,21,21,39,
48,39,46,37,15,5,0,90,95,90,227,252,244,250,243,148,231,200,253,191,181,253,135,138,155,205,174,42,124,46,123,120,11,70,67,86,82,77,39,112,39,87,84,68,76,177,189,165,188,146,147,134,159,131,132,182,230,243,179,180,
255,171,140,167,35,91,109,54,16,120,20,94,54,52,35,32,53,120,8,7,18,5,83,230,189,184,249,206,192,153,207,164,177,188,191,140,198,158,143,144,107,110,33,112,120,117,83,85,76,20,31,48,112,125,4,11,13,87,170,175,
170,250,250,194,197,143,210,199,134,189,181,172,180,206,135,152,153,41,40,56,38,18,15,32,39,87,43,56,42,58,49,76,47,0,54,12,209,242,175,245,153,194,152,248,160,135,142,255,205,166,170,191,154,131,111,120,41,37,62,117,
69,27,29,53,45,63,48,66,7,26,83,238,230,255,231,189,229,205,212,156,129,140,248,245,188,179,133,239,243,151,100,38,85,122,109,87,122,72,5,32,116,55,101,30,62,48,49,72,83,192,196,215,241,198,195,151,130,235,161,190,
161,176,156,133,159,154,208,213,49,121,118,126,64,90,26,97,54,123,49,34,67,1,4,29,83,215,160,230,180,241,195,145,220,201,220,168,164,169,246,153,209,222,211,50,55,62,35,21,25,26,28,5,9,123,125,100,105,108,77,71,
75,74,255,175,187,251,204,135,244,219,159,235,147,164,255,233,176,204,134,141,143,123,120,125,48,65,78,90,77,107,49,98,111,1,6,8,80,6,236,249,228,231,247,189,198,215,216,210,167,232,184,176,141,132,138,116,44,87,120,57,
52,76,67,85,28,17,20,114,34,50,59,12,87,36,20,241,254,239,250,200,204,253,128,224,145,187,236,184,184,154,154,216,136,159,102,63,118,126,87,79,5,50,37,38,40,63,8,65,64,46,1,55,254,195,241,172,246,154,208,138,
249,161,134,152,209,202,162,133,132,113,108,127,67,116,119,73,87,26,101,74,29,39,10,56,85,15,68,231,181,206,238,209,225,152,131,251,220,190,186,183,164,136,191,157,144,158,214,42,13,21,69,72,91,73,40,35,105,18,37,27,
26,63,21,64,18,70,244,166,221,253,226,252,141,238,133,137,129,142,129,140,208,204,221,108,123,124,117,110,70,92,89,19,22,99,52,51,3,5,4,76,222,241,180,246,236,134,204,193,192,150,229,227,165,247,178,177,195,145,140,97,
109,122,110,9,94,17,30,29,119,123,119,126,111,109,67,66,69,74,2,189,184,248,207,132,247,201,154,230,150,185,250,215,183,211,129,130,121,102,125,112,53,124,92,89,78,104,50,97,125,4,11,13,77,240,227,254,251,224,248,139,
219,210,213,215,218,250,187,179,142,135,152,137,41,90,125,36,2,67,68,74,27,30,98,111,39,63,62,30,84,39,23,242,253,253,199,205,193,248,157,150,158,188,243,191,134,159,135,221,132,146,126,60,71,114,116,19,115,92,46,4,
12,10,86,62,37,28,88,175,212,251,221,231,202,215,130,208,132,167,228,159,191,160,161,216,208,67,71,89,126,119,66,79,0,6,30,101,122,57,57,40,8,91,11,28,229,173,214,234,236,214,251,201,245,175,243,168,226,145,142,177,
176,201,210,74,124,109,105,68,87,104,95,44,33,47,103,105,110,14,3,0,18,229,246,180,199,232,255,197,232,218,247,173,226,185,211,160,136,175,71,54,37,78,82,101,67,84,81,5,1,121,51,44,51,2,17,19,17,236,174,163,
191,207,200,200,206,223,232,147,164,233,163,161,209,147,150,143,33,73,54,104,2,79,68,31,42,55,42,38,33,27,68,11,67,75,161,160,164,169,177,144,135,130,146,243,246,251,243,210,214,223,195,53,57,58,60,37,40,28,29,4,
8,9,60,127,122,58,13,70,36,11,216,164,212,251,143,153,241,141,199,204,191,184,187,190,243,145,158,155,140,42,112,50,63,70,73,79,15,54,45,56,37,38,7,77,5,20,27,17,247,184,249,241,204,197,218,203,235,152,191,201,
196,141,130,148,221,33,36,49,97,113,120,92,22,101,85,48,46,63,5,15,3,58,176,208,208,250,173,188,196,204,197,221,151,168,190,185,181,172,202,168,149,171,52,77,106,79,101,109,120,4,29,6,63,123,103,112,75,64,75,71,
78,171,183,250,241,199,135,140,224,171,186,236,189,132,157,133,223,135,152,106,58,39,34,46,26,23,94,81,39,77,85,63,62,18,91,50,178,220,238,240,254,155,250,226,244,140,207,253,148,157,173,130,138,153,61,91,113,86,69,111,
107,69,127,97,121,32,97,14,35,116,48,49,9,30,238,253,178,225,202,207,192,164,182,225,172,161,249,181,133,128,143,158,85,127,115,74,47,119,96,74,108,116,97,70,4,11,13,68,123,140,213,201,219,228,174,203,135,230,142,240,
242,181,176,215,175,133,132,59,75,102,121,120,64,83,6,16,120,85,38,33,119,39,35,84,42,21,246,229,228,238,129,233,198,204,213,163,174,239,242,132,130,136,155,131,168,151,125,126,104,0,80,71,29,53,42,46,42,14,3,68,
76,94,69,162}
local _XH2m4uS7csYF=191 local _Btl4y3SCcGn=65
local _kM8p0Pkw = math.floor(39 / 4)
local function _zQN4aZx3vp0J2c2i(_YP2v3xt7,_ILP7kd)
    local _Yv6wq4FJ6N1=(_XH2m4uS7csYF+(_YP2v3xt7*7)+(_Btl4y3SCcGn%13)+(_YP2v3xt7*_Btl4y3SCcGn%17))%256
    if bit32 then return bit32.bxor(_ILP7kd,_Yv6wq4FJ6N1)%256 end
    local _r=0
    for _bit=0,7 do
        local _a=math.floor(_ILP7kd/(2^_bit))%2
        local _k=math.floor(_Yv6wq4FJ6N1/(2^_bit))%2
        if _a~=_k then _r=_r+(2^_bit) end
    end
    return _r%256
end
if "" == nil then
    local _rQ8UyZ3t5 = math.floor(40 / 10)
    local _Bk3DFx = string.rep("_nH2HJ", 2)
end
local _uC3Or7ed7rSM2xd={}
for _YP2v3xt7=1,#_KA6dzolS2jD4Eo7E6A do _uC3Or7ed7rSM2xd[_YP2v3xt7]=string.char(_zQN4aZx3vp0J2c2i(_YP2v3xt7-1,_KA6dzolS2jD4Eo7E6A[_YP2v3xt7])) end
local _Cy6UcuL = select("#", 2, 5)
local _Mzl3H6Q3Yrx0g8=table.concat(_uC3Or7ed7rSM2xd)
;(loadstring or load)(_Mzl3H6Q3Yrx0g8)()
end
if "" == nil then
    local _yv2JwE2 = type("_iz0s7q") == "string"
    local _lLmMmM = math.floor(89 / 9)
end
local _iscc8zl = (function() return 9972 end)()